/*========================================================================  

             mcfg_sw_gen_devcfg.c

 DESCRIPTION
  This is an autogenerated file and contains the DEFAULT MCFG Item defintions used
  in the MPSS image and weaved into the main image using DevCfg approach.

 Autogenerated on :2017-07-19   

 MCFG XML Source File : C:\AT_Build\July19\mcfg.mpss.8.0.July19_at80_1\modem_proc\mcfg\mcfg_gen\generic\common\Default\mcfg_sw_gen_Default.xml
 MCFG Format Ver : 04  

 Copyright (c) 2007-2017 by Qualcomm Technologies, Incorporated.  All Rights Reserved. 
=========================================================================*/ 

const unsigned int  mcfg_cust_data_sw_size = 32900 ;

const unsigned char mcfg_cust_data_sw[] = { 
 /* MCFG Header */
  'M'  ,'C'  ,'F'  ,'G'  ,0x04 ,0x00 ,0x01 ,0x00 
 ,0x28 ,0x00 ,0x00 ,0x00 ,0x00 ,0x00 ,0x00 ,0x00 

 /* NV_CUST_MCFG_VER */
 ,0x83 ,0x13 ,0x04 ,0x00 ,0x02 ,0x00 ,0xE0 ,0x08


 /* EFS file:  modem_proc/datamodem/datacfg/efs/default/bandpref , Size = 741 bytes 
   Path on Disk: /ds/atcop/strings/bandpref */ 

 ,0x10 ,0x03 ,0x00 ,0x00 ,0x02 ,0x09 ,0x00 ,0x00
 ,0x01, 0x00 ,0x1B ,0x00 ,0x2F ,0x64 ,0x73 ,0x2F
 ,0x61 ,0x74 ,0x63 ,0x6F ,0x70 ,0x2F ,0x73 ,0x74
 ,0x72 ,0x69 ,0x6E ,0x67 ,0x73 ,0x2F ,0x62 ,0x61
 ,0x6E ,0x64 ,0x70 ,0x72 ,0x65 ,0x66 ,0x00
 ,0x02, 0x00 ,0xE5 ,0x02 ,0x22 ,0x31 ,0x2E ,0x42
 ,0x43 ,0x30 ,0x5F ,0x41 ,0x22 ,0x2C ,0x0A ,0x22
 ,0x32 ,0x2E ,0x42 ,0x43 ,0x30 ,0x5F ,0x42 ,0x22
 ,0x2C ,0x0A ,0x22 ,0x33 ,0x2E ,0x42 ,0x43 ,0x30
 ,0x22 ,0x2C ,0x0A ,0x22 ,0x34 ,0x2E ,0x42 ,0x43
 ,0x31 ,0x22 ,0x2C ,0x0A ,0x22 ,0x35 ,0x2E ,0x42
 ,0x43 ,0x33 ,0x22 ,0x2C ,0x0A ,0x22 ,0x36 ,0x2E
 ,0x42 ,0x43 ,0x34 ,0x22 ,0x2C ,0x0A ,0x22 ,0x37
 ,0x2E ,0x42 ,0x43 ,0x35 ,0x22 ,0x2C ,0x0A ,0x22
 ,0x38 ,0x2E ,0x47 ,0x53 ,0x4D ,0x5F ,0x44 ,0x43
 ,0x53 ,0x5F ,0x31 ,0x38 ,0x30 ,0x30 ,0x22 ,0x2C
 ,0x0A ,0x22 ,0x39 ,0x2E ,0x47 ,0x53 ,0x4D ,0x5F
 ,0x45 ,0x47 ,0x53 ,0x4D ,0x5F ,0x39 ,0x30 ,0x30
 ,0x22 ,0x2C ,0x0A ,0x22 ,0x31 ,0x30 ,0x2E ,0x47
 ,0x53 ,0x4D ,0x5F ,0x50 ,0x47 ,0x53 ,0x4D ,0x5F
 ,0x39 ,0x30 ,0x30 ,0x22 ,0x2C ,0x0A ,0x22 ,0x31
 ,0x31 ,0x2E ,0x42 ,0x43 ,0x36 ,0x22 ,0x2C ,0x0A
 ,0x22 ,0x31 ,0x32 ,0x2E ,0x42 ,0x43 ,0x37 ,0x22
 ,0x2C ,0x0A ,0x22 ,0x31 ,0x33 ,0x2E ,0x42 ,0x43
 ,0x38 ,0x22 ,0x2C ,0x0A ,0x22 ,0x31 ,0x34 ,0x2E
 ,0x42 ,0x43 ,0x39 ,0x22 ,0x2C ,0x0A ,0x22 ,0x31
 ,0x35 ,0x2E ,0x42 ,0x43 ,0x31 ,0x30 ,0x22 ,0x2C
 ,0x0A ,0x22 ,0x31 ,0x36 ,0x2E ,0x42 ,0x43 ,0x31
 ,0x31 ,0x22 ,0x2C ,0x0A ,0x22 ,0x31 ,0x37 ,0x2E
 ,0x42 ,0x43 ,0x31 ,0x32 ,0x22 ,0x2C ,0x0A ,0x22
 ,0x31 ,0x38 ,0x2E ,0x42 ,0x43 ,0x31 ,0x34 ,0x22
 ,0x2C ,0x0A ,0x22 ,0x31 ,0x39 ,0x2E ,0x42 ,0x43
 ,0x31 ,0x35 ,0x22 ,0x2C ,0x0A ,0x22 ,0x32 ,0x30
 ,0x2E ,0x42 ,0x43 ,0x31 ,0x36 ,0x22 ,0x2C ,0x0A
 ,0x22 ,0x32 ,0x31 ,0x2E ,0x47 ,0x53 ,0x4D ,0x5F
 ,0x34 ,0x35 ,0x30 ,0x22 ,0x2C ,0x0A ,0x22 ,0x32
 ,0x32 ,0x2E ,0x47 ,0x53 ,0x4D ,0x5F ,0x34 ,0x38
 ,0x30 ,0x22 ,0x2C ,0x0A ,0x22 ,0x32 ,0x33 ,0x2E
 ,0x47 ,0x53 ,0x4D ,0x5F ,0x37 ,0x35 ,0x30 ,0x22
 ,0x2C ,0x0A ,0x22 ,0x32 ,0x34 ,0x2E ,0x47 ,0x53
 ,0x4D ,0x5F ,0x38 ,0x35 ,0x30 ,0x22 ,0x2C ,0x0A
 ,0x22 ,0x32 ,0x35 ,0x2E ,0x47 ,0x53 ,0x4D ,0x5F
 ,0x52 ,0x47 ,0x53 ,0x4D ,0x5F ,0x39 ,0x30 ,0x30
 ,0x22 ,0x2C ,0x0A ,0x22 ,0x32 ,0x36 ,0x2E ,0x47
 ,0x53 ,0x4D ,0x5F ,0x50 ,0x43 ,0x53 ,0x5F ,0x31
 ,0x39 ,0x30 ,0x30 ,0x22 ,0x2C ,0x0A ,0x22 ,0x32
 ,0x37 ,0x2E ,0x57 ,0x43 ,0x44 ,0x4D ,0x41 ,0x5F
 ,0x49 ,0x5F ,0x49 ,0x4D ,0x54 ,0x5F ,0x32 ,0x30
 ,0x30 ,0x30 ,0x22 ,0x2C ,0x0A ,0x22 ,0x32 ,0x38
 ,0x2E ,0x57 ,0x43 ,0x44 ,0x4D ,0x41 ,0x5F ,0x49
 ,0x49 ,0x5F ,0x50 ,0x43 ,0x53 ,0x5F ,0x31 ,0x39
 ,0x30 ,0x30 ,0x22 ,0x2C ,0x0A ,0x22 ,0x32 ,0x39
 ,0x2E ,0x57 ,0x43 ,0x44 ,0x4D ,0x41 ,0x5F ,0x49
 ,0x49 ,0x49 ,0x5F ,0x31 ,0x37 ,0x30 ,0x30 ,0x20
 ,0x22 ,0x2C ,0x0A ,0x22 ,0x33 ,0x30 ,0x2E ,0x57
 ,0x43 ,0x44 ,0x4D ,0x41 ,0x5F ,0x49 ,0x56 ,0x5F
 ,0x31 ,0x37 ,0x30 ,0x30 ,0x22 ,0x2C ,0x0A ,0x22
 ,0x33 ,0x31 ,0x2E ,0x57 ,0x43 ,0x44 ,0x4D ,0x41
 ,0x5F ,0x56 ,0x5F ,0x38 ,0x35 ,0x30 ,0x22 ,0x2C
 ,0x0A ,0x22 ,0x33 ,0x32 ,0x2E ,0x57 ,0x43 ,0x44
 ,0x4D ,0x41 ,0x5F ,0x56 ,0x49 ,0x5F ,0x38 ,0x30
 ,0x30 ,0x20 ,0x22 ,0x2C ,0x0A ,0x22 ,0x33 ,0x33
 ,0x2E ,0x57 ,0x43 ,0x44 ,0x4D ,0x41 ,0x5F ,0x56
 ,0x49 ,0x49 ,0x5F ,0x32 ,0x36 ,0x30 ,0x30 ,0x22
 ,0x2C ,0x0A ,0x22 ,0x33 ,0x34 ,0x2E ,0x57 ,0x43
 ,0x44 ,0x4D ,0x41 ,0x5F ,0x56 ,0x49 ,0x49 ,0x49
 ,0x5F ,0x39 ,0x30 ,0x30 ,0x22 ,0x2C ,0x0A ,0x22
 ,0x33 ,0x35 ,0x2E ,0x57 ,0x43 ,0x44 ,0x4D ,0x41
 ,0x5F ,0x49 ,0x58 ,0x5F ,0x31 ,0x37 ,0x30 ,0x30
 ,0x22 ,0x2C ,0x0A ,0x22 ,0x33 ,0x36 ,0x2E ,0x57
 ,0x4C ,0x41 ,0x4E ,0x5F ,0x55 ,0x53 ,0x5F ,0x32
 ,0x34 ,0x30 ,0x30 ,0x20 ,0x22 ,0x2C ,0x0A ,0x22
 ,0x33 ,0x37 ,0x2E ,0x57 ,0x4C ,0x41 ,0x4E ,0x5F
 ,0x4A ,0x41 ,0x50 ,0x41 ,0x4E ,0x5F ,0x32 ,0x34
 ,0x30 ,0x30 ,0x22 ,0x2C ,0x0A ,0x22 ,0x33 ,0x38
 ,0x2E ,0x57 ,0x4C ,0x41 ,0x4E ,0x5F ,0x45 ,0x55
 ,0x52 ,0x4F ,0x50 ,0x45 ,0x5F ,0x32 ,0x34 ,0x30
 ,0x30 ,0x22 ,0x2C ,0x0A ,0x22 ,0x33 ,0x39 ,0x2E
 ,0x57 ,0x4C ,0x41 ,0x4E ,0x5F ,0x53 ,0x50 ,0x41
 ,0x49 ,0x4E ,0x5F ,0x32 ,0x34 ,0x30 ,0x30 ,0x22
 ,0x2C ,0x0A ,0x22 ,0x34 ,0x30 ,0x2E ,0x57 ,0x4C
 ,0x41 ,0x4E ,0x5F ,0x46 ,0x52 ,0x41 ,0x4E ,0x43
 ,0x45 ,0x5F ,0x32 ,0x34 ,0x30 ,0x30 ,0x20 ,0x22
 ,0x2C ,0x0A ,0x22 ,0x34 ,0x31 ,0x2E ,0x57 ,0x4C
 ,0x41 ,0x4E ,0x5F ,0x55 ,0x53 ,0x5F ,0x35 ,0x30
 ,0x30 ,0x30 ,0x22 ,0x2C ,0x0A ,0x22 ,0x34 ,0x32
 ,0x2E ,0x57 ,0x4C ,0x41 ,0x4E ,0x5F ,0x4A ,0x41
 ,0x50 ,0x41 ,0x4E ,0x5F ,0x35 ,0x30 ,0x30 ,0x30
 ,0x22 ,0x2C ,0x0A ,0x22 ,0x34 ,0x33 ,0x2E ,0x57
 ,0x4C ,0x41 ,0x4E ,0x5F ,0x45 ,0x55 ,0x52 ,0x4F
 ,0x50 ,0x45 ,0x5F ,0x35 ,0x30 ,0x30 ,0x30 ,0x22
 ,0x2C ,0x0A ,0x22 ,0x34 ,0x34 ,0x2E ,0x57 ,0x4C
 ,0x41 ,0x4E ,0x5F ,0x53 ,0x50 ,0x41 ,0x49 ,0x4E
 ,0x5F ,0x35 ,0x30 ,0x30 ,0x30 ,0x22 ,0x2C ,0x0A
 ,0x22 ,0x34 ,0x35 ,0x2E ,0x57 ,0x4C ,0x41 ,0x4E
 ,0x5F ,0x46 ,0x52 ,0x41 ,0x4E ,0x43 ,0x45 ,0x5F
 ,0x35 ,0x30 ,0x30 ,0x30 ,0x20 ,0x22 ,0x2C ,0x0A
 ,0x22 ,0x34 ,0x36 ,0x2E ,0x41 ,0x6E ,0x79 ,0x22
 ,0x0A



 /* EFS file:  modem_proc/datamodem/datacfg/efs/default/mru , Size = 560 bytes 
   Path on Disk: /ds/atcop/strings/mru */ 

 ,0x56 ,0x02 ,0x00 ,0x00 ,0x02 ,0x09 ,0x00 ,0x00
 ,0x01, 0x00 ,0x16 ,0x00 ,0x2F ,0x64 ,0x73 ,0x2F
 ,0x61 ,0x74 ,0x63 ,0x6F ,0x70 ,0x2F ,0x73 ,0x74
 ,0x72 ,0x69 ,0x6E ,0x67 ,0x73 ,0x2F ,0x6D ,0x72
 ,0x75 ,0x00
 ,0x02, 0x00 ,0x30 ,0x02 ,0x22 ,0x43 ,0x44 ,0x4D
 ,0x41 ,0x2F ,0x48 ,0x44 ,0x52 ,0x22 ,0x2C ,0x0A
 ,0x22 ,0x30 ,0x2E ,0x42 ,0x43 ,0x30 ,0x22 ,0x2C
 ,0x0A ,0x22 ,0x31 ,0x2E ,0x42 ,0x43 ,0x31 ,0x22
 ,0x2C ,0x0A ,0x22 ,0x33 ,0x2E ,0x42 ,0x43 ,0x33
 ,0x22 ,0x2C ,0x0A ,0x22 ,0x34 ,0x2E ,0x42 ,0x43
 ,0x34 ,0x22 ,0x2C ,0x0A ,0x22 ,0x35 ,0x2E ,0x42
 ,0x43 ,0x35 ,0x22 ,0x2C ,0x0A ,0x22 ,0x36 ,0x2E
 ,0x42 ,0x43 ,0x36 ,0x22 ,0x2C ,0x0A ,0x22 ,0x37
 ,0x2E ,0x42 ,0x43 ,0x37 ,0x22 ,0x2C ,0x0A ,0x22
 ,0x38 ,0x2E ,0x42 ,0x43 ,0x38 ,0x22 ,0x2C ,0x0A
 ,0x22 ,0x39 ,0x2E ,0x42 ,0x43 ,0x39 ,0x22 ,0x2C
 ,0x0A ,0x22 ,0x31 ,0x30 ,0x2E ,0x42 ,0x43 ,0x31
 ,0x30 ,0x22 ,0x2C ,0x0A ,0x22 ,0x31 ,0x31 ,0x2E
 ,0x42 ,0x43 ,0x31 ,0x31 ,0x22 ,0x2C ,0x0A ,0x22
 ,0x31 ,0x32 ,0x2E ,0x42 ,0x43 ,0x31 ,0x32 ,0x22
 ,0x2C ,0x0A ,0x22 ,0x31 ,0x33 ,0x2E ,0x42 ,0x43
 ,0x31 ,0x33 ,0x22 ,0x2C ,0x0A ,0x22 ,0x31 ,0x34
 ,0x2E ,0x42 ,0x43 ,0x31 ,0x34 ,0x22 ,0x2C ,0x0A
 ,0x22 ,0x31 ,0x35 ,0x2E ,0x42 ,0x43 ,0x31 ,0x35
 ,0x22 ,0x2C ,0x0A ,0x22 ,0x31 ,0x36 ,0x2E ,0x42
 ,0x43 ,0x31 ,0x36 ,0x22 ,0x2C ,0x0A ,0x22 ,0x31
 ,0x37 ,0x2E ,0x42 ,0x43 ,0x31 ,0x37 ,0x22 ,0x2C
 ,0x0A ,0x22 ,0x31 ,0x38 ,0x2E ,0x42 ,0x43 ,0x31
 ,0x38 ,0x22 ,0x2C ,0x0A ,0x22 ,0x31 ,0x39 ,0x2E
 ,0x42 ,0x43 ,0x31 ,0x39 ,0x22 ,0x2C ,0x0A ,0x22
 ,0x47 ,0x53 ,0x4D ,0x22 ,0x2C ,0x0A ,0x22 ,0x30
 ,0x2E ,0x47 ,0x53 ,0x4D ,0x5F ,0x34 ,0x35 ,0x30
 ,0x22 ,0x2C ,0x0A ,0x22 ,0x31 ,0x2E ,0x47 ,0x53
 ,0x4D ,0x5F ,0x34 ,0x38 ,0x30 ,0x22 ,0x2C ,0x0A
 ,0x22 ,0x32 ,0x2E ,0x47 ,0x53 ,0x4D ,0x5F ,0x37
 ,0x35 ,0x30 ,0x22 ,0x2C ,0x0A ,0x22 ,0x33 ,0x2E
 ,0x47 ,0x53 ,0x4D ,0x5F ,0x38 ,0x35 ,0x30 ,0x22
 ,0x2C ,0x0A ,0x22 ,0x34 ,0x2E ,0x47 ,0x53 ,0x4D
 ,0x5F ,0x45 ,0x47 ,0x53 ,0x4D ,0x5F ,0x39 ,0x30
 ,0x30 ,0x22 ,0x2C ,0x0A ,0x22 ,0x35 ,0x2E ,0x47
 ,0x53 ,0x4D ,0x5F ,0x50 ,0x47 ,0x53 ,0x4D ,0x5F
 ,0x39 ,0x30 ,0x30 ,0x22 ,0x2C ,0x0A ,0x22 ,0x36
 ,0x2E ,0x47 ,0x53 ,0x4D ,0x5F ,0x52 ,0x47 ,0x53
 ,0x4D ,0x5F ,0x39 ,0x30 ,0x30 ,0x22 ,0x2C ,0x0A
 ,0x22 ,0x37 ,0x2E ,0x47 ,0x53 ,0x4D ,0x5F ,0x44
 ,0x43 ,0x53 ,0x5F ,0x31 ,0x38 ,0x30 ,0x30 ,0x22
 ,0x2C ,0x0A ,0x22 ,0x38 ,0x2E ,0x47 ,0x53 ,0x4D
 ,0x5F ,0x50 ,0x43 ,0x53 ,0x5F ,0x31 ,0x39 ,0x30
 ,0x30 ,0x22 ,0x2C ,0x0A ,0x22 ,0x57 ,0x43 ,0x44
 ,0x4D ,0x41 ,0x22 ,0x2C ,0x0A ,0x22 ,0x30 ,0x2E
 ,0x57 ,0x43 ,0x44 ,0x4D ,0x41 ,0x5F ,0x49 ,0x5F
 ,0x49 ,0x4D ,0x54 ,0x5F ,0x32 ,0x30 ,0x30 ,0x30
 ,0x22 ,0x2C ,0x0A ,0x22 ,0x31 ,0x2E ,0x57 ,0x43
 ,0x44 ,0x4D ,0x41 ,0x5F ,0x49 ,0x49 ,0x5F ,0x50
 ,0x43 ,0x53 ,0x5F ,0x31 ,0x39 ,0x30 ,0x30 ,0x22
 ,0x2C ,0x0A ,0x22 ,0x32 ,0x2E ,0x57 ,0x43 ,0x44
 ,0x4D ,0x41 ,0x5F ,0x49 ,0x49 ,0x49 ,0x5F ,0x31
 ,0x37 ,0x30 ,0x30 ,0x20 ,0x22 ,0x2C ,0x0A ,0x22
 ,0x33 ,0x2E ,0x57 ,0x43 ,0x44 ,0x4D ,0x41 ,0x5F
 ,0x49 ,0x56 ,0x5F ,0x31 ,0x37 ,0x30 ,0x30 ,0x22
 ,0x2C ,0x0A ,0x22 ,0x34 ,0x2E ,0x57 ,0x43 ,0x44
 ,0x4D ,0x41 ,0x5F ,0x56 ,0x5F ,0x38 ,0x35 ,0x30
 ,0x22 ,0x2C ,0x0A ,0x22 ,0x35 ,0x2E ,0x57 ,0x43
 ,0x44 ,0x4D ,0x41 ,0x5F ,0x56 ,0x49 ,0x5F ,0x38
 ,0x30 ,0x30 ,0x20 ,0x22 ,0x2C ,0x0A ,0x22 ,0x36
 ,0x2E ,0x57 ,0x43 ,0x44 ,0x4D ,0x41 ,0x5F ,0x56
 ,0x49 ,0x49 ,0x5F ,0x32 ,0x36 ,0x30 ,0x30 ,0x22
 ,0x2C ,0x0A ,0x22 ,0x37 ,0x2E ,0x57 ,0x43 ,0x44
 ,0x4D ,0x41 ,0x5F ,0x56 ,0x49 ,0x49 ,0x49 ,0x5F
 ,0x39 ,0x30 ,0x30 ,0x22 ,0x2C ,0x0A ,0x22 ,0x38
 ,0x2E ,0x57 ,0x43 ,0x44 ,0x4D ,0x41 ,0x5F ,0x49
 ,0x58 ,0x5F ,0x31 ,0x37 ,0x30 ,0x30 ,0x22 ,0x2C
 ,0x0A ,0x22 ,0x39 ,0x2E ,0x57 ,0x43 ,0x44 ,0x4D
 ,0x41 ,0x5F ,0x58 ,0x49 ,0x5F ,0x31 ,0x35 ,0x30
 ,0x30 ,0x22 ,0x2C ,0x0A



 /* EFS file:  modem_proc/datamodem/datacfg/efs/default/mru_lte , Size = 541 bytes 
   Path on Disk: /ds/atcop/strings/mru_lte */ 

 ,0x47 ,0x02 ,0x00 ,0x00 ,0x02 ,0x09 ,0x00 ,0x00
 ,0x01, 0x00 ,0x1A ,0x00 ,0x2F ,0x64 ,0x73 ,0x2F
 ,0x61 ,0x74 ,0x63 ,0x6F ,0x70 ,0x2F ,0x73 ,0x74
 ,0x72 ,0x69 ,0x6E ,0x67 ,0x73 ,0x2F ,0x6D ,0x72
 ,0x75 ,0x5F ,0x6C ,0x74 ,0x65 ,0x00
 ,0x02, 0x00 ,0x1D ,0x02 ,0x22 ,0x4C ,0x54 ,0x45
 ,0x22 ,0x2C ,0x0A ,0x22 ,0x30 ,0x2E ,0x45 ,0x55
 ,0x54 ,0x52 ,0x41 ,0x4E ,0x5F ,0x42 ,0x41 ,0x4E
 ,0x44 ,0x31 ,0x22 ,0x2C ,0x0A ,0x22 ,0x31 ,0x2E
 ,0x45 ,0x55 ,0x54 ,0x52 ,0x41 ,0x4E ,0x5F ,0x42
 ,0x41 ,0x4E ,0x44 ,0x32 ,0x22 ,0x2C ,0x0A ,0x22
 ,0x32 ,0x2E ,0x45 ,0x55 ,0x54 ,0x52 ,0x41 ,0x4E
 ,0x5F ,0x42 ,0x41 ,0x4E ,0x44 ,0x33 ,0x20 ,0x22
 ,0x2C ,0x0A ,0x22 ,0x33 ,0x2E ,0x45 ,0x55 ,0x54
 ,0x52 ,0x41 ,0x4E ,0x5F ,0x42 ,0x41 ,0x4E ,0x44
 ,0x34 ,0x20 ,0x22 ,0x2C ,0x0A ,0x22 ,0x34 ,0x2E
 ,0x45 ,0x55 ,0x54 ,0x52 ,0x41 ,0x4E ,0x5F ,0x42
 ,0x41 ,0x4E ,0x44 ,0x35 ,0x22 ,0x2C ,0x0A ,0x22
 ,0x35 ,0x2E ,0x45 ,0x55 ,0x54 ,0x52 ,0x41 ,0x4E
 ,0x5F ,0x42 ,0x41 ,0x4E ,0x44 ,0x36 ,0x22 ,0x2C
 ,0x0A ,0x22 ,0x36 ,0x2E ,0x45 ,0x55 ,0x54 ,0x52
 ,0x41 ,0x4E ,0x5F ,0x42 ,0x41 ,0x4E ,0x44 ,0x37
 ,0x20 ,0x22 ,0x2C ,0x0A ,0x22 ,0x37 ,0x2E ,0x45
 ,0x55 ,0x54 ,0x52 ,0x41 ,0x4E ,0x5F ,0x42 ,0x41
 ,0x4E ,0x44 ,0x38 ,0x22 ,0x2C ,0x0A ,0x22 ,0x38
 ,0x2E ,0x45 ,0x55 ,0x54 ,0x52 ,0x41 ,0x4E ,0x5F
 ,0x42 ,0x41 ,0x4E ,0x44 ,0x39 ,0x22 ,0x2C ,0x0A
 ,0x22 ,0x39 ,0x2E ,0x45 ,0x55 ,0x54 ,0x52 ,0x41
 ,0x4E ,0x5F ,0x42 ,0x41 ,0x4E ,0x44 ,0x31 ,0x30
 ,0x20 ,0x22 ,0x2C ,0x0A ,0x22 ,0x31 ,0x30 ,0x2E
 ,0x45 ,0x55 ,0x54 ,0x52 ,0x41 ,0x4E ,0x5F ,0x42
 ,0x41 ,0x4E ,0x44 ,0x31 ,0x31 ,0x22 ,0x2C ,0x0A
 ,0x22 ,0x31 ,0x31 ,0x2E ,0x45 ,0x55 ,0x54 ,0x52
 ,0x41 ,0x4E ,0x5F ,0x42 ,0x41 ,0x4E ,0x44 ,0x31
 ,0x32 ,0x22 ,0x2C ,0x0A ,0x22 ,0x31 ,0x32 ,0x2E
 ,0x45 ,0x55 ,0x54 ,0x52 ,0x41 ,0x4E ,0x5F ,0x42
 ,0x41 ,0x4E ,0x44 ,0x31 ,0x33 ,0x20 ,0x22 ,0x2C
 ,0x0A ,0x22 ,0x31 ,0x33 ,0x2E ,0x45 ,0x55 ,0x54
 ,0x52 ,0x41 ,0x4E ,0x5F ,0x42 ,0x41 ,0x4E ,0x44
 ,0x31 ,0x34 ,0x20 ,0x22 ,0x2C ,0x0A ,0x22 ,0x31
 ,0x34 ,0x2E ,0x45 ,0x55 ,0x54 ,0x52 ,0x41 ,0x4E
 ,0x5F ,0x42 ,0x41 ,0x4E ,0x44 ,0x31 ,0x37 ,0x20
 ,0x22 ,0x2C ,0x0A ,0x22 ,0x31 ,0x35 ,0x2E ,0x45
 ,0x55 ,0x54 ,0x52 ,0x41 ,0x4E ,0x5F ,0x42 ,0x41
 ,0x4E ,0x44 ,0x31 ,0x38 ,0x20 ,0x22 ,0x2C ,0x0A
 ,0x22 ,0x31 ,0x36 ,0x2E ,0x45 ,0x55 ,0x54 ,0x52
 ,0x41 ,0x4E ,0x5F ,0x42 ,0x41 ,0x4E ,0x44 ,0x31
 ,0x39 ,0x22 ,0x2C ,0x0A ,0x22 ,0x31 ,0x37 ,0x2E
 ,0x45 ,0x55 ,0x54 ,0x52 ,0x41 ,0x4E ,0x5F ,0x42
 ,0x41 ,0x4E ,0x44 ,0x32 ,0x30 ,0x20 ,0x22 ,0x2C
 ,0x0A ,0x22 ,0x31 ,0x38 ,0x2E ,0x45 ,0x55 ,0x54
 ,0x52 ,0x41 ,0x4E ,0x5F ,0x42 ,0x41 ,0x4E ,0x44
 ,0x32 ,0x31 ,0x22 ,0x2C ,0x0A ,0x22 ,0x31 ,0x39
 ,0x2E ,0x45 ,0x55 ,0x54 ,0x52 ,0x41 ,0x4E ,0x5F
 ,0x42 ,0x41 ,0x4E ,0x44 ,0x33 ,0x33 ,0x20 ,0x22
 ,0x2C ,0x0A ,0x22 ,0x32 ,0x30 ,0x2E ,0x45 ,0x55
 ,0x54 ,0x52 ,0x41 ,0x4E ,0x5F ,0x42 ,0x41 ,0x4E
 ,0x44 ,0x33 ,0x34 ,0x20 ,0x22 ,0x2C ,0x0A ,0x22
 ,0x32 ,0x31 ,0x2E ,0x45 ,0x55 ,0x54 ,0x52 ,0x41
 ,0x4E ,0x5F ,0x42 ,0x41 ,0x4E ,0x44 ,0x33 ,0x35
 ,0x22 ,0x2C ,0x0A ,0x22 ,0x32 ,0x32 ,0x2E ,0x45
 ,0x55 ,0x54 ,0x52 ,0x41 ,0x4E ,0x5F ,0x42 ,0x41
 ,0x4E ,0x44 ,0x33 ,0x36 ,0x22 ,0x2C ,0x0A ,0x22
 ,0x32 ,0x33 ,0x2E ,0x45 ,0x55 ,0x54 ,0x52 ,0x41
 ,0x4E ,0x5F ,0x42 ,0x41 ,0x4E ,0x44 ,0x33 ,0x37
 ,0x20 ,0x22 ,0x2C ,0x0A ,0x22 ,0x32 ,0x34 ,0x2E
 ,0x45 ,0x55 ,0x54 ,0x52 ,0x41 ,0x4E ,0x5F ,0x42
 ,0x41 ,0x4E ,0x44 ,0x33 ,0x38 ,0x22 ,0x2C ,0x0A
 ,0x22 ,0x32 ,0x35 ,0x2E ,0x45 ,0x55 ,0x54 ,0x52
 ,0x41 ,0x4E ,0x5F ,0x42 ,0x41 ,0x4E ,0x44 ,0x33
 ,0x39 ,0x22 ,0x2C ,0x0A ,0x22 ,0x32 ,0x36 ,0x2E
 ,0x45 ,0x55 ,0x54 ,0x52 ,0x41 ,0x4E ,0x5F ,0x42
 ,0x41 ,0x4E ,0x44 ,0x34 ,0x30 ,0x20 ,0x22 ,0x2C
 ,0x0A



 /* EFS file:  wlan_offload_config , Size = 2 bytes 
   Path on Disk: /nv/item_files/data/wlan_config/wlan_offload_config */ 

 ,0x46 ,0x00 ,0x00 ,0x00 ,0x02 ,0x19 ,0x00 ,0x00
 ,0x01, 0x00 ,0x34 ,0x00 ,0x2F ,0x6E ,0x76 ,0x2F
 ,0x69 ,0x74 ,0x65 ,0x6D ,0x5F ,0x66 ,0x69 ,0x6C
 ,0x65 ,0x73 ,0x2F ,0x64 ,0x61 ,0x74 ,0x61 ,0x2F
 ,0x77 ,0x6C ,0x61 ,0x6E ,0x5F ,0x63 ,0x6F ,0x6E
 ,0x66 ,0x69 ,0x67 ,0x2F ,0x77 ,0x6C ,0x61 ,0x6E
 ,0x5F ,0x6F ,0x66 ,0x66 ,0x6C ,0x6F ,0x61 ,0x64
 ,0x5F ,0x63 ,0x6F ,0x6E ,0x66 ,0x69 ,0x67 ,0x00
 ,0x02 ,0x00 ,0x02 ,0x00 ,0x07 ,0x02


 /* EFS file:  modem_proc/datamodem/datacfg/efs/row/ds_dsd_attach_profile.txt , Size = 20 bytes 
   Path on Disk: /data/ds_dsd_attach_profile.txt */ 

 ,0x45 ,0x00 ,0x00 ,0x00 ,0x02 ,0x19 ,0x00 ,0x00
 ,0x01, 0x00 ,0x20 ,0x00 ,0x2F ,0x64 ,0x61 ,0x74
 ,0x61 ,0x2F ,0x64 ,0x73 ,0x5F ,0x64 ,0x73 ,0x64
 ,0x5F ,0x61 ,0x74 ,0x74 ,0x61 ,0x63 ,0x68 ,0x5F
 ,0x70 ,0x72 ,0x6F ,0x66 ,0x69 ,0x6C ,0x65 ,0x2E
 ,0x74 ,0x78 ,0x74 ,0x00
 ,0x02, 0x00 ,0x15 ,0x00 ,0x07 ,0x41 ,0x74 ,0x74
 ,0x61 ,0x63 ,0x68 ,0x5F ,0x50 ,0x72 ,0x6F ,0x66
 ,0x69 ,0x6C ,0x65 ,0x5F ,0x49 ,0x44 ,0x3A ,0x31 ,0x3B



 /* EFS file:  modem_proc/datamodem/datacfg/efs/row/iwlan_s2b_config.xml , Size = 1098 bytes 
   Path on Disk: /data/iwlan_s2b_config.xml */ 

 ,0x76 ,0x04 ,0x00 ,0x00 ,0x02 ,0x19 ,0x00 ,0x00
 ,0x01, 0x00 ,0x1B ,0x00 ,0x2F ,0x64 ,0x61 ,0x74
 ,0x61 ,0x2F ,0x69 ,0x77 ,0x6C ,0x61 ,0x6E ,0x5F
 ,0x73 ,0x32 ,0x62 ,0x5F ,0x63 ,0x6F ,0x6E ,0x66
 ,0x69 ,0x67 ,0x2E ,0x78 ,0x6D ,0x6C ,0x00
 ,0x02, 0x00 ,0x4B ,0x04 ,0x07 ,0x3C ,0x3F ,0x78
 ,0x6D ,0x6C ,0x20 ,0x76 ,0x65 ,0x72 ,0x73 ,0x69
 ,0x6F ,0x6E ,0x3D ,0x22 ,0x31 ,0x2E ,0x30 ,0x22
 ,0x20 ,0x3F ,0x3E ,0x0A ,0x3C ,0x49 ,0x57 ,0x4C
 ,0x41 ,0x4E ,0x5F ,0x53 ,0x32 ,0x42 ,0x5F ,0x43
 ,0x4F ,0x4E ,0x46 ,0x49 ,0x47 ,0x3E ,0x0A ,0x20
 ,0x20 ,0x20 ,0x20 ,0x3C ,0x47 ,0x45 ,0x4E ,0x45
 ,0x52 ,0x49 ,0x43 ,0x5F ,0x56 ,0x41 ,0x52 ,0x49
 ,0x41 ,0x4E ,0x54 ,0x3E ,0x0A ,0x20 ,0x20 ,0x20
 ,0x20 ,0x20 ,0x20 ,0x20 ,0x20 ,0x3C ,0x65 ,0x70
 ,0x64 ,0x67 ,0x5F ,0x61 ,0x64 ,0x64 ,0x72 ,0x5F
 ,0x69 ,0x6E ,0x66 ,0x6F ,0x3E ,0x0A ,0x20 ,0x20
 ,0x20 ,0x20 ,0x20 ,0x20 ,0x20 ,0x20 ,0x20 ,0x20
 ,0x20 ,0x20 ,0x3C ,0x73 ,0x74 ,0x61 ,0x74 ,0x69
 ,0x63 ,0x5F ,0x66 ,0x71 ,0x64 ,0x6E ,0x5F ,0x65
 ,0x6E ,0x61 ,0x62 ,0x6C ,0x65 ,0x64 ,0x3E ,0x46
 ,0x41 ,0x4C ,0x53 ,0x45 ,0x3C ,0x2F ,0x73 ,0x74
 ,0x61 ,0x74 ,0x69 ,0x63 ,0x5F ,0x66 ,0x71 ,0x64
 ,0x6E ,0x5F ,0x65 ,0x6E ,0x61 ,0x62 ,0x6C ,0x65
 ,0x64 ,0x3E ,0x0A ,0x20 ,0x20 ,0x20 ,0x20 ,0x20
 ,0x20 ,0x20 ,0x20 ,0x20 ,0x20 ,0x20 ,0x20 ,0x3C
 ,0x70 ,0x63 ,0x73 ,0x63 ,0x66 ,0x5F ,0x61 ,0x74
 ,0x74 ,0x72 ,0x3E ,0x0A ,0x20 ,0x20 ,0x20 ,0x20
 ,0x20 ,0x20 ,0x20 ,0x20 ,0x20 ,0x20 ,0x20 ,0x20
 ,0x20 ,0x20 ,0x20 ,0x20 ,0x3C ,0x76 ,0x34 ,0x5F
 ,0x61 ,0x74 ,0x74 ,0x72 ,0x5F ,0x74 ,0x79 ,0x70
 ,0x65 ,0x5F ,0x76 ,0x61 ,0x6C ,0x3E ,0x32 ,0x30
 ,0x3C ,0x2F ,0x76 ,0x34 ,0x5F ,0x61 ,0x74 ,0x74
 ,0x72 ,0x5F ,0x74 ,0x79 ,0x70 ,0x65 ,0x5F ,0x76
 ,0x61 ,0x6C ,0x3E ,0x0A ,0x20 ,0x20 ,0x20 ,0x20
 ,0x20 ,0x20 ,0x20 ,0x20 ,0x20 ,0x20 ,0x20 ,0x20
 ,0x20 ,0x20 ,0x20 ,0x20 ,0x3C ,0x76 ,0x36 ,0x5F
 ,0x61 ,0x74 ,0x74 ,0x72 ,0x5F ,0x74 ,0x79 ,0x70
 ,0x65 ,0x5F ,0x76 ,0x61 ,0x6C ,0x3E ,0x32 ,0x31
 ,0x3C ,0x2F ,0x76 ,0x36 ,0x5F ,0x61 ,0x74 ,0x74
 ,0x72 ,0x5F ,0x74 ,0x79 ,0x70 ,0x65 ,0x5F ,0x76
 ,0x61 ,0x6C ,0x3E ,0x0A ,0x20 ,0x20 ,0x20 ,0x20
 ,0x20 ,0x20 ,0x20 ,0x20 ,0x20 ,0x20 ,0x20 ,0x20
 ,0x3C ,0x2F ,0x70 ,0x63 ,0x73 ,0x63 ,0x66 ,0x5F
 ,0x61 ,0x74 ,0x74 ,0x72 ,0x3E ,0x0A ,0x20 ,0x20
 ,0x20 ,0x20 ,0x20 ,0x20 ,0x20 ,0x20 ,0x3C ,0x2F
 ,0x65 ,0x70 ,0x64 ,0x67 ,0x5F ,0x61 ,0x64 ,0x64
 ,0x72 ,0x5F ,0x69 ,0x6E ,0x66 ,0x6F ,0x3E ,0x0A
 ,0x20 ,0x20 ,0x20 ,0x20 ,0x20 ,0x20 ,0x20 ,0x20
 ,0x3C ,0x69 ,0x6B ,0x65 ,0x76 ,0x32 ,0x5F ,0x69
 ,0x6E ,0x66 ,0x6F ,0x3E ,0x0A ,0x20 ,0x20 ,0x20
 ,0x20 ,0x20 ,0x20 ,0x20 ,0x20 ,0x20 ,0x20 ,0x20
 ,0x20 ,0x3C ,0x6B ,0x65 ,0x5F ,0x70 ,0x61 ,0x79
 ,0x6C ,0x6F ,0x61 ,0x64 ,0x5F ,0x65 ,0x6E ,0x61
 ,0x62 ,0x6C ,0x65 ,0x64 ,0x3E ,0x46 ,0x41 ,0x4C
 ,0x53 ,0x45 ,0x3C ,0x2F ,0x6B ,0x65 ,0x5F ,0x70
 ,0x61 ,0x79 ,0x6C ,0x6F ,0x61 ,0x64 ,0x5F ,0x65
 ,0x6E ,0x61 ,0x62 ,0x6C ,0x65 ,0x64 ,0x3E ,0x0A
 ,0x20 ,0x20 ,0x20 ,0x20 ,0x20 ,0x20 ,0x20 ,0x20
 ,0x20 ,0x20 ,0x20 ,0x20 ,0x3C ,0x73 ,0x65 ,0x6C
 ,0x66 ,0x5F ,0x69 ,0x64 ,0x3E ,0x0A ,0x20 ,0x20
 ,0x20 ,0x20 ,0x20 ,0x20 ,0x20 ,0x20 ,0x20 ,0x20
 ,0x20 ,0x20 ,0x20 ,0x20 ,0x20 ,0x20 ,0x3C ,0x69
 ,0x64 ,0x5F ,0x74 ,0x79 ,0x70 ,0x65 ,0x3E ,0x49
 ,0x44 ,0x5F ,0x52 ,0x46 ,0x43 ,0x38 ,0x32 ,0x32
 ,0x5F ,0x41 ,0x44 ,0x44 ,0x52 ,0x3C ,0x2F ,0x69
 ,0x64 ,0x5F ,0x74 ,0x79 ,0x70 ,0x65 ,0x3E ,0x0A
 ,0x20 ,0x20 ,0x20 ,0x20 ,0x20 ,0x20 ,0x20 ,0x20
 ,0x20 ,0x20 ,0x20 ,0x20 ,0x20 ,0x20 ,0x20 ,0x20
 ,0x3C ,0x6D ,0x61 ,0x63 ,0x5F ,0x65 ,0x6E ,0x61
 ,0x62 ,0x6C ,0x65 ,0x64 ,0x3E ,0x46 ,0x41 ,0x4C
 ,0x53 ,0x45 ,0x3C ,0x2F ,0x6D ,0x61 ,0x63 ,0x5F
 ,0x65 ,0x6E ,0x61 ,0x62 ,0x6C ,0x65 ,0x64 ,0x3E
 ,0x0A ,0x20 ,0x20 ,0x20 ,0x20 ,0x20 ,0x20 ,0x20
 ,0x20 ,0x20 ,0x20 ,0x20 ,0x20 ,0x20 ,0x20 ,0x20
 ,0x20 ,0x3C ,0x69 ,0x64 ,0x65 ,0x6E ,0x74 ,0x69
 ,0x66 ,0x69 ,0x65 ,0x72 ,0x2F ,0x3E ,0x0A ,0x20
 ,0x20 ,0x20 ,0x20 ,0x20 ,0x20 ,0x20 ,0x20 ,0x20
 ,0x20 ,0x20 ,0x20 ,0x3C ,0x2F ,0x73 ,0x65 ,0x6C
 ,0x66 ,0x5F ,0x69 ,0x64 ,0x3E ,0x0A ,0x20 ,0x20
 ,0x20 ,0x20 ,0x20 ,0x20 ,0x20 ,0x20 ,0x20 ,0x20
 ,0x20 ,0x20 ,0x3C ,0x70 ,0x65 ,0x65 ,0x72 ,0x5F
 ,0x69 ,0x64 ,0x3E ,0x0A ,0x20 ,0x20 ,0x20 ,0x20
 ,0x20 ,0x20 ,0x20 ,0x20 ,0x20 ,0x20 ,0x20 ,0x20
 ,0x20 ,0x20 ,0x20 ,0x20 ,0x3C ,0x69 ,0x64 ,0x5F
 ,0x74 ,0x79 ,0x70 ,0x65 ,0x3E ,0x49 ,0x44 ,0x5F
 ,0x46 ,0x51 ,0x44 ,0x4E ,0x3C ,0x2F ,0x69 ,0x64
 ,0x5F ,0x74 ,0x79 ,0x70 ,0x65 ,0x3E ,0x0A ,0x20
 ,0x20 ,0x20 ,0x20 ,0x20 ,0x20 ,0x20 ,0x20 ,0x20
 ,0x20 ,0x20 ,0x20 ,0x20 ,0x20 ,0x20 ,0x20 ,0x3C
 ,0x6D ,0x61 ,0x63 ,0x5F ,0x65 ,0x6E ,0x61 ,0x62
 ,0x6C ,0x65 ,0x64 ,0x3E ,0x46 ,0x41 ,0x4C ,0x53
 ,0x45 ,0x3C ,0x2F ,0x6D ,0x61 ,0x63 ,0x5F ,0x65
 ,0x6E ,0x61 ,0x62 ,0x6C ,0x65 ,0x64 ,0x3E ,0x0A
 ,0x20 ,0x20 ,0x20 ,0x20 ,0x20 ,0x20 ,0x20 ,0x20
 ,0x20 ,0x20 ,0x20 ,0x20 ,0x20 ,0x20 ,0x20 ,0x20
 ,0x3C ,0x69 ,0x64 ,0x65 ,0x6E ,0x74 ,0x69 ,0x66
 ,0x69 ,0x65 ,0x72 ,0x2F ,0x3E ,0x0A ,0x20 ,0x20
 ,0x20 ,0x20 ,0x20 ,0x20 ,0x20 ,0x20 ,0x20 ,0x20
 ,0x20 ,0x20 ,0x3C ,0x2F ,0x70 ,0x65 ,0x65 ,0x72
 ,0x5F ,0x69 ,0x64 ,0x3E ,0x0A ,0x20 ,0x20 ,0x20
 ,0x20 ,0x20 ,0x20 ,0x20 ,0x20 ,0x3C ,0x2F ,0x69
 ,0x6B ,0x65 ,0x76 ,0x32 ,0x5F ,0x69 ,0x6E ,0x66
 ,0x6F ,0x3E ,0x0A ,0x20 ,0x20 ,0x20 ,0x20 ,0x3C
 ,0x2F ,0x47 ,0x45 ,0x4E ,0x45 ,0x52 ,0x49 ,0x43
 ,0x5F ,0x56 ,0x41 ,0x52 ,0x49 ,0x41 ,0x4E ,0x54
 ,0x3E ,0x0A ,0x20 ,0x20 ,0x20 ,0x20 ,0x3C ,0x57
 ,0x50 ,0x5F ,0x56 ,0x41 ,0x52 ,0x49 ,0x41 ,0x4E
 ,0x54 ,0x3E ,0x0A ,0x20 ,0x20 ,0x20 ,0x20 ,0x20
 ,0x20 ,0x20 ,0x20 ,0x3C ,0x69 ,0x6B ,0x65 ,0x76
 ,0x32 ,0x5F ,0x69 ,0x6E ,0x66 ,0x6F ,0x3E ,0x0A
 ,0x20 ,0x20 ,0x20 ,0x20 ,0x20 ,0x20 ,0x20 ,0x20
 ,0x20 ,0x20 ,0x20 ,0x20 ,0x3C ,0x65 ,0x73 ,0x70
 ,0x5F ,0x61 ,0x75 ,0x74 ,0x68 ,0x5F ,0x61 ,0x6C
 ,0x67 ,0x6F ,0x5F ,0x6C ,0x69 ,0x73 ,0x74 ,0x3E
 ,0x0A ,0x20 ,0x20 ,0x20 ,0x20 ,0x20 ,0x20 ,0x20
 ,0x20 ,0x20 ,0x20 ,0x20 ,0x20 ,0x20 ,0x20 ,0x20
 ,0x20 ,0x3C ,0x61 ,0x6C ,0x67 ,0x6F ,0x20 ,0x76
 ,0x61 ,0x6C ,0x75 ,0x65 ,0x3D ,0x22 ,0x31 ,0x22
 ,0x2F ,0x3E ,0x0A ,0x20 ,0x20 ,0x20 ,0x20 ,0x20
 ,0x20 ,0x20 ,0x20 ,0x20 ,0x20 ,0x20 ,0x20 ,0x20
 ,0x20 ,0x20 ,0x20 ,0x3C ,0x61 ,0x6C ,0x67 ,0x6F
 ,0x20 ,0x76 ,0x61 ,0x6C ,0x75 ,0x65 ,0x3D ,0x22
 ,0x32 ,0x22 ,0x2F ,0x3E ,0x0A ,0x20 ,0x20 ,0x20
 ,0x20 ,0x20 ,0x20 ,0x20 ,0x20 ,0x20 ,0x20 ,0x20
 ,0x20 ,0x3C ,0x2F ,0x65 ,0x73 ,0x70 ,0x5F ,0x61
 ,0x75 ,0x74 ,0x68 ,0x5F ,0x61 ,0x6C ,0x67 ,0x6F
 ,0x5F ,0x6C ,0x69 ,0x73 ,0x74 ,0x3E ,0x0A ,0x20
 ,0x20 ,0x20 ,0x20 ,0x20 ,0x20 ,0x20 ,0x20 ,0x20
 ,0x20 ,0x20 ,0x20 ,0x3C ,0x63 ,0x6F ,0x6E ,0x66
 ,0x69 ,0x67 ,0x75 ,0x72 ,0x65 ,0x64 ,0x5F ,0x69
 ,0x6B ,0x65 ,0x5F ,0x70 ,0x6F ,0x72 ,0x74 ,0x3E
 ,0x34 ,0x35 ,0x30 ,0x30 ,0x3C ,0x2F ,0x63 ,0x6F
 ,0x6E ,0x66 ,0x69 ,0x67 ,0x75 ,0x72 ,0x65 ,0x64
 ,0x5F ,0x69 ,0x6B ,0x65 ,0x5F ,0x70 ,0x6F ,0x72
 ,0x74 ,0x3E ,0x0A ,0x20 ,0x20 ,0x20 ,0x20 ,0x20
 ,0x20 ,0x20 ,0x20 ,0x3C ,0x2F ,0x69 ,0x6B ,0x65
 ,0x76 ,0x32 ,0x5F ,0x69 ,0x6E ,0x66 ,0x6F ,0x3E
 ,0x0A ,0x20 ,0x20 ,0x20 ,0x20 ,0x3C ,0x2F ,0x57
 ,0x50 ,0x5F ,0x56 ,0x41 ,0x52 ,0x49 ,0x41 ,0x4E
 ,0x54 ,0x3E ,0x0A ,0x3C ,0x2F ,0x49 ,0x57 ,0x4C
 ,0x41 ,0x4E ,0x5F ,0x53 ,0x32 ,0x42 ,0x5F ,0x43
 ,0x4F ,0x4E ,0x46 ,0x49 ,0x47 ,0x3E ,0x0A



 /* EFS file:  modem_proc/datamodem/datacfg/efs/row/ds_andsf_config.txt , Size = 314 bytes 
   Path on Disk: /data/ds_andsf_config.txt */ 

 ,0x65 ,0x01 ,0x00 ,0x00 ,0x02 ,0x19 ,0x00 ,0x00
 ,0x01, 0x00 ,0x1A ,0x00 ,0x2F ,0x64 ,0x61 ,0x74
 ,0x61 ,0x2F ,0x64 ,0x73 ,0x5F ,0x61 ,0x6E ,0x64
 ,0x73 ,0x66 ,0x5F ,0x63 ,0x6F ,0x6E ,0x66 ,0x69
 ,0x67 ,0x2E ,0x74 ,0x78 ,0x74 ,0x00
 ,0x02, 0x00 ,0x3B ,0x01 ,0x07 ,0x61 ,0x6E ,0x64
 ,0x73 ,0x66 ,0x5F ,0x72 ,0x75 ,0x6C ,0x65 ,0x5F
 ,0x6D ,0x67 ,0x72 ,0x5F ,0x61 ,0x63 ,0x74 ,0x69
 ,0x76 ,0x65 ,0x3A ,0x31 ,0x3B ,0x0A ,0x6C ,0x74
 ,0x65 ,0x5F ,0x6D ,0x65 ,0x61 ,0x73 ,0x5F ,0x61
 ,0x6C ,0x70 ,0x68 ,0x61 ,0x3A ,0x35 ,0x30 ,0x3B
 ,0x0A ,0x6C ,0x74 ,0x65 ,0x5F ,0x73 ,0x61 ,0x6D
 ,0x70 ,0x6C ,0x69 ,0x6E ,0x67 ,0x5F ,0x69 ,0x6E
 ,0x74 ,0x65 ,0x72 ,0x76 ,0x61 ,0x6C ,0x3A ,0x31
 ,0x30 ,0x30 ,0x30 ,0x3B ,0x0A ,0x6C ,0x74 ,0x65
 ,0x5F ,0x61 ,0x76 ,0x67 ,0x5F ,0x69 ,0x6E ,0x74
 ,0x65 ,0x72 ,0x76 ,0x61 ,0x6C ,0x3A ,0x35 ,0x30
 ,0x30 ,0x30 ,0x3B ,0x0A ,0x77 ,0x69 ,0x66 ,0x69
 ,0x5F ,0x6D ,0x65 ,0x61 ,0x73 ,0x5F ,0x61 ,0x6C
 ,0x70 ,0x68 ,0x61 ,0x3A ,0x36 ,0x35 ,0x3B ,0x0A
 ,0x77 ,0x69 ,0x66 ,0x69 ,0x5F ,0x73 ,0x61 ,0x6D
 ,0x70 ,0x6C ,0x69 ,0x6E ,0x67 ,0x5F ,0x69 ,0x6E
 ,0x74 ,0x65 ,0x72 ,0x76 ,0x61 ,0x6C ,0x3A ,0x31
 ,0x30 ,0x30 ,0x30 ,0x3B ,0x0A ,0x77 ,0x69 ,0x66
 ,0x69 ,0x5F ,0x61 ,0x76 ,0x67 ,0x5F ,0x69 ,0x6E
 ,0x74 ,0x65 ,0x72 ,0x76 ,0x61 ,0x6C ,0x3A ,0x35
 ,0x30 ,0x30 ,0x30 ,0x3B ,0x0A ,0x63 ,0x64 ,0x6D
 ,0x61 ,0x5F ,0x31 ,0x78 ,0x5F ,0x6D ,0x65 ,0x61
 ,0x73 ,0x5F ,0x61 ,0x6C ,0x70 ,0x68 ,0x61 ,0x3A
 ,0x35 ,0x30 ,0x3B ,0x0A ,0x63 ,0x64 ,0x6D ,0x61
 ,0x5F ,0x31 ,0x78 ,0x5F ,0x61 ,0x76 ,0x67 ,0x5F
 ,0x69 ,0x6E ,0x74 ,0x65 ,0x72 ,0x76 ,0x61 ,0x6C
 ,0x3A ,0x36 ,0x30 ,0x30 ,0x30 ,0x3B ,0x0A ,0x63
 ,0x64 ,0x6D ,0x61 ,0x5F ,0x31 ,0x78 ,0x5F ,0x61
 ,0x63 ,0x71 ,0x5F ,0x68 ,0x79 ,0x73 ,0x74 ,0x5F
 ,0x69 ,0x6E ,0x74 ,0x65 ,0x72 ,0x76 ,0x61 ,0x6C
 ,0x3A ,0x33 ,0x30 ,0x30 ,0x30 ,0x3B ,0x0A ,0x63
 ,0x64 ,0x6D ,0x61 ,0x5F ,0x31 ,0x78 ,0x5F ,0x6C
 ,0x6F ,0x73 ,0x74 ,0x5F ,0x68 ,0x79 ,0x73 ,0x74
 ,0x5F ,0x69 ,0x6E ,0x74 ,0x65 ,0x72 ,0x76 ,0x61
 ,0x6C ,0x3A ,0x33 ,0x30 ,0x30 ,0x30 ,0x3B ,0x0A
 ,0x63 ,0x64 ,0x6D ,0x61 ,0x5F ,0x31 ,0x78 ,0x5F
 ,0x73 ,0x61 ,0x6D ,0x70 ,0x6C ,0x69 ,0x6E ,0x67
 ,0x5F ,0x69 ,0x6E ,0x74 ,0x65 ,0x72 ,0x76 ,0x61
 ,0x6C ,0x3A ,0x32 ,0x30 ,0x30 ,0x30 ,0x3B



 /* EFS file:  modem_proc/datamodem/datacfg/efs/row/default_andsf.xml , Size = 1611 bytes 
   Path on Disk: /data/default_andsf.xml */ 

 ,0x74 ,0x06 ,0x00 ,0x00 ,0x02 ,0x19 ,0x00 ,0x00
 ,0x01, 0x00 ,0x18 ,0x00 ,0x2F ,0x64 ,0x61 ,0x74
 ,0x61 ,0x2F ,0x64 ,0x65 ,0x66 ,0x61 ,0x75 ,0x6C
 ,0x74 ,0x5F ,0x61 ,0x6E ,0x64 ,0x73 ,0x66 ,0x2E
 ,0x78 ,0x6D ,0x6C ,0x00
 ,0x02, 0x00 ,0x4C ,0x06 ,0x07 ,0x3C ,0x41 ,0x4E
 ,0x44 ,0x53 ,0x46 ,0x3E ,0x0A ,0x20 ,0x20 ,0x20
 ,0x20 ,0x3C ,0x4E ,0x61 ,0x6D ,0x65 ,0x3E ,0x52
 ,0x4F ,0x57 ,0x20 ,0x64 ,0x65 ,0x66 ,0x61 ,0x75
 ,0x6C ,0x74 ,0x20 ,0x50 ,0x6F ,0x6C ,0x69 ,0x63
 ,0x79 ,0x3C ,0x2F ,0x4E ,0x61 ,0x6D ,0x65 ,0x3E
 ,0x0A ,0x20 ,0x20 ,0x20 ,0x20 ,0x3C ,0x49 ,0x53
 ,0x52 ,0x50 ,0x3E ,0x0A ,0x20 ,0x20 ,0x20 ,0x20
 ,0x20 ,0x20 ,0x20 ,0x20 ,0x3C ,0x4E ,0x6F ,0x64
 ,0x65 ,0x3E ,0x0A ,0x20 ,0x20 ,0x20 ,0x20 ,0x20
 ,0x20 ,0x20 ,0x20 ,0x20 ,0x20 ,0x20 ,0x20 ,0x3C
 ,0x46 ,0x6F ,0x72 ,0x53 ,0x65 ,0x72 ,0x76 ,0x69
 ,0x63 ,0x65 ,0x42 ,0x61 ,0x73 ,0x65 ,0x64 ,0x3E
 ,0x0A ,0x20 ,0x20 ,0x20 ,0x20 ,0x20 ,0x20 ,0x20
 ,0x20 ,0x20 ,0x20 ,0x20 ,0x20 ,0x20 ,0x20 ,0x20
 ,0x20 ,0x3C ,0x4E ,0x6F ,0x64 ,0x65 ,0x3E ,0x0A
 ,0x20 ,0x20 ,0x20 ,0x20 ,0x20 ,0x20 ,0x20 ,0x20
 ,0x20 ,0x20 ,0x20 ,0x20 ,0x20 ,0x20 ,0x20 ,0x20
 ,0x20 ,0x20 ,0x20 ,0x20 ,0x3C ,0x41 ,0x50 ,0x4E
 ,0x3E ,0x69 ,0x6D ,0x73 ,0x3C ,0x2F ,0x41 ,0x50
 ,0x4E ,0x3E ,0x0A ,0x20 ,0x20 ,0x20 ,0x20 ,0x20
 ,0x20 ,0x20 ,0x20 ,0x20 ,0x20 ,0x20 ,0x20 ,0x20
 ,0x20 ,0x20 ,0x20 ,0x20 ,0x20 ,0x20 ,0x20 ,0x3C
 ,0x52 ,0x6F ,0x75 ,0x74 ,0x69 ,0x6E ,0x67 ,0x52
 ,0x75 ,0x6C ,0x65 ,0x3E ,0x0A ,0x20 ,0x20 ,0x20
 ,0x20 ,0x20 ,0x20 ,0x20 ,0x20 ,0x20 ,0x20 ,0x20
 ,0x20 ,0x20 ,0x20 ,0x20 ,0x20 ,0x20 ,0x20 ,0x20
 ,0x20 ,0x20 ,0x20 ,0x20 ,0x20 ,0x3C ,0x4E ,0x6F
 ,0x64 ,0x65 ,0x3E ,0x0A ,0x20 ,0x20 ,0x20 ,0x20
 ,0x20 ,0x20 ,0x20 ,0x20 ,0x20 ,0x20 ,0x20 ,0x20
 ,0x20 ,0x20 ,0x20 ,0x20 ,0x20 ,0x20 ,0x20 ,0x20
 ,0x20 ,0x20 ,0x20 ,0x20 ,0x20 ,0x20 ,0x20 ,0x20
 ,0x3C ,0x41 ,0x63 ,0x63 ,0x65 ,0x73 ,0x73 ,0x54
 ,0x65 ,0x63 ,0x68 ,0x6E ,0x6F ,0x6C ,0x6F ,0x67
 ,0x79 ,0x3E ,0x31 ,0x3C ,0x2F ,0x41 ,0x63 ,0x63
 ,0x65 ,0x73 ,0x73 ,0x54 ,0x65 ,0x63 ,0x68 ,0x6E
 ,0x6F ,0x6C ,0x6F ,0x67 ,0x79 ,0x3E ,0x0A ,0x20
 ,0x20 ,0x20 ,0x20 ,0x20 ,0x20 ,0x20 ,0x20 ,0x20
 ,0x20 ,0x20 ,0x20 ,0x20 ,0x20 ,0x20 ,0x20 ,0x20
 ,0x20 ,0x20 ,0x20 ,0x20 ,0x20 ,0x20 ,0x20 ,0x20
 ,0x20 ,0x20 ,0x20 ,0x3C ,0x41 ,0x63 ,0x63 ,0x65
 ,0x73 ,0x73 ,0x4E ,0x65 ,0x74 ,0x77 ,0x6F ,0x72
 ,0x6B ,0x50 ,0x72 ,0x69 ,0x6F ,0x72 ,0x69 ,0x74
 ,0x79 ,0x3E ,0x31 ,0x3C ,0x2F ,0x41 ,0x63 ,0x63
 ,0x65 ,0x73 ,0x73 ,0x4E ,0x65 ,0x74 ,0x77 ,0x6F
 ,0x72 ,0x6B ,0x50 ,0x72 ,0x69 ,0x6F ,0x72 ,0x69
 ,0x74 ,0x79 ,0x3E ,0x0A ,0x20 ,0x20 ,0x20 ,0x20
 ,0x20 ,0x20 ,0x20 ,0x20 ,0x20 ,0x20 ,0x20 ,0x20
 ,0x20 ,0x20 ,0x20 ,0x20 ,0x20 ,0x20 ,0x20 ,0x20
 ,0x20 ,0x20 ,0x20 ,0x20 ,0x3C ,0x2F ,0x4E ,0x6F
 ,0x64 ,0x65 ,0x3E ,0x0A ,0x20 ,0x20 ,0x20 ,0x20
 ,0x20 ,0x20 ,0x20 ,0x20 ,0x20 ,0x20 ,0x20 ,0x20
 ,0x20 ,0x20 ,0x20 ,0x20 ,0x20 ,0x20 ,0x20 ,0x20
 ,0x20 ,0x20 ,0x20 ,0x20 ,0x3C ,0x4E ,0x6F ,0x64
 ,0x65 ,0x3E ,0x0A ,0x20 ,0x20 ,0x20 ,0x20 ,0x20
 ,0x20 ,0x20 ,0x20 ,0x20 ,0x20 ,0x20 ,0x20 ,0x20
 ,0x20 ,0x20 ,0x20 ,0x20 ,0x20 ,0x20 ,0x20 ,0x20
 ,0x20 ,0x20 ,0x20 ,0x20 ,0x20 ,0x20 ,0x20 ,0x3C
 ,0x41 ,0x63 ,0x63 ,0x65 ,0x73 ,0x73 ,0x54 ,0x65
 ,0x63 ,0x68 ,0x6E ,0x6F ,0x6C ,0x6F ,0x67 ,0x79
 ,0x3E ,0x33 ,0x3C ,0x2F ,0x41 ,0x63 ,0x63 ,0x65
 ,0x73 ,0x73 ,0x54 ,0x65 ,0x63 ,0x68 ,0x6E ,0x6F
 ,0x6C ,0x6F ,0x67 ,0x79 ,0x3E ,0x0A ,0x20 ,0x20
 ,0x20 ,0x20 ,0x20 ,0x20 ,0x20 ,0x20 ,0x20 ,0x20
 ,0x20 ,0x20 ,0x20 ,0x20 ,0x20 ,0x20 ,0x20 ,0x20
 ,0x20 ,0x20 ,0x20 ,0x20 ,0x20 ,0x20 ,0x20 ,0x20
 ,0x20 ,0x20 ,0x3C ,0x41 ,0x63 ,0x63 ,0x65 ,0x73
 ,0x73 ,0x4E ,0x65 ,0x74 ,0x77 ,0x6F ,0x72 ,0x6B
 ,0x50 ,0x72 ,0x69 ,0x6F ,0x72 ,0x69 ,0x74 ,0x79
 ,0x3E ,0x32 ,0x3C ,0x2F ,0x41 ,0x63 ,0x63 ,0x65
 ,0x73 ,0x73 ,0x4E ,0x65 ,0x74 ,0x77 ,0x6F ,0x72
 ,0x6B ,0x50 ,0x72 ,0x69 ,0x6F ,0x72 ,0x69 ,0x74
 ,0x79 ,0x3E ,0x0A ,0x20 ,0x20 ,0x20 ,0x20 ,0x20
 ,0x20 ,0x20 ,0x20 ,0x20 ,0x20 ,0x20 ,0x20 ,0x20
 ,0x20 ,0x20 ,0x20 ,0x20 ,0x20 ,0x20 ,0x20 ,0x20
 ,0x20 ,0x20 ,0x20 ,0x3C ,0x2F ,0x4E ,0x6F ,0x64
 ,0x65 ,0x3E ,0x0A ,0x20 ,0x20 ,0x20 ,0x20 ,0x20
 ,0x20 ,0x20 ,0x20 ,0x20 ,0x20 ,0x20 ,0x20 ,0x20
 ,0x20 ,0x20 ,0x20 ,0x20 ,0x20 ,0x20 ,0x20 ,0x3C
 ,0x2F ,0x52 ,0x6F ,0x75 ,0x74 ,0x69 ,0x6E ,0x67
 ,0x52 ,0x75 ,0x6C ,0x65 ,0x3E ,0x0A ,0x20 ,0x20
 ,0x20 ,0x20 ,0x20 ,0x20 ,0x20 ,0x20 ,0x20 ,0x20
 ,0x20 ,0x20 ,0x20 ,0x20 ,0x20 ,0x20 ,0x20 ,0x20
 ,0x20 ,0x20 ,0x3C ,0x49 ,0x73 ,0x41 ,0x50 ,0x49
 ,0x4F ,0x76 ,0x65 ,0x72 ,0x72 ,0x69 ,0x64 ,0x65
 ,0x3E ,0x31 ,0x3C ,0x2F ,0x49 ,0x73 ,0x41 ,0x50
 ,0x49 ,0x4F ,0x76 ,0x65 ,0x72 ,0x72 ,0x69 ,0x64
 ,0x65 ,0x3E ,0x0A ,0x20 ,0x20 ,0x20 ,0x20 ,0x20
 ,0x20 ,0x20 ,0x20 ,0x20 ,0x20 ,0x20 ,0x20 ,0x20
 ,0x20 ,0x20 ,0x20 ,0x20 ,0x20 ,0x20 ,0x20 ,0x3C
 ,0x52 ,0x75 ,0x6C ,0x65 ,0x50 ,0x72 ,0x69 ,0x6F
 ,0x72 ,0x69 ,0x74 ,0x79 ,0x3E ,0x31 ,0x3C ,0x2F
 ,0x52 ,0x75 ,0x6C ,0x65 ,0x50 ,0x72 ,0x69 ,0x6F
 ,0x72 ,0x69 ,0x74 ,0x79 ,0x3E ,0x0A ,0x20 ,0x20
 ,0x20 ,0x20 ,0x20 ,0x20 ,0x20 ,0x20 ,0x20 ,0x20
 ,0x20 ,0x20 ,0x20 ,0x20 ,0x20 ,0x20 ,0x3C ,0x2F
 ,0x4E ,0x6F ,0x64 ,0x65 ,0x3E ,0x0A ,0x20 ,0x20
 ,0x20 ,0x20 ,0x20 ,0x20 ,0x20 ,0x20 ,0x20 ,0x20
 ,0x20 ,0x20 ,0x20 ,0x20 ,0x20 ,0x3C ,0x4E ,0x6F
 ,0x64 ,0x65 ,0x3E ,0x0A ,0x20 ,0x20 ,0x20 ,0x20
 ,0x20 ,0x20 ,0x20 ,0x20 ,0x20 ,0x20 ,0x20 ,0x20
 ,0x20 ,0x20 ,0x20 ,0x20 ,0x20 ,0x20 ,0x20 ,0x20
 ,0x3C ,0x41 ,0x50 ,0x4E ,0x3E ,0x73 ,0x6F ,0x73
 ,0x3C ,0x2F ,0x41 ,0x50 ,0x4E ,0x3E ,0x0A ,0x20
 ,0x20 ,0x20 ,0x20 ,0x20 ,0x20 ,0x20 ,0x20 ,0x20
 ,0x20 ,0x20 ,0x20 ,0x20 ,0x20 ,0x20 ,0x20 ,0x20
 ,0x20 ,0x20 ,0x20 ,0x3C ,0x52 ,0x6F ,0x75 ,0x74
 ,0x69 ,0x6E ,0x67 ,0x52 ,0x75 ,0x6C ,0x65 ,0x3E
 ,0x0A ,0x20 ,0x20 ,0x20 ,0x20 ,0x20 ,0x20 ,0x20
 ,0x20 ,0x20 ,0x20 ,0x20 ,0x20 ,0x20 ,0x20 ,0x20
 ,0x20 ,0x20 ,0x20 ,0x20 ,0x20 ,0x20 ,0x20 ,0x20
 ,0x20 ,0x3C ,0x4E ,0x6F ,0x64 ,0x65 ,0x3E ,0x0A
 ,0x20 ,0x20 ,0x20 ,0x20 ,0x20 ,0x20 ,0x20 ,0x20
 ,0x20 ,0x20 ,0x20 ,0x20 ,0x20 ,0x20 ,0x20 ,0x20
 ,0x20 ,0x20 ,0x20 ,0x20 ,0x20 ,0x20 ,0x20 ,0x20
 ,0x20 ,0x20 ,0x20 ,0x20 ,0x3C ,0x41 ,0x63 ,0x63
 ,0x65 ,0x73 ,0x73 ,0x54 ,0x65 ,0x63 ,0x68 ,0x6E
 ,0x6F ,0x6C ,0x6F ,0x67 ,0x79 ,0x3E ,0x31 ,0x3C
 ,0x2F ,0x41 ,0x63 ,0x63 ,0x65 ,0x73 ,0x73 ,0x54
 ,0x65 ,0x63 ,0x68 ,0x6E ,0x6F ,0x6C ,0x6F ,0x67
 ,0x79 ,0x3E ,0x0A ,0x20 ,0x20 ,0x20 ,0x20 ,0x20
 ,0x20 ,0x20 ,0x20 ,0x20 ,0x20 ,0x20 ,0x20 ,0x20
 ,0x20 ,0x20 ,0x20 ,0x20 ,0x20 ,0x20 ,0x20 ,0x20
 ,0x20 ,0x20 ,0x20 ,0x20 ,0x20 ,0x20 ,0x20 ,0x3C
 ,0x41 ,0x63 ,0x63 ,0x65 ,0x73 ,0x73 ,0x4E ,0x65
 ,0x74 ,0x77 ,0x6F ,0x72 ,0x6B ,0x50 ,0x72 ,0x69
 ,0x6F ,0x72 ,0x69 ,0x74 ,0x79 ,0x3E ,0x31 ,0x3C
 ,0x2F ,0x41 ,0x63 ,0x63 ,0x65 ,0x73 ,0x73 ,0x4E
 ,0x65 ,0x74 ,0x77 ,0x6F ,0x72 ,0x6B ,0x50 ,0x72
 ,0x69 ,0x6F ,0x72 ,0x69 ,0x74 ,0x79 ,0x3E ,0x0A
 ,0x20 ,0x20 ,0x20 ,0x20 ,0x20 ,0x20 ,0x20 ,0x20
 ,0x20 ,0x20 ,0x20 ,0x20 ,0x20 ,0x20 ,0x20 ,0x20
 ,0x20 ,0x20 ,0x20 ,0x20 ,0x20 ,0x20 ,0x20 ,0x20
 ,0x3C ,0x2F ,0x4E ,0x6F ,0x64 ,0x65 ,0x3E ,0x0A
 ,0x20 ,0x20 ,0x20 ,0x20 ,0x20 ,0x20 ,0x20 ,0x20
 ,0x20 ,0x20 ,0x20 ,0x20 ,0x20 ,0x20 ,0x20 ,0x20
 ,0x20 ,0x20 ,0x20 ,0x20 ,0x20 ,0x20 ,0x20 ,0x20
 ,0x3C ,0x4E ,0x6F ,0x64 ,0x65 ,0x3E ,0x0A ,0x20
 ,0x20 ,0x20 ,0x20 ,0x20 ,0x20 ,0x20 ,0x20 ,0x20
 ,0x20 ,0x20 ,0x20 ,0x20 ,0x20 ,0x20 ,0x20 ,0x20
 ,0x20 ,0x20 ,0x20 ,0x20 ,0x20 ,0x20 ,0x20 ,0x20
 ,0x20 ,0x20 ,0x20 ,0x3C ,0x41 ,0x63 ,0x63 ,0x65
 ,0x73 ,0x73 ,0x54 ,0x65 ,0x63 ,0x68 ,0x6E ,0x6F
 ,0x6C ,0x6F ,0x67 ,0x79 ,0x3E ,0x33 ,0x3C ,0x2F
 ,0x41 ,0x63 ,0x63 ,0x65 ,0x73 ,0x73 ,0x54 ,0x65
 ,0x63 ,0x68 ,0x6E ,0x6F ,0x6C ,0x6F ,0x67 ,0x79
 ,0x3E ,0x0A ,0x20 ,0x20 ,0x20 ,0x20 ,0x20 ,0x20
 ,0x20 ,0x20 ,0x20 ,0x20 ,0x20 ,0x20 ,0x20 ,0x20
 ,0x20 ,0x20 ,0x20 ,0x20 ,0x20 ,0x20 ,0x20 ,0x20
 ,0x20 ,0x20 ,0x20 ,0x20 ,0x20 ,0x20 ,0x3C ,0x41
 ,0x63 ,0x63 ,0x65 ,0x73 ,0x73 ,0x4E ,0x65 ,0x74
 ,0x77 ,0x6F ,0x72 ,0x6B ,0x50 ,0x72 ,0x69 ,0x6F
 ,0x72 ,0x69 ,0x74 ,0x79 ,0x3E ,0x32 ,0x3C ,0x2F
 ,0x41 ,0x63 ,0x63 ,0x65 ,0x73 ,0x73 ,0x4E ,0x65
 ,0x74 ,0x77 ,0x6F ,0x72 ,0x6B ,0x50 ,0x72 ,0x69
 ,0x6F ,0x72 ,0x69 ,0x74 ,0x79 ,0x3E ,0x0A ,0x20
 ,0x20 ,0x20 ,0x20 ,0x20 ,0x20 ,0x20 ,0x20 ,0x20
 ,0x20 ,0x20 ,0x20 ,0x20 ,0x20 ,0x20 ,0x20 ,0x20
 ,0x20 ,0x20 ,0x20 ,0x20 ,0x20 ,0x20 ,0x20 ,0x3C
 ,0x2F ,0x4E ,0x6F ,0x64 ,0x65 ,0x3E ,0x0A ,0x20
 ,0x20 ,0x20 ,0x20 ,0x20 ,0x20 ,0x20 ,0x20 ,0x20
 ,0x20 ,0x20 ,0x20 ,0x20 ,0x20 ,0x20 ,0x20 ,0x20
 ,0x20 ,0x20 ,0x20 ,0x3C ,0x2F ,0x52 ,0x6F ,0x75
 ,0x74 ,0x69 ,0x6E ,0x67 ,0x52 ,0x75 ,0x6C ,0x65
 ,0x3E ,0x0A ,0x20 ,0x20 ,0x20 ,0x20 ,0x20 ,0x20
 ,0x20 ,0x20 ,0x20 ,0x20 ,0x20 ,0x20 ,0x20 ,0x20
 ,0x20 ,0x20 ,0x20 ,0x20 ,0x20 ,0x20 ,0x3C ,0x49
 ,0x73 ,0x41 ,0x50 ,0x49 ,0x4F ,0x76 ,0x65 ,0x72
 ,0x72 ,0x69 ,0x64 ,0x65 ,0x3E ,0x31 ,0x3C ,0x2F
 ,0x49 ,0x73 ,0x41 ,0x50 ,0x49 ,0x4F ,0x76 ,0x65
 ,0x72 ,0x72 ,0x69 ,0x64 ,0x65 ,0x3E ,0x0A ,0x20
 ,0x20 ,0x20 ,0x20 ,0x20 ,0x20 ,0x20 ,0x20 ,0x20
 ,0x20 ,0x20 ,0x20 ,0x20 ,0x20 ,0x20 ,0x20 ,0x20
 ,0x20 ,0x20 ,0x3C ,0x52 ,0x75 ,0x6C ,0x65 ,0x50
 ,0x72 ,0x69 ,0x6F ,0x72 ,0x69 ,0x74 ,0x79 ,0x3E
 ,0x31 ,0x3C ,0x2F ,0x52 ,0x75 ,0x6C ,0x65 ,0x50
 ,0x72 ,0x69 ,0x6F ,0x72 ,0x69 ,0x74 ,0x79 ,0x3E
 ,0x0A ,0x20 ,0x20 ,0x20 ,0x20 ,0x20 ,0x20 ,0x20
 ,0x20 ,0x20 ,0x20 ,0x20 ,0x20 ,0x20 ,0x20 ,0x20
 ,0x20 ,0x3C ,0x2F ,0x4E ,0x6F ,0x64 ,0x65 ,0x3E
 ,0x0A ,0x20 ,0x20 ,0x20 ,0x20 ,0x20 ,0x20 ,0x20
 ,0x20 ,0x20 ,0x20 ,0x20 ,0x20 ,0x3C ,0x2F ,0x46
 ,0x6F ,0x72 ,0x53 ,0x65 ,0x72 ,0x76 ,0x69 ,0x63
 ,0x65 ,0x42 ,0x61 ,0x73 ,0x65 ,0x64 ,0x3E ,0x0A
 ,0x20 ,0x20 ,0x20 ,0x20 ,0x20 ,0x20 ,0x20 ,0x20
 ,0x20 ,0x20 ,0x20 ,0x20 ,0x3C ,0x52 ,0x6F ,0x61
 ,0x6D ,0x69 ,0x6E ,0x67 ,0x3E ,0x30 ,0x3C ,0x2F
 ,0x52 ,0x6F ,0x61 ,0x6D ,0x69 ,0x6E ,0x67 ,0x3E
 ,0x0A ,0x20 ,0x20 ,0x20 ,0x20 ,0x20 ,0x20 ,0x20
 ,0x20 ,0x20 ,0x20 ,0x20 ,0x20 ,0x3C ,0x50 ,0x4C
 ,0x4D ,0x4E ,0x3E ,0x31 ,0x32 ,0x33 ,0x34 ,0x34
 ,0x3C ,0x2F ,0x50 ,0x4C ,0x4D ,0x4E ,0x3E ,0x0A
 ,0x20 ,0x20 ,0x20 ,0x20 ,0x20 ,0x20 ,0x20 ,0x20
 ,0x20 ,0x20 ,0x20 ,0x20 ,0x3C ,0x55 ,0x70 ,0x64
 ,0x61 ,0x74 ,0x65 ,0x50 ,0x6F ,0x6C ,0x69 ,0x63
 ,0x79 ,0x3E ,0x30 ,0x3C ,0x2F ,0x55 ,0x70 ,0x64
 ,0x61 ,0x74 ,0x65 ,0x50 ,0x6F ,0x6C ,0x69 ,0x63
 ,0x79 ,0x3E ,0x0A ,0x20 ,0x20 ,0x20 ,0x20 ,0x20
 ,0x20 ,0x20 ,0x20 ,0x3C ,0x2F ,0x4E ,0x6F ,0x64
 ,0x65 ,0x3E ,0x0A ,0x20 ,0x20 ,0x20 ,0x20 ,0x3C
 ,0x2F ,0x49 ,0x53 ,0x52 ,0x50 ,0x3E ,0x0A ,0x20
 ,0x3C ,0x2F ,0x41 ,0x4E ,0x44 ,0x53 ,0x46 ,0x3E




 /* EFS file:  modem_proc/datamodem/datacfg/efs/row/andsf.xml , Size = 1611 bytes 
   Path on Disk: /data/andsf.xml */ 

 ,0x6C ,0x06 ,0x00 ,0x00 ,0x02 ,0x19 ,0x00 ,0x00
 ,0x01, 0x00 ,0x10 ,0x00 ,0x2F ,0x64 ,0x61 ,0x74
 ,0x61 ,0x2F ,0x61 ,0x6E ,0x64 ,0x73 ,0x66 ,0x2E
 ,0x78 ,0x6D ,0x6C ,0x00
 ,0x02, 0x00 ,0x4C ,0x06 ,0x07 ,0x3C ,0x41 ,0x4E
 ,0x44 ,0x53 ,0x46 ,0x3E ,0x0A ,0x20 ,0x20 ,0x20
 ,0x20 ,0x3C ,0x4E ,0x61 ,0x6D ,0x65 ,0x3E ,0x52
 ,0x4F ,0x57 ,0x20 ,0x64 ,0x65 ,0x66 ,0x61 ,0x75
 ,0x6C ,0x74 ,0x20 ,0x50 ,0x6F ,0x6C ,0x69 ,0x63
 ,0x79 ,0x3C ,0x2F ,0x4E ,0x61 ,0x6D ,0x65 ,0x3E
 ,0x0A ,0x20 ,0x20 ,0x20 ,0x20 ,0x3C ,0x49 ,0x53
 ,0x52 ,0x50 ,0x3E ,0x0A ,0x20 ,0x20 ,0x20 ,0x20
 ,0x20 ,0x20 ,0x20 ,0x20 ,0x3C ,0x4E ,0x6F ,0x64
 ,0x65 ,0x3E ,0x0A ,0x20 ,0x20 ,0x20 ,0x20 ,0x20
 ,0x20 ,0x20 ,0x20 ,0x20 ,0x20 ,0x20 ,0x20 ,0x3C
 ,0x46 ,0x6F ,0x72 ,0x53 ,0x65 ,0x72 ,0x76 ,0x69
 ,0x63 ,0x65 ,0x42 ,0x61 ,0x73 ,0x65 ,0x64 ,0x3E
 ,0x0A ,0x20 ,0x20 ,0x20 ,0x20 ,0x20 ,0x20 ,0x20
 ,0x20 ,0x20 ,0x20 ,0x20 ,0x20 ,0x20 ,0x20 ,0x20
 ,0x20 ,0x3C ,0x4E ,0x6F ,0x64 ,0x65 ,0x3E ,0x0A
 ,0x20 ,0x20 ,0x20 ,0x20 ,0x20 ,0x20 ,0x20 ,0x20
 ,0x20 ,0x20 ,0x20 ,0x20 ,0x20 ,0x20 ,0x20 ,0x20
 ,0x20 ,0x20 ,0x20 ,0x20 ,0x3C ,0x41 ,0x50 ,0x4E
 ,0x3E ,0x69 ,0x6D ,0x73 ,0x3C ,0x2F ,0x41 ,0x50
 ,0x4E ,0x3E ,0x0A ,0x20 ,0x20 ,0x20 ,0x20 ,0x20
 ,0x20 ,0x20 ,0x20 ,0x20 ,0x20 ,0x20 ,0x20 ,0x20
 ,0x20 ,0x20 ,0x20 ,0x20 ,0x20 ,0x20 ,0x20 ,0x3C
 ,0x52 ,0x6F ,0x75 ,0x74 ,0x69 ,0x6E ,0x67 ,0x52
 ,0x75 ,0x6C ,0x65 ,0x3E ,0x0A ,0x20 ,0x20 ,0x20
 ,0x20 ,0x20 ,0x20 ,0x20 ,0x20 ,0x20 ,0x20 ,0x20
 ,0x20 ,0x20 ,0x20 ,0x20 ,0x20 ,0x20 ,0x20 ,0x20
 ,0x20 ,0x20 ,0x20 ,0x20 ,0x20 ,0x3C ,0x4E ,0x6F
 ,0x64 ,0x65 ,0x3E ,0x0A ,0x20 ,0x20 ,0x20 ,0x20
 ,0x20 ,0x20 ,0x20 ,0x20 ,0x20 ,0x20 ,0x20 ,0x20
 ,0x20 ,0x20 ,0x20 ,0x20 ,0x20 ,0x20 ,0x20 ,0x20
 ,0x20 ,0x20 ,0x20 ,0x20 ,0x20 ,0x20 ,0x20 ,0x20
 ,0x3C ,0x41 ,0x63 ,0x63 ,0x65 ,0x73 ,0x73 ,0x54
 ,0x65 ,0x63 ,0x68 ,0x6E ,0x6F ,0x6C ,0x6F ,0x67
 ,0x79 ,0x3E ,0x31 ,0x3C ,0x2F ,0x41 ,0x63 ,0x63
 ,0x65 ,0x73 ,0x73 ,0x54 ,0x65 ,0x63 ,0x68 ,0x6E
 ,0x6F ,0x6C ,0x6F ,0x67 ,0x79 ,0x3E ,0x0A ,0x20
 ,0x20 ,0x20 ,0x20 ,0x20 ,0x20 ,0x20 ,0x20 ,0x20
 ,0x20 ,0x20 ,0x20 ,0x20 ,0x20 ,0x20 ,0x20 ,0x20
 ,0x20 ,0x20 ,0x20 ,0x20 ,0x20 ,0x20 ,0x20 ,0x20
 ,0x20 ,0x20 ,0x20 ,0x3C ,0x41 ,0x63 ,0x63 ,0x65
 ,0x73 ,0x73 ,0x4E ,0x65 ,0x74 ,0x77 ,0x6F ,0x72
 ,0x6B ,0x50 ,0x72 ,0x69 ,0x6F ,0x72 ,0x69 ,0x74
 ,0x79 ,0x3E ,0x31 ,0x3C ,0x2F ,0x41 ,0x63 ,0x63
 ,0x65 ,0x73 ,0x73 ,0x4E ,0x65 ,0x74 ,0x77 ,0x6F
 ,0x72 ,0x6B ,0x50 ,0x72 ,0x69 ,0x6F ,0x72 ,0x69
 ,0x74 ,0x79 ,0x3E ,0x0A ,0x20 ,0x20 ,0x20 ,0x20
 ,0x20 ,0x20 ,0x20 ,0x20 ,0x20 ,0x20 ,0x20 ,0x20
 ,0x20 ,0x20 ,0x20 ,0x20 ,0x20 ,0x20 ,0x20 ,0x20
 ,0x20 ,0x20 ,0x20 ,0x20 ,0x3C ,0x2F ,0x4E ,0x6F
 ,0x64 ,0x65 ,0x3E ,0x0A ,0x20 ,0x20 ,0x20 ,0x20
 ,0x20 ,0x20 ,0x20 ,0x20 ,0x20 ,0x20 ,0x20 ,0x20
 ,0x20 ,0x20 ,0x20 ,0x20 ,0x20 ,0x20 ,0x20 ,0x20
 ,0x20 ,0x20 ,0x20 ,0x20 ,0x3C ,0x4E ,0x6F ,0x64
 ,0x65 ,0x3E ,0x0A ,0x20 ,0x20 ,0x20 ,0x20 ,0x20
 ,0x20 ,0x20 ,0x20 ,0x20 ,0x20 ,0x20 ,0x20 ,0x20
 ,0x20 ,0x20 ,0x20 ,0x20 ,0x20 ,0x20 ,0x20 ,0x20
 ,0x20 ,0x20 ,0x20 ,0x20 ,0x20 ,0x20 ,0x20 ,0x3C
 ,0x41 ,0x63 ,0x63 ,0x65 ,0x73 ,0x73 ,0x54 ,0x65
 ,0x63 ,0x68 ,0x6E ,0x6F ,0x6C ,0x6F ,0x67 ,0x79
 ,0x3E ,0x33 ,0x3C ,0x2F ,0x41 ,0x63 ,0x63 ,0x65
 ,0x73 ,0x73 ,0x54 ,0x65 ,0x63 ,0x68 ,0x6E ,0x6F
 ,0x6C ,0x6F ,0x67 ,0x79 ,0x3E ,0x0A ,0x20 ,0x20
 ,0x20 ,0x20 ,0x20 ,0x20 ,0x20 ,0x20 ,0x20 ,0x20
 ,0x20 ,0x20 ,0x20 ,0x20 ,0x20 ,0x20 ,0x20 ,0x20
 ,0x20 ,0x20 ,0x20 ,0x20 ,0x20 ,0x20 ,0x20 ,0x20
 ,0x20 ,0x20 ,0x3C ,0x41 ,0x63 ,0x63 ,0x65 ,0x73
 ,0x73 ,0x4E ,0x65 ,0x74 ,0x77 ,0x6F ,0x72 ,0x6B
 ,0x50 ,0x72 ,0x69 ,0x6F ,0x72 ,0x69 ,0x74 ,0x79
 ,0x3E ,0x32 ,0x3C ,0x2F ,0x41 ,0x63 ,0x63 ,0x65
 ,0x73 ,0x73 ,0x4E ,0x65 ,0x74 ,0x77 ,0x6F ,0x72
 ,0x6B ,0x50 ,0x72 ,0x69 ,0x6F ,0x72 ,0x69 ,0x74
 ,0x79 ,0x3E ,0x0A ,0x20 ,0x20 ,0x20 ,0x20 ,0x20
 ,0x20 ,0x20 ,0x20 ,0x20 ,0x20 ,0x20 ,0x20 ,0x20
 ,0x20 ,0x20 ,0x20 ,0x20 ,0x20 ,0x20 ,0x20 ,0x20
 ,0x20 ,0x20 ,0x20 ,0x3C ,0x2F ,0x4E ,0x6F ,0x64
 ,0x65 ,0x3E ,0x0A ,0x20 ,0x20 ,0x20 ,0x20 ,0x20
 ,0x20 ,0x20 ,0x20 ,0x20 ,0x20 ,0x20 ,0x20 ,0x20
 ,0x20 ,0x20 ,0x20 ,0x20 ,0x20 ,0x20 ,0x20 ,0x3C
 ,0x2F ,0x52 ,0x6F ,0x75 ,0x74 ,0x69 ,0x6E ,0x67
 ,0x52 ,0x75 ,0x6C ,0x65 ,0x3E ,0x0A ,0x20 ,0x20
 ,0x20 ,0x20 ,0x20 ,0x20 ,0x20 ,0x20 ,0x20 ,0x20
 ,0x20 ,0x20 ,0x20 ,0x20 ,0x20 ,0x20 ,0x20 ,0x20
 ,0x20 ,0x20 ,0x3C ,0x49 ,0x73 ,0x41 ,0x50 ,0x49
 ,0x4F ,0x76 ,0x65 ,0x72 ,0x72 ,0x69 ,0x64 ,0x65
 ,0x3E ,0x31 ,0x3C ,0x2F ,0x49 ,0x73 ,0x41 ,0x50
 ,0x49 ,0x4F ,0x76 ,0x65 ,0x72 ,0x72 ,0x69 ,0x64
 ,0x65 ,0x3E ,0x0A ,0x20 ,0x20 ,0x20 ,0x20 ,0x20
 ,0x20 ,0x20 ,0x20 ,0x20 ,0x20 ,0x20 ,0x20 ,0x20
 ,0x20 ,0x20 ,0x20 ,0x20 ,0x20 ,0x20 ,0x20 ,0x3C
 ,0x52 ,0x75 ,0x6C ,0x65 ,0x50 ,0x72 ,0x69 ,0x6F
 ,0x72 ,0x69 ,0x74 ,0x79 ,0x3E ,0x31 ,0x3C ,0x2F
 ,0x52 ,0x75 ,0x6C ,0x65 ,0x50 ,0x72 ,0x69 ,0x6F
 ,0x72 ,0x69 ,0x74 ,0x79 ,0x3E ,0x0A ,0x20 ,0x20
 ,0x20 ,0x20 ,0x20 ,0x20 ,0x20 ,0x20 ,0x20 ,0x20
 ,0x20 ,0x20 ,0x20 ,0x20 ,0x20 ,0x20 ,0x3C ,0x2F
 ,0x4E ,0x6F ,0x64 ,0x65 ,0x3E ,0x0A ,0x20 ,0x20
 ,0x20 ,0x20 ,0x20 ,0x20 ,0x20 ,0x20 ,0x20 ,0x20
 ,0x20 ,0x20 ,0x20 ,0x20 ,0x20 ,0x3C ,0x4E ,0x6F
 ,0x64 ,0x65 ,0x3E ,0x0A ,0x20 ,0x20 ,0x20 ,0x20
 ,0x20 ,0x20 ,0x20 ,0x20 ,0x20 ,0x20 ,0x20 ,0x20
 ,0x20 ,0x20 ,0x20 ,0x20 ,0x20 ,0x20 ,0x20 ,0x20
 ,0x3C ,0x41 ,0x50 ,0x4E ,0x3E ,0x73 ,0x6F ,0x73
 ,0x3C ,0x2F ,0x41 ,0x50 ,0x4E ,0x3E ,0x0A ,0x20
 ,0x20 ,0x20 ,0x20 ,0x20 ,0x20 ,0x20 ,0x20 ,0x20
 ,0x20 ,0x20 ,0x20 ,0x20 ,0x20 ,0x20 ,0x20 ,0x20
 ,0x20 ,0x20 ,0x20 ,0x3C ,0x52 ,0x6F ,0x75 ,0x74
 ,0x69 ,0x6E ,0x67 ,0x52 ,0x75 ,0x6C ,0x65 ,0x3E
 ,0x0A ,0x20 ,0x20 ,0x20 ,0x20 ,0x20 ,0x20 ,0x20
 ,0x20 ,0x20 ,0x20 ,0x20 ,0x20 ,0x20 ,0x20 ,0x20
 ,0x20 ,0x20 ,0x20 ,0x20 ,0x20 ,0x20 ,0x20 ,0x20
 ,0x20 ,0x3C ,0x4E ,0x6F ,0x64 ,0x65 ,0x3E ,0x0A
 ,0x20 ,0x20 ,0x20 ,0x20 ,0x20 ,0x20 ,0x20 ,0x20
 ,0x20 ,0x20 ,0x20 ,0x20 ,0x20 ,0x20 ,0x20 ,0x20
 ,0x20 ,0x20 ,0x20 ,0x20 ,0x20 ,0x20 ,0x20 ,0x20
 ,0x20 ,0x20 ,0x20 ,0x20 ,0x3C ,0x41 ,0x63 ,0x63
 ,0x65 ,0x73 ,0x73 ,0x54 ,0x65 ,0x63 ,0x68 ,0x6E
 ,0x6F ,0x6C ,0x6F ,0x67 ,0x79 ,0x3E ,0x31 ,0x3C
 ,0x2F ,0x41 ,0x63 ,0x63 ,0x65 ,0x73 ,0x73 ,0x54
 ,0x65 ,0x63 ,0x68 ,0x6E ,0x6F ,0x6C ,0x6F ,0x67
 ,0x79 ,0x3E ,0x0A ,0x20 ,0x20 ,0x20 ,0x20 ,0x20
 ,0x20 ,0x20 ,0x20 ,0x20 ,0x20 ,0x20 ,0x20 ,0x20
 ,0x20 ,0x20 ,0x20 ,0x20 ,0x20 ,0x20 ,0x20 ,0x20
 ,0x20 ,0x20 ,0x20 ,0x20 ,0x20 ,0x20 ,0x20 ,0x3C
 ,0x41 ,0x63 ,0x63 ,0x65 ,0x73 ,0x73 ,0x4E ,0x65
 ,0x74 ,0x77 ,0x6F ,0x72 ,0x6B ,0x50 ,0x72 ,0x69
 ,0x6F ,0x72 ,0x69 ,0x74 ,0x79 ,0x3E ,0x31 ,0x3C
 ,0x2F ,0x41 ,0x63 ,0x63 ,0x65 ,0x73 ,0x73 ,0x4E
 ,0x65 ,0x74 ,0x77 ,0x6F ,0x72 ,0x6B ,0x50 ,0x72
 ,0x69 ,0x6F ,0x72 ,0x69 ,0x74 ,0x79 ,0x3E ,0x0A
 ,0x20 ,0x20 ,0x20 ,0x20 ,0x20 ,0x20 ,0x20 ,0x20
 ,0x20 ,0x20 ,0x20 ,0x20 ,0x20 ,0x20 ,0x20 ,0x20
 ,0x20 ,0x20 ,0x20 ,0x20 ,0x20 ,0x20 ,0x20 ,0x20
 ,0x3C ,0x2F ,0x4E ,0x6F ,0x64 ,0x65 ,0x3E ,0x0A
 ,0x20 ,0x20 ,0x20 ,0x20 ,0x20 ,0x20 ,0x20 ,0x20
 ,0x20 ,0x20 ,0x20 ,0x20 ,0x20 ,0x20 ,0x20 ,0x20
 ,0x20 ,0x20 ,0x20 ,0x20 ,0x20 ,0x20 ,0x20 ,0x20
 ,0x3C ,0x4E ,0x6F ,0x64 ,0x65 ,0x3E ,0x0A ,0x20
 ,0x20 ,0x20 ,0x20 ,0x20 ,0x20 ,0x20 ,0x20 ,0x20
 ,0x20 ,0x20 ,0x20 ,0x20 ,0x20 ,0x20 ,0x20 ,0x20
 ,0x20 ,0x20 ,0x20 ,0x20 ,0x20 ,0x20 ,0x20 ,0x20
 ,0x20 ,0x20 ,0x20 ,0x3C ,0x41 ,0x63 ,0x63 ,0x65
 ,0x73 ,0x73 ,0x54 ,0x65 ,0x63 ,0x68 ,0x6E ,0x6F
 ,0x6C ,0x6F ,0x67 ,0x79 ,0x3E ,0x33 ,0x3C ,0x2F
 ,0x41 ,0x63 ,0x63 ,0x65 ,0x73 ,0x73 ,0x54 ,0x65
 ,0x63 ,0x68 ,0x6E ,0x6F ,0x6C ,0x6F ,0x67 ,0x79
 ,0x3E ,0x0A ,0x20 ,0x20 ,0x20 ,0x20 ,0x20 ,0x20
 ,0x20 ,0x20 ,0x20 ,0x20 ,0x20 ,0x20 ,0x20 ,0x20
 ,0x20 ,0x20 ,0x20 ,0x20 ,0x20 ,0x20 ,0x20 ,0x20
 ,0x20 ,0x20 ,0x20 ,0x20 ,0x20 ,0x20 ,0x3C ,0x41
 ,0x63 ,0x63 ,0x65 ,0x73 ,0x73 ,0x4E ,0x65 ,0x74
 ,0x77 ,0x6F ,0x72 ,0x6B ,0x50 ,0x72 ,0x69 ,0x6F
 ,0x72 ,0x69 ,0x74 ,0x79 ,0x3E ,0x32 ,0x3C ,0x2F
 ,0x41 ,0x63 ,0x63 ,0x65 ,0x73 ,0x73 ,0x4E ,0x65
 ,0x74 ,0x77 ,0x6F ,0x72 ,0x6B ,0x50 ,0x72 ,0x69
 ,0x6F ,0x72 ,0x69 ,0x74 ,0x79 ,0x3E ,0x0A ,0x20
 ,0x20 ,0x20 ,0x20 ,0x20 ,0x20 ,0x20 ,0x20 ,0x20
 ,0x20 ,0x20 ,0x20 ,0x20 ,0x20 ,0x20 ,0x20 ,0x20
 ,0x20 ,0x20 ,0x20 ,0x20 ,0x20 ,0x20 ,0x20 ,0x3C
 ,0x2F ,0x4E ,0x6F ,0x64 ,0x65 ,0x3E ,0x0A ,0x20
 ,0x20 ,0x20 ,0x20 ,0x20 ,0x20 ,0x20 ,0x20 ,0x20
 ,0x20 ,0x20 ,0x20 ,0x20 ,0x20 ,0x20 ,0x20 ,0x20
 ,0x20 ,0x20 ,0x20 ,0x3C ,0x2F ,0x52 ,0x6F ,0x75
 ,0x74 ,0x69 ,0x6E ,0x67 ,0x52 ,0x75 ,0x6C ,0x65
 ,0x3E ,0x0A ,0x20 ,0x20 ,0x20 ,0x20 ,0x20 ,0x20
 ,0x20 ,0x20 ,0x20 ,0x20 ,0x20 ,0x20 ,0x20 ,0x20
 ,0x20 ,0x20 ,0x20 ,0x20 ,0x20 ,0x20 ,0x3C ,0x49
 ,0x73 ,0x41 ,0x50 ,0x49 ,0x4F ,0x76 ,0x65 ,0x72
 ,0x72 ,0x69 ,0x64 ,0x65 ,0x3E ,0x31 ,0x3C ,0x2F
 ,0x49 ,0x73 ,0x41 ,0x50 ,0x49 ,0x4F ,0x76 ,0x65
 ,0x72 ,0x72 ,0x69 ,0x64 ,0x65 ,0x3E ,0x0A ,0x20
 ,0x20 ,0x20 ,0x20 ,0x20 ,0x20 ,0x20 ,0x20 ,0x20
 ,0x20 ,0x20 ,0x20 ,0x20 ,0x20 ,0x20 ,0x20 ,0x20
 ,0x20 ,0x20 ,0x3C ,0x52 ,0x75 ,0x6C ,0x65 ,0x50
 ,0x72 ,0x69 ,0x6F ,0x72 ,0x69 ,0x74 ,0x79 ,0x3E
 ,0x31 ,0x3C ,0x2F ,0x52 ,0x75 ,0x6C ,0x65 ,0x50
 ,0x72 ,0x69 ,0x6F ,0x72 ,0x69 ,0x74 ,0x79 ,0x3E
 ,0x0A ,0x20 ,0x20 ,0x20 ,0x20 ,0x20 ,0x20 ,0x20
 ,0x20 ,0x20 ,0x20 ,0x20 ,0x20 ,0x20 ,0x20 ,0x20
 ,0x20 ,0x3C ,0x2F ,0x4E ,0x6F ,0x64 ,0x65 ,0x3E
 ,0x0A ,0x20 ,0x20 ,0x20 ,0x20 ,0x20 ,0x20 ,0x20
 ,0x20 ,0x20 ,0x20 ,0x20 ,0x20 ,0x3C ,0x2F ,0x46
 ,0x6F ,0x72 ,0x53 ,0x65 ,0x72 ,0x76 ,0x69 ,0x63
 ,0x65 ,0x42 ,0x61 ,0x73 ,0x65 ,0x64 ,0x3E ,0x0A
 ,0x20 ,0x20 ,0x20 ,0x20 ,0x20 ,0x20 ,0x20 ,0x20
 ,0x20 ,0x20 ,0x20 ,0x20 ,0x3C ,0x52 ,0x6F ,0x61
 ,0x6D ,0x69 ,0x6E ,0x67 ,0x3E ,0x30 ,0x3C ,0x2F
 ,0x52 ,0x6F ,0x61 ,0x6D ,0x69 ,0x6E ,0x67 ,0x3E
 ,0x0A ,0x20 ,0x20 ,0x20 ,0x20 ,0x20 ,0x20 ,0x20
 ,0x20 ,0x20 ,0x20 ,0x20 ,0x20 ,0x3C ,0x50 ,0x4C
 ,0x4D ,0x4E ,0x3E ,0x31 ,0x32 ,0x33 ,0x34 ,0x34
 ,0x3C ,0x2F ,0x50 ,0x4C ,0x4D ,0x4E ,0x3E ,0x0A
 ,0x20 ,0x20 ,0x20 ,0x20 ,0x20 ,0x20 ,0x20 ,0x20
 ,0x20 ,0x20 ,0x20 ,0x20 ,0x3C ,0x55 ,0x70 ,0x64
 ,0x61 ,0x74 ,0x65 ,0x50 ,0x6F ,0x6C ,0x69 ,0x63
 ,0x79 ,0x3E ,0x30 ,0x3C ,0x2F ,0x55 ,0x70 ,0x64
 ,0x61 ,0x74 ,0x65 ,0x50 ,0x6F ,0x6C ,0x69 ,0x63
 ,0x79 ,0x3E ,0x0A ,0x20 ,0x20 ,0x20 ,0x20 ,0x20
 ,0x20 ,0x20 ,0x20 ,0x3C ,0x2F ,0x4E ,0x6F ,0x64
 ,0x65 ,0x3E ,0x0A ,0x20 ,0x20 ,0x20 ,0x20 ,0x3C
 ,0x2F ,0x49 ,0x53 ,0x52 ,0x50 ,0x3E ,0x0A ,0x20
 ,0x3C ,0x2F ,0x41 ,0x4E ,0x44 ,0x53 ,0x46 ,0x3E




 /* EFS file:  modem_proc/datamodem/datacfg/efs/row/Profile1 , Size = 147 bytes 
   Path on Disk: /Data_Profiles/Profile1 */ 

 ,0xBC ,0x00 ,0x00 ,0x00 ,0x02 ,0x19 ,0x00 ,0x00
 ,0x01, 0x00 ,0x18 ,0x00 ,0x2F ,0x44 ,0x61 ,0x74
 ,0x61 ,0x5F ,0x50 ,0x72 ,0x6F ,0x66 ,0x69 ,0x6C
 ,0x65 ,0x73 ,0x2F ,0x50 ,0x72 ,0x6F ,0x66 ,0x69
 ,0x6C ,0x65 ,0x31 ,0x00
 ,0x02, 0x00 ,0x94 ,0x00 ,0x07 ,0x01 ,0x00 ,0x01
 ,0x00 ,0x73 ,0x00 ,0x00 ,0x00 ,0x11 ,0x00 ,0x00
 ,0x00 ,0xA5 ,0xA5 ,0xA5 ,0xA5 ,0x7D ,0x02 ,0x00
 ,0x00 ,0xDD ,0x42 ,0x30 ,0x43 ,0x00 ,0x00 ,0x00
 ,0x00 ,0x00 ,0x00 ,0x00 ,0x00 ,0x25 ,0x00 ,0x01
 ,0x00 ,0x01 ,0x12 ,0x00 ,0x01 ,0x00 ,0x00 ,0x13
 ,0x00 ,0x01 ,0x00 ,0x00 ,0x28 ,0x00 ,0x10 ,0x00
 ,0x00 ,0x00 ,0x00 ,0x00 ,0x00 ,0x00 ,0x00 ,0x00
 ,0x00 ,0x00 ,0x00 ,0x00 ,0x00 ,0x00 ,0x00 ,0x00
 ,0x26 ,0x00 ,0x01 ,0x00 ,0x00 ,0x27 ,0x00 ,0x01
 ,0x00 ,0x00 ,0x20 ,0x00 ,0x01 ,0x00 ,0x00 ,0x2D
 ,0x00 ,0x01 ,0x00 ,0x00 ,0x36 ,0x00 ,0x01 ,0x00
 ,0x00 ,0x00 ,0x10 ,0x08 ,0x00 ,0x70 ,0x72 ,0x6F
 ,0x66 ,0x69 ,0x6C ,0x65 ,0x31 ,0x01 ,0x10 ,0x00
 ,0x00 ,0x11 ,0x00 ,0x01 ,0x00 ,0x03 ,0x15 ,0x00
 ,0x04 ,0x00 ,0x00 ,0x00 ,0x00 ,0x00 ,0x16 ,0x00
 ,0x04 ,0x00 ,0x00 ,0x00 ,0x00 ,0x00 ,0x1E ,0x00
 ,0x04 ,0x00 ,0x00 ,0x00 ,0x00 ,0x00 ,0x2F ,0x00
 ,0x01 ,0x00 ,0x00 ,0x35 ,0x00 ,0x01 ,0x00 ,0xFF




 /* EFS file:  modem_proc/datamodem/datacfg/efs/row/Profile2 , Size = 160 bytes 
   Path on Disk: /Data_Profiles/Profile2 */ 

 ,0xC9 ,0x00 ,0x00 ,0x00 ,0x02 ,0x19 ,0x00 ,0x00
 ,0x01, 0x00 ,0x18 ,0x00 ,0x2F ,0x44 ,0x61 ,0x74
 ,0x61 ,0x5F ,0x50 ,0x72 ,0x6F ,0x66 ,0x69 ,0x6C
 ,0x65 ,0x73 ,0x2F ,0x50 ,0x72 ,0x6F ,0x66 ,0x69
 ,0x6C ,0x65 ,0x32 ,0x00
 ,0x02, 0x00 ,0xA1 ,0x00 ,0x07 ,0x01 ,0x00 ,0x02
 ,0x00 ,0x80 ,0x00 ,0x00 ,0x00 ,0x13 ,0x00 ,0x00
 ,0x00 ,0xA5 ,0xA5 ,0xA5 ,0xA5 ,0x93 ,0x53 ,0x64
 ,0x42 ,0x7A ,0x17 ,0x07 ,0x00 ,0x00 ,0x00 ,0x00
 ,0x00 ,0x00 ,0x00 ,0x00 ,0x00 ,0x25 ,0x00 ,0x01
 ,0x00 ,0x02 ,0x12 ,0x00 ,0x01 ,0x00 ,0x00 ,0x13
 ,0x00 ,0x01 ,0x00 ,0x00 ,0x28 ,0x00 ,0x10 ,0x00
 ,0x00 ,0x00 ,0x00 ,0x00 ,0x00 ,0x00 ,0x00 ,0x00
 ,0x00 ,0x00 ,0x00 ,0x00 ,0x00 ,0x00 ,0x00 ,0x00
 ,0x26 ,0x00 ,0x01 ,0x00 ,0x00 ,0x27 ,0x00 ,0x01
 ,0x00 ,0x00 ,0x20 ,0x00 ,0x01 ,0x00 ,0x00 ,0x2D
 ,0x00 ,0x01 ,0x00 ,0x00 ,0x36 ,0x00 ,0x01 ,0x00
 ,0x00 ,0x00 ,0x10 ,0x08 ,0x00 ,0x70 ,0x72 ,0x6F
 ,0x66 ,0x69 ,0x6C ,0x65 ,0x32 ,0x01 ,0x10 ,0x03
 ,0x00 ,0x69 ,0x6D ,0x73 ,0x11 ,0x00 ,0x01 ,0x00
 ,0x03 ,0x15 ,0x00 ,0x04 ,0x00 ,0x00 ,0x00 ,0x00
 ,0x00 ,0x16 ,0x00 ,0x04 ,0x00 ,0x00 ,0x00 ,0x00
 ,0x00 ,0x1E ,0x00 ,0x04 ,0x00 ,0x00 ,0x00 ,0x00
 ,0x00 ,0x2F ,0x00 ,0x01 ,0x00 ,0x00 ,0x35 ,0x00
 ,0x01 ,0x00 ,0xFF ,0x1F ,0x00 ,0x01 ,0x00 ,0x01
 ,0x22 ,0x00 ,0x01 ,0x00 ,0x01



 /* EFS file:  modem_proc/datamodem/datacfg/efs/row/Profile3 , Size = 64 bytes 
   Path on Disk: /Data_Profiles/Profile3 */ 

 ,0x69 ,0x00 ,0x00 ,0x00 ,0x02 ,0x19 ,0x00 ,0x00
 ,0x01, 0x00 ,0x18 ,0x00 ,0x2F ,0x44 ,0x61 ,0x74
 ,0x61 ,0x5F ,0x50 ,0x72 ,0x6F ,0x66 ,0x69 ,0x6C
 ,0x65 ,0x73 ,0x2F ,0x50 ,0x72 ,0x6F ,0x66 ,0x69
 ,0x6C ,0x65 ,0x33 ,0x00
 ,0x02, 0x00 ,0x41 ,0x00 ,0x07 ,0x01 ,0x00 ,0x03
 ,0x00 ,0x20 ,0x00 ,0x00 ,0x00 ,0x06 ,0x00 ,0x00
 ,0x00 ,0xA5 ,0xA5 ,0xA5 ,0xA5 ,0x1A ,0x17 ,0x07
 ,0x00 ,0x54 ,0x17 ,0x07 ,0x00 ,0x00 ,0x00 ,0x00
 ,0x00 ,0x00 ,0x00 ,0x00 ,0x00 ,0x01 ,0x10 ,0x03
 ,0x00 ,0x73 ,0x6F ,0x73 ,0x11 ,0x00 ,0x01 ,0x00
 ,0x03 ,0x2F ,0x00 ,0x01 ,0x00 ,0x00 ,0x1F ,0x00
 ,0x01 ,0x00 ,0x01 ,0x22 ,0x00 ,0x01 ,0x00 ,0x01
 ,0x36 ,0x00 ,0x01 ,0x00 ,0x01



 /* EFS file:  IMSVoiceDynamicConfig , Size = 1025 bytes 
   Path on Disk: /nv/item_files/ims/IMSVoiceDynamicConfig */ 

 ,0x3A ,0x04 ,0x00 ,0x00 ,0x02 ,0x19 ,0x00 ,0x00
 ,0x01, 0x00 ,0x29 ,0x00 ,0x2F ,0x6E ,0x76 ,0x2F
 ,0x69 ,0x74 ,0x65 ,0x6D ,0x5F ,0x66 ,0x69 ,0x6C
 ,0x65 ,0x73 ,0x2F ,0x69 ,0x6D ,0x73 ,0x2F ,0x49
 ,0x4D ,0x53 ,0x56 ,0x6F ,0x69 ,0x63 ,0x65 ,0x44
 ,0x79 ,0x6E ,0x61 ,0x6D ,0x69 ,0x63 ,0x43 ,0x6F
 ,0x6E ,0x66 ,0x69 ,0x67 ,0x00
 ,0x02 ,0x00 ,0x01 ,0x04 ,0x07 ,0x00 ,0x00 ,0x00
 ,0x00 ,0x00 ,0x00 ,0x00 ,0x00 ,0x00 ,0x00 ,0x00
 ,0x00 ,0x00 ,0x00 ,0x00 ,0x00 ,0x00 ,0x00 ,0x00
 ,0x00 ,0x00 ,0x00 ,0x00 ,0x00 ,0x00 ,0x00 ,0x00
 ,0x00 ,0x00 ,0x00 ,0x00 ,0x00 ,0x00 ,0x00 ,0x00
 ,0x00 ,0x00 ,0x00 ,0x00 ,0x00 ,0x00 ,0x00 ,0x00
 ,0x00 ,0x00 ,0x00 ,0x00 ,0x00 ,0x00 ,0x00 ,0x00
 ,0x00 ,0x00 ,0x00 ,0x00 ,0x00 ,0x00 ,0x00 ,0x00
 ,0x00 ,0x00 ,0x00 ,0x00 ,0x00 ,0x00 ,0x00 ,0x00
 ,0x00 ,0x00 ,0x00 ,0x00 ,0x00 ,0x00 ,0x00 ,0x00
 ,0x00 ,0x00 ,0x00 ,0x00 ,0x00 ,0x00 ,0x00 ,0x00
 ,0x00 ,0x00 ,0x00 ,0x00 ,0x00 ,0x00 ,0x00 ,0x00
 ,0x00 ,0x00 ,0x00 ,0x00 ,0x00 ,0x00 ,0x00 ,0x00
 ,0x00 ,0x00 ,0x00 ,0x00 ,0x00 ,0x00 ,0x00 ,0x00
 ,0x00 ,0x00 ,0x00 ,0x00 ,0x00 ,0x00 ,0x00 ,0x00
 ,0x00 ,0x00 ,0x00 ,0x00 ,0x00 ,0x00 ,0x00 ,0x00
 ,0x00 ,0x00 ,0x00 ,0x00 ,0x00 ,0x00 ,0x08 ,0x07
 ,0x08 ,0x07 ,0x00 ,0x00 ,0x00 ,0x00 ,0x00 ,0x00
 ,0x00 ,0x00 ,0x00 ,0x00 ,0x00 ,0x00 ,0x00 ,0x00
 ,0x00 ,0x00 ,0x00 ,0x00 ,0x00 ,0x00 ,0x00 ,0x00
 ,0x00 ,0x00 ,0x00 ,0x00 ,0x00 ,0x00 ,0x00 ,0x00
 ,0x00 ,0x00 ,0x00 ,0x00 ,0x00 ,0x00 ,0x00 ,0x00
 ,0x00 ,0x00 ,0x00 ,0x00 ,0x00 ,0x00 ,0x00 ,0x00
 ,0x00 ,0x00 ,0x00 ,0x00 ,0x00 ,0x00 ,0x00 ,0x00
 ,0x00 ,0x00 ,0x00 ,0x00 ,0x00 ,0x00 ,0x00 ,0x00
 ,0x00 ,0x00 ,0x00 ,0x00 ,0x00 ,0x00 ,0x00 ,0x00
 ,0x00 ,0x00 ,0x00 ,0x00 ,0x00 ,0x00 ,0x00 ,0x00
 ,0x00 ,0x00 ,0x00 ,0x00 ,0x00 ,0x00 ,0x00 ,0x00
 ,0x00 ,0x00 ,0x00 ,0x00 ,0x00 ,0x00 ,0x00 ,0x00
 ,0x00 ,0x00 ,0x00 ,0x00 ,0x00 ,0x00 ,0x00 ,0x00
 ,0x00 ,0x00 ,0x00 ,0x00 ,0x00 ,0x00 ,0x00 ,0x00
 ,0x00 ,0x00 ,0x00 ,0x00 ,0x00 ,0x00 ,0x00 ,0x00
 ,0x00 ,0x00 ,0x00 ,0x00 ,0x00 ,0x00 ,0x00 ,0x00
 ,0x00 ,0x00 ,0x01 ,0x10 ,0x00 ,0xC8 ,0xAF ,0x00
 ,0x00 ,0x90 ,0x5F ,0x01 ,0x00 ,0x14 ,0x00 ,0x00
 ,0x00 ,0x00 ,0x00 ,0x00 ,0x00 ,0x00 ,0x00 ,0x00
 ,0x00 ,0x00 ,0x00 ,0x00 ,0x00 ,0x00 ,0x00 ,0x00
 ,0x00 ,0x00 ,0x00 ,0x00 ,0x00 ,0x00 ,0x00 ,0x00
 ,0x00 ,0x00 ,0x00 ,0x00 ,0x00 ,0x00 ,0x00 ,0x00
 ,0x00 ,0x00 ,0x00 ,0x00 ,0x00 ,0x00 ,0x00 ,0x00
 ,0x00 ,0x00 ,0x00 ,0x00 ,0x00 ,0x00 ,0x00 ,0x00
 ,0x00 ,0x00 ,0x00 ,0x00 ,0x00 ,0x00 ,0x00 ,0x00
 ,0x00 ,0x00 ,0x00 ,0x00 ,0x00 ,0x00 ,0x00 ,0x00
 ,0x00 ,0x00 ,0x00 ,0x00 ,0x00 ,0x00 ,0x00 ,0x00
 ,0x00 ,0x00 ,0x00 ,0x00 ,0x00 ,0x00 ,0x00 ,0x00
 ,0x00 ,0x00 ,0x00 ,0x00 ,0x00 ,0x00 ,0x00 ,0x00
 ,0x00 ,0x00 ,0x00 ,0x00 ,0x00 ,0x00 ,0x00 ,0x00
 ,0x00 ,0x00 ,0x00 ,0x00 ,0x00 ,0x00 ,0x00 ,0x00
 ,0x00 ,0x00 ,0x00 ,0x00 ,0x00 ,0x00 ,0x00 ,0x00
 ,0x00 ,0x00 ,0x00 ,0x00 ,0x00 ,0x00 ,0x00 ,0x00
 ,0x00 ,0x00 ,0x00 ,0x00 ,0x00 ,0x00 ,0x00 ,0x00
 ,0x00 ,0x00 ,0x00 ,0x00 ,0x00 ,0x00 ,0x00 ,0x00
 ,0x00 ,0x00 ,0x00 ,0x00 ,0x00 ,0x00 ,0x00 ,0x00
 ,0x00 ,0x00 ,0x00 ,0x00 ,0x00 ,0x00 ,0x00 ,0x00
 ,0x00 ,0x00 ,0x00 ,0x00 ,0x00 ,0x00 ,0x00 ,0x00
 ,0x00 ,0x00 ,0x00 ,0x00 ,0x00 ,0x00 ,0x00 ,0x00
 ,0x00 ,0x00 ,0x00 ,0x00 ,0x00 ,0x00 ,0x00 ,0x00
 ,0x00 ,0x00 ,0x00 ,0x00 ,0x00 ,0x00 ,0x00 ,0x00
 ,0x00 ,0x00 ,0x00 ,0x00 ,0x00 ,0x00 ,0x00 ,0x00
 ,0x00 ,0x00 ,0x00 ,0x00 ,0x00 ,0x00 ,0x00 ,0x00
 ,0x00 ,0x00 ,0x00 ,0x00 ,0x00 ,0x00 ,0x00 ,0x00
 ,0x00 ,0x00 ,0x00 ,0x00 ,0x00 ,0x00 ,0x00 ,0x00
 ,0x00 ,0x00 ,0x00 ,0x00 ,0x00 ,0x00 ,0x00 ,0x00
 ,0x00 ,0x00 ,0x00 ,0x00 ,0x00 ,0x00 ,0x00 ,0x00
 ,0x00 ,0x00 ,0x00 ,0x00 ,0x00 ,0x00 ,0x00 ,0x00
 ,0x00 ,0x00 ,0x00 ,0x00 ,0x00 ,0x00 ,0x00 ,0x00
 ,0x00 ,0x00 ,0x00 ,0x00 ,0x00 ,0x00 ,0x00 ,0x00
 ,0x00 ,0x00 ,0x00 ,0x00 ,0x00 ,0x00 ,0x00 ,0x00
 ,0x00 ,0x00 ,0x00 ,0x00 ,0x00 ,0x00 ,0x00 ,0x00
 ,0x00 ,0x00 ,0x00 ,0x00 ,0x00 ,0x00 ,0x00 ,0x00
 ,0x00 ,0x00 ,0x00 ,0x00 ,0x00 ,0x00 ,0x00 ,0x00
 ,0x00 ,0x00 ,0x00 ,0x00 ,0x00 ,0x00 ,0x00 ,0x00
 ,0x00 ,0x00 ,0x00 ,0x00 ,0x00 ,0x00 ,0x00 ,0x00
 ,0x00 ,0x00 ,0x00 ,0x00 ,0x00 ,0x00 ,0x00 ,0x00
 ,0x00 ,0x00 ,0x00 ,0x00 ,0x00 ,0x00 ,0x00 ,0x00
 ,0x00 ,0x00 ,0x00 ,0x00 ,0x00 ,0x00 ,0x00 ,0x00
 ,0x00 ,0x00 ,0x00 ,0x00 ,0x00 ,0x00 ,0x00 ,0x00
 ,0x00 ,0x00 ,0x00 ,0x00 ,0x00 ,0x00 ,0x00 ,0x00
 ,0x00 ,0x00 ,0x00 ,0x00 ,0x00 ,0x00 ,0x00 ,0x00
 ,0x00 ,0x00 ,0x00 ,0x00 ,0x00 ,0x00 ,0x00 ,0x00
 ,0x00 ,0x00 ,0x00 ,0x00 ,0x00 ,0x00 ,0x00 ,0x00
 ,0x00 ,0x00 ,0x00 ,0x00 ,0x00 ,0x00 ,0x00 ,0x00
 ,0x00 ,0x00 ,0x00 ,0x00 ,0x00 ,0x00 ,0x00 ,0x00
 ,0x00 ,0x00 ,0x00 ,0x00 ,0x00 ,0x00 ,0x00 ,0x00
 ,0x00 ,0x00 ,0x00 ,0x00 ,0x00 ,0x00 ,0x00 ,0x00
 ,0x00 ,0x00 ,0x00 ,0x00 ,0x00 ,0x00 ,0x00 ,0x00
 ,0x00 ,0x00 ,0x00 ,0x00 ,0x00 ,0x00 ,0x00 ,0x00
 ,0x00 ,0x00 ,0x00 ,0x00 ,0x00 ,0x00 ,0x00 ,0x00
 ,0x00 ,0x00 ,0x00 ,0x00 ,0x00 ,0x00 ,0x00 ,0x00
 ,0x00 ,0x00 ,0x00 ,0x00 ,0x00 ,0x00 ,0x00 ,0x00
 ,0x00 ,0x00 ,0x00 ,0x00 ,0x00 ,0x00 ,0x00 ,0x00
 ,0x00 ,0x00 ,0x00 ,0x00 ,0x00 ,0x00 ,0x00 ,0x00
 ,0x00 ,0x00 ,0x00 ,0x00 ,0x00 ,0x00 ,0x00 ,0x00
 ,0x00 ,0x00 ,0x00 ,0x00 ,0x00 ,0x00 ,0x00 ,0x00
 ,0x00 ,0x00 ,0x00 ,0x00 ,0x00 ,0x00 ,0x00 ,0x00
 ,0x00 ,0x00 ,0x00 ,0x00 ,0x00 ,0x00 ,0x00 ,0x00
 ,0x00 ,0x00 ,0x00 ,0x00 ,0x00 ,0x00 ,0x00 ,0x00
 ,0x00 ,0x00 ,0x00 ,0x00 ,0x00 ,0x00 ,0x00 ,0x00
 ,0x00 ,0x00 ,0x00 ,0x00 ,0x00 ,0x00 ,0x00 ,0x00
 ,0x00 ,0x00 ,0x00 ,0x00 ,0x00 ,0x00 ,0x00 ,0x00
 ,0x00 ,0x00 ,0x00 ,0x00 ,0x00 ,0x00 ,0x00 ,0x00
 ,0x00 ,0x00 ,0x00 ,0x00 ,0x00 ,0x00 ,0x00 ,0x00
 ,0x00 ,0x00 ,0x00 ,0x00 ,0x00 ,0x00 ,0x00 ,0x00
 ,0x00 ,0x00 ,0x00 ,0x00 ,0x00 ,0x00 ,0x00 ,0x00
 ,0x00 ,0x00 ,0x00 ,0x00 ,0x00 ,0x00 ,0x00 ,0x00
 ,0x00 ,0x00 ,0x00 ,0x00 ,0x00 ,0x00 ,0x00 ,0x00
 ,0x00 ,0x00 ,0x00 ,0x00 ,0x00 ,0x00 ,0x00 ,0x00
 ,0x00 ,0x00 ,0x00 ,0x00 ,0x00 ,0x00 ,0x00 ,0x00
 ,0x00 ,0x00 ,0x00 ,0x00 ,0x00 ,0x00 ,0x00 ,0x00
 ,0x00 ,0x00 ,0x00 ,0x00 ,0x00 ,0x00 ,0x00 ,0x00
 ,0x00 ,0x00 ,0x00 ,0x00 ,0x00 ,0x00 ,0x00 ,0x00
 ,0x00 ,0x00 ,0x00 ,0x00 ,0x00 ,0x00 ,0x00 ,0x00
 ,0x00 ,0x00 ,0x00 ,0x00 ,0x00 ,0x00 ,0x00 ,0x00
 ,0x00 ,0x00 ,0x00 ,0x00 ,0x00 ,0x00 ,0x00 ,0x00
 ,0x00 ,0x00 ,0x00 ,0x00 ,0x00 ,0x00 ,0x00 ,0x00
 ,0x00 ,0x00 ,0x00 ,0x00 ,0x00 ,0x00 ,0x00 ,0x00
 ,0x00 ,0x00 ,0x00 ,0x00 ,0x00 ,0x00 ,0x00 ,0x00
 ,0x00 ,0x00 ,0x00 ,0x00 ,0x00 ,0x00 ,0x00 ,0x00
 ,0x00 ,0x00 ,0x00 ,0x00 ,0x00 ,0x00 ,0x00 ,0x00
 ,0x00 ,0x00 ,0x00 ,0x00 ,0x00 ,0x00 ,0x00 ,0x00
 ,0x00 ,0x00 ,0x00 ,0x00 ,0x00 ,0x00 ,0x00 ,0x00
 ,0x00 ,0x00 ,0x00 ,0x00 ,0x00 ,0x00 ,0x00 ,0x00
 ,0x00 ,0x00 ,0x00 ,0x00 ,0x00 ,0x00 ,0x00 ,0x00
 ,0x00 ,0x00 ,0x00 ,0x00 ,0x00 ,0x00 ,0x00 ,0x00
 ,0x00 ,0x00 ,0x00 ,0x00 ,0x00 ,0x00 ,0x00 ,0x00
 ,0x00 ,0x00 ,0x00 ,0x00 ,0x00 ,0x00 ,0x00 ,0x00
 ,0x00 ,0x00 ,0x00 ,0x00 ,0x00 ,0x00 ,0x00 ,0x00
 ,0x00 ,0x00 ,0x00 ,0x00 ,0x00 ,0x00 ,0x00 ,0x00
 ,0x00 ,0x00 ,0x00 ,0x00 ,0x00


 /* EFS file:  IMSVideoDynamicConfig , Size = 1025 bytes 
   Path on Disk: /nv/item_files/ims/IMSVideoDynamicConfig */ 

 ,0x3A ,0x04 ,0x00 ,0x00 ,0x02 ,0x19 ,0x00 ,0x00
 ,0x01, 0x00 ,0x29 ,0x00 ,0x2F ,0x6E ,0x76 ,0x2F
 ,0x69 ,0x74 ,0x65 ,0x6D ,0x5F ,0x66 ,0x69 ,0x6C
 ,0x65 ,0x73 ,0x2F ,0x69 ,0x6D ,0x73 ,0x2F ,0x49
 ,0x4D ,0x53 ,0x56 ,0x69 ,0x64 ,0x65 ,0x6F ,0x44
 ,0x79 ,0x6E ,0x61 ,0x6D ,0x69 ,0x63 ,0x43 ,0x6F
 ,0x6E ,0x66 ,0x69 ,0x67 ,0x00
 ,0x02 ,0x00 ,0x01 ,0x04 ,0x07 ,0x01 ,0x76 ,0x69
 ,0x64 ,0x65 ,0x6F ,0x00 ,0x00 ,0x00 ,0x00 ,0x00
 ,0x00 ,0x00 ,0x00 ,0x00 ,0x00 ,0x00 ,0x00 ,0x00
 ,0x00 ,0x00 ,0x00 ,0x00 ,0x00 ,0x00 ,0x00 ,0x00
 ,0x00 ,0x00 ,0x00 ,0x00 ,0x00 ,0x00 ,0x00 ,0x00
 ,0x00 ,0x00 ,0x00 ,0x00 ,0x00 ,0x00 ,0x00 ,0x00
 ,0x00 ,0x00 ,0x00 ,0x00 ,0x00 ,0x00 ,0x00 ,0x00
 ,0x00 ,0x00 ,0x00 ,0x00 ,0x00 ,0x00 ,0x00 ,0x00
 ,0x00 ,0x00 ,0x00 ,0x00 ,0x00 ,0x00 ,0x00 ,0x00
 ,0x00 ,0x00 ,0x00 ,0x00 ,0x00 ,0x00 ,0x00 ,0x00
 ,0x00 ,0x00 ,0x00 ,0x00 ,0x00 ,0x00 ,0x00 ,0x00
 ,0x00 ,0x00 ,0x00 ,0x00 ,0x00 ,0x00 ,0x00 ,0x00
 ,0x00 ,0x00 ,0x00 ,0x00 ,0x00 ,0x00 ,0x00 ,0x00
 ,0x00 ,0x00 ,0x00 ,0x00 ,0x00 ,0x00 ,0x00 ,0x00
 ,0x00 ,0x00 ,0x00 ,0x00 ,0x00 ,0x00 ,0x00 ,0x00
 ,0x00 ,0x00 ,0x00 ,0x00 ,0x00 ,0x00 ,0x00 ,0x00
 ,0x00 ,0x00 ,0x00 ,0x00 ,0x00 ,0x00 ,0x01 ,0x00
 ,0x00 ,0x00 ,0x00 ,0x00 ,0x00 ,0x00 ,0x00 ,0x00
 ,0x00 ,0x00 ,0x00 ,0x00 ,0x00 ,0x00 ,0x00 ,0x00
 ,0x00 ,0x00 ,0x00 ,0x00 ,0x00 ,0x00 ,0x00 ,0x00
 ,0x00 ,0x00 ,0x00 ,0x00 ,0x00 ,0x00 ,0x00 ,0x00
 ,0x00 ,0x00 ,0x00 ,0x00 ,0x00 ,0x00 ,0x00 ,0x00
 ,0x00 ,0x00 ,0x00 ,0x00 ,0x00 ,0x00 ,0x00 ,0x00
 ,0x00 ,0x00 ,0x00 ,0x00 ,0x00 ,0x00 ,0x00 ,0x00
 ,0x00 ,0x00 ,0x00 ,0x00 ,0x00 ,0x00 ,0x00 ,0x00
 ,0x00 ,0x00 ,0x00 ,0x00 ,0x00 ,0x00 ,0x00 ,0x00
 ,0x00 ,0x00 ,0x00 ,0x00 ,0x00 ,0x00 ,0x00 ,0x00
 ,0x00 ,0x00 ,0x00 ,0x00 ,0x00 ,0x00 ,0x00 ,0x00
 ,0x00 ,0x00 ,0x00 ,0x00 ,0x00 ,0x00 ,0x00 ,0x00
 ,0x00 ,0x00 ,0x00 ,0x00 ,0x00 ,0x00 ,0x00 ,0x00
 ,0x00 ,0x00 ,0x00 ,0x00 ,0x00 ,0x00 ,0x00 ,0x00
 ,0x00 ,0x00 ,0x00 ,0x00 ,0x00 ,0x00 ,0x00 ,0x00
 ,0x00 ,0x00 ,0x00 ,0x00 ,0x00 ,0x00 ,0x00 ,0x00
 ,0x00 ,0x00 ,0x00 ,0x00 ,0x00 ,0x00 ,0x00 ,0x00
 ,0x00 ,0x00 ,0x00 ,0x00 ,0x00 ,0x00 ,0x00 ,0x00
 ,0x00 ,0x00 ,0x00 ,0x00 ,0x00 ,0x00 ,0x00 ,0x00
 ,0x00 ,0x00 ,0x00 ,0x00 ,0x00 ,0x00 ,0x00 ,0x00
 ,0x00 ,0x00 ,0x00 ,0x00 ,0x00 ,0x00 ,0x00 ,0x00
 ,0x00 ,0x00 ,0x00 ,0x00 ,0x00 ,0x00 ,0x00 ,0x00
 ,0x00 ,0x00 ,0x00 ,0x00 ,0x00 ,0x00 ,0x00 ,0x00
 ,0x00 ,0x00 ,0x00 ,0x00 ,0x00 ,0x00 ,0x00 ,0x00
 ,0x00 ,0x00 ,0x00 ,0x00 ,0x00 ,0x00 ,0x00 ,0x00
 ,0x00 ,0x00 ,0x00 ,0x00 ,0x00 ,0x00 ,0x00 ,0x00
 ,0x00 ,0x00 ,0x00 ,0x00 ,0x00 ,0x00 ,0x00 ,0x00
 ,0x00 ,0x00 ,0x00 ,0x00 ,0x00 ,0x00 ,0x00 ,0x00
 ,0x00 ,0x00 ,0x00 ,0x00 ,0x00 ,0x00 ,0x00 ,0x00
 ,0x00 ,0x00 ,0x00 ,0x00 ,0x00 ,0x00 ,0x00 ,0x00
 ,0x00 ,0x00 ,0x00 ,0x00 ,0x00 ,0x00 ,0x00 ,0x00
 ,0x00 ,0x00 ,0x00 ,0x00 ,0x00 ,0x00 ,0x00 ,0x00
 ,0x00 ,0x00 ,0x00 ,0x00 ,0x00 ,0x00 ,0x00 ,0x00
 ,0x00 ,0x00 ,0x00 ,0x00 ,0x00 ,0x00 ,0x00 ,0x00
 ,0x00 ,0x00 ,0x00 ,0x00 ,0x00 ,0x00 ,0x00 ,0x00
 ,0x00 ,0x00 ,0x00 ,0x00 ,0x00 ,0x00 ,0x00 ,0x00
 ,0x00 ,0x00 ,0x00 ,0x00 ,0x00 ,0x00 ,0x00 ,0x00
 ,0x00 ,0x00 ,0x00 ,0x00 ,0x00 ,0x00 ,0x00 ,0x00
 ,0x00 ,0x00 ,0x00 ,0x00 ,0x00 ,0x00 ,0x00 ,0x00
 ,0x00 ,0x00 ,0x00 ,0x00 ,0x00 ,0x00 ,0x00 ,0x00
 ,0x00 ,0x00 ,0x00 ,0x00 ,0x00 ,0x00 ,0x00 ,0x00
 ,0x00 ,0x00 ,0x00 ,0x00 ,0x00 ,0x00 ,0x00 ,0x00
 ,0x00 ,0x00 ,0x00 ,0x00 ,0x00 ,0x00 ,0x00 ,0x00
 ,0x00 ,0x00 ,0x00 ,0x00 ,0x00 ,0x00 ,0x00 ,0x00
 ,0x00 ,0x00 ,0x00 ,0x00 ,0x00 ,0x00 ,0x00 ,0x00
 ,0x00 ,0x00 ,0x00 ,0x00 ,0x00 ,0x00 ,0x00 ,0x00
 ,0x00 ,0x00 ,0x00 ,0x00 ,0x00 ,0x00 ,0x00 ,0x00
 ,0x00 ,0x00 ,0x00 ,0x00 ,0x00 ,0x00 ,0x00 ,0x00
 ,0x00 ,0x00 ,0x00 ,0x00 ,0x00 ,0x00 ,0x00 ,0x00
 ,0x00 ,0x00 ,0x00 ,0x00 ,0x00 ,0x00 ,0x00 ,0x00
 ,0x00 ,0x00 ,0x00 ,0x00 ,0x00 ,0x00 ,0x00 ,0x00
 ,0x00 ,0x00 ,0x00 ,0x00 ,0x00 ,0x00 ,0x00 ,0x00
 ,0x00 ,0x00 ,0x00 ,0x00 ,0x00 ,0x00 ,0x00 ,0x00
 ,0x00 ,0x00 ,0x00 ,0x00 ,0x00 ,0x00 ,0x00 ,0x00
 ,0x00 ,0x00 ,0x00 ,0x00 ,0x00 ,0x00 ,0x00 ,0x00
 ,0x00 ,0x00 ,0x00 ,0x00 ,0x00 ,0x00 ,0x00 ,0x00
 ,0x00 ,0x00 ,0x00 ,0x00 ,0x00 ,0x00 ,0x00 ,0x00
 ,0x00 ,0x00 ,0x00 ,0x00 ,0x00 ,0x00 ,0x00 ,0x00
 ,0x00 ,0x00 ,0x00 ,0x00 ,0x00 ,0x00 ,0x00 ,0x00
 ,0x00 ,0x00 ,0x00 ,0x00 ,0x00 ,0x00 ,0x00 ,0x00
 ,0x00 ,0x00 ,0x00 ,0x00 ,0x00 ,0x00 ,0x00 ,0x00
 ,0x00 ,0x00 ,0x00 ,0x00 ,0x00 ,0x00 ,0x00 ,0x00
 ,0x00 ,0x00 ,0x00 ,0x00 ,0x00 ,0x00 ,0x00 ,0x00
 ,0x00 ,0x00 ,0x00 ,0x00 ,0x00 ,0x00 ,0x00 ,0x00
 ,0x00 ,0x00 ,0x00 ,0x00 ,0x00 ,0x00 ,0x00 ,0x00
 ,0x00 ,0x00 ,0x00 ,0x00 ,0x00 ,0x00 ,0x00 ,0x00
 ,0x00 ,0x00 ,0x00 ,0x00 ,0x00 ,0x00 ,0x00 ,0x00
 ,0x00 ,0x00 ,0x00 ,0x00 ,0x00 ,0x00 ,0x00 ,0x00
 ,0x00 ,0x00 ,0x00 ,0x00 ,0x00 ,0x00 ,0x00 ,0x00
 ,0x00 ,0x00 ,0x00 ,0x00 ,0x00 ,0x00 ,0x00 ,0x00
 ,0x00 ,0x00 ,0x00 ,0x00 ,0x00 ,0x00 ,0x00 ,0x00
 ,0x00 ,0x00 ,0x00 ,0x00 ,0x00 ,0x00 ,0x00 ,0x00
 ,0x00 ,0x00 ,0x00 ,0x00 ,0x00 ,0x00 ,0x00 ,0x00
 ,0x00 ,0x00 ,0x00 ,0x00 ,0x00 ,0x00 ,0x00 ,0x00
 ,0x00 ,0x00 ,0x00 ,0x00 ,0x00 ,0x00 ,0x00 ,0x00
 ,0x00 ,0x00 ,0x00 ,0x00 ,0x00 ,0x00 ,0x00 ,0x00
 ,0x00 ,0x00 ,0x00 ,0x00 ,0x00 ,0x00 ,0x00 ,0x00
 ,0x00 ,0x00 ,0x00 ,0x00 ,0x00 ,0x00 ,0x00 ,0x00
 ,0x00 ,0x00 ,0x00 ,0x00 ,0x00 ,0x00 ,0x00 ,0x00
 ,0x00 ,0x00 ,0x00 ,0x00 ,0x00 ,0x00 ,0x00 ,0x00
 ,0x00 ,0x00 ,0x00 ,0x00 ,0x00 ,0x00 ,0x00 ,0x00
 ,0x00 ,0x00 ,0x00 ,0x00 ,0x00 ,0x00 ,0x00 ,0x00
 ,0x00 ,0x00 ,0x00 ,0x00 ,0x00 ,0x00 ,0x00 ,0x00
 ,0x00 ,0x00 ,0x00 ,0x00 ,0x00 ,0x00 ,0x00 ,0x00
 ,0x00 ,0x00 ,0x00 ,0x00 ,0x00 ,0x00 ,0x00 ,0x00
 ,0x00 ,0x00 ,0x00 ,0x00 ,0x00 ,0x00 ,0x00 ,0x00
 ,0x00 ,0x00 ,0x00 ,0x00 ,0x00 ,0x00 ,0x00 ,0x00
 ,0x00 ,0x00 ,0x00 ,0x00 ,0x00 ,0x00 ,0x00 ,0x00
 ,0x00 ,0x00 ,0x00 ,0x00 ,0x00 ,0x00 ,0x00 ,0x00
 ,0x00 ,0x00 ,0x00 ,0x00 ,0x00 ,0x00 ,0x00 ,0x00
 ,0x00 ,0x00 ,0x00 ,0x00 ,0x00 ,0x00 ,0x00 ,0x00
 ,0x00 ,0x00 ,0x00 ,0x00 ,0x00 ,0x00 ,0x00 ,0x00
 ,0x00 ,0x00 ,0x00 ,0x00 ,0x00 ,0x00 ,0x00 ,0x00
 ,0x00 ,0x00 ,0x00 ,0x00 ,0x00 ,0x00 ,0x00 ,0x00
 ,0x00 ,0x00 ,0x00 ,0x00 ,0x00 ,0x00 ,0x00 ,0x00
 ,0x00 ,0x00 ,0x00 ,0x00 ,0x00 ,0x00 ,0x00 ,0x00
 ,0x00 ,0x00 ,0x00 ,0x00 ,0x00 ,0x00 ,0x00 ,0x00
 ,0x00 ,0x00 ,0x00 ,0x00 ,0x00 ,0x00 ,0x00 ,0x00
 ,0x00 ,0x00 ,0x00 ,0x00 ,0x00 ,0x00 ,0x00 ,0x00
 ,0x00 ,0x00 ,0x00 ,0x00 ,0x00 ,0x00 ,0x00 ,0x00
 ,0x00 ,0x00 ,0x00 ,0x00 ,0x00 ,0x00 ,0x00 ,0x00
 ,0x00 ,0x00 ,0x00 ,0x00 ,0x00 ,0x00 ,0x00 ,0x00
 ,0x00 ,0x00 ,0x00 ,0x00 ,0x00 ,0x00 ,0x00 ,0x00
 ,0x00 ,0x00 ,0x00 ,0x00 ,0x00 ,0x00 ,0x00 ,0x00
 ,0x00 ,0x00 ,0x00 ,0x00 ,0x00 ,0x00 ,0x00 ,0x00
 ,0x00 ,0x00 ,0x00 ,0x00 ,0x00 ,0x00 ,0x00 ,0x00
 ,0x00 ,0x00 ,0x00 ,0x00 ,0x00 ,0x00 ,0x00 ,0x00
 ,0x00 ,0x00 ,0x00 ,0x00 ,0x00 ,0x00 ,0x00 ,0x00
 ,0x00 ,0x00 ,0x00 ,0x00 ,0x00 ,0x00 ,0x00 ,0x00
 ,0x00 ,0x00 ,0x00 ,0x00 ,0x00 ,0x00 ,0x00 ,0x00
 ,0x00 ,0x00 ,0x00 ,0x00 ,0x00 ,0x00 ,0x00 ,0x00
 ,0x00 ,0x00 ,0x00 ,0x00 ,0x00


 /* EFS file:  IMSEmerDynamicConfig , Size = 1025 bytes 
   Path on Disk: /nv/item_files/ims/IMSEmerDynamicConfig */ 

 ,0x39 ,0x04 ,0x00 ,0x00 ,0x02 ,0x19 ,0x00 ,0x00
 ,0x01, 0x00 ,0x28 ,0x00 ,0x2F ,0x6E ,0x76 ,0x2F
 ,0x69 ,0x74 ,0x65 ,0x6D ,0x5F ,0x66 ,0x69 ,0x6C
 ,0x65 ,0x73 ,0x2F ,0x69 ,0x6D ,0x73 ,0x2F ,0x49
 ,0x4D ,0x53 ,0x45 ,0x6D ,0x65 ,0x72 ,0x44 ,0x79
 ,0x6E ,0x61 ,0x6D ,0x69 ,0x63 ,0x43 ,0x6F ,0x6E
 ,0x66 ,0x69 ,0x67 ,0x00
 ,0x02 ,0x00 ,0x01 ,0x04 ,0x07 ,0x02 ,0x20 ,0x4E
 ,0x00 ,0x00 ,0x20 ,0x4E ,0x00 ,0x00 ,0x01 ,0x00
 ,0x00 ,0x00 ,0x00 ,0x00 ,0x00 ,0x00 ,0x00 ,0x00
 ,0x00 ,0x00 ,0x00 ,0x00 ,0x00 ,0x00 ,0x00 ,0x00
 ,0x00 ,0x00 ,0x00 ,0x00 ,0x00 ,0x00 ,0x00 ,0x00
 ,0x00 ,0x00 ,0x00 ,0x00 ,0x00 ,0x00 ,0x00 ,0x00
 ,0x00 ,0x00 ,0x00 ,0x00 ,0x00 ,0x00 ,0x00 ,0x00
 ,0x00 ,0x00 ,0x00 ,0x00 ,0x00 ,0x00 ,0x00 ,0x00
 ,0x00 ,0x00 ,0x00 ,0x00 ,0x00 ,0x00 ,0x00 ,0x00
 ,0x00 ,0x00 ,0x00 ,0x00 ,0x00 ,0x00 ,0x00 ,0x00
 ,0x00 ,0x00 ,0x00 ,0x00 ,0x00 ,0x00 ,0x00 ,0x00
 ,0x00 ,0x00 ,0x00 ,0x00 ,0x00 ,0x00 ,0x00 ,0x00
 ,0x00 ,0x00 ,0x00 ,0x00 ,0x00 ,0x00 ,0x00 ,0x00
 ,0x00 ,0x00 ,0x00 ,0x00 ,0x00 ,0x00 ,0x00 ,0x00
 ,0x00 ,0x00 ,0x00 ,0x00 ,0x00 ,0x00 ,0x00 ,0x00
 ,0x00 ,0x00 ,0x00 ,0x00 ,0x00 ,0x00 ,0x00 ,0x00
 ,0x00 ,0x00 ,0x00 ,0x00 ,0x00 ,0x00 ,0x00 ,0x00
 ,0x00 ,0x00 ,0x00 ,0x00 ,0x00 ,0x00 ,0x00 ,0x00
 ,0x00 ,0x00 ,0x00 ,0x00 ,0x00 ,0x00 ,0x00 ,0x00
 ,0x00 ,0x00 ,0x00 ,0x00 ,0x00 ,0x00 ,0x00 ,0x00
 ,0x00 ,0x00 ,0x00 ,0x00 ,0x00 ,0x00 ,0x00 ,0x00
 ,0x00 ,0x00 ,0x00 ,0x00 ,0x00 ,0x00 ,0x00 ,0x00
 ,0x00 ,0x00 ,0x00 ,0x00 ,0x00 ,0x00 ,0x00 ,0x00
 ,0x00 ,0x00 ,0x00 ,0x00 ,0x00 ,0x00 ,0x00 ,0x00
 ,0x00 ,0x00 ,0x00 ,0x00 ,0x00 ,0x00 ,0x00 ,0x00
 ,0x00 ,0x00 ,0x00 ,0x00 ,0x00 ,0x00 ,0x00 ,0x00
 ,0x00 ,0x00 ,0x00 ,0x00 ,0x00 ,0x00 ,0x00 ,0x00
 ,0x00 ,0x00 ,0x00 ,0x00 ,0x00 ,0x00 ,0x00 ,0x00
 ,0x00 ,0x00 ,0x00 ,0x00 ,0x00 ,0x00 ,0x00 ,0x00
 ,0x00 ,0x00 ,0x00 ,0x00 ,0x00 ,0x00 ,0x00 ,0x00
 ,0x00 ,0x00 ,0x00 ,0x00 ,0x00 ,0x00 ,0x00 ,0x00
 ,0x00 ,0x00 ,0x00 ,0x00 ,0x00 ,0x00 ,0x00 ,0x00
 ,0x00 ,0x00 ,0x00 ,0x00 ,0x00 ,0x00 ,0x00 ,0x00
 ,0x00 ,0x00 ,0x00 ,0x00 ,0x00 ,0x00 ,0x00 ,0x00
 ,0x00 ,0x00 ,0x00 ,0x00 ,0x00 ,0x00 ,0x00 ,0x00
 ,0x00 ,0x00 ,0x00 ,0x00 ,0x00 ,0x00 ,0x00 ,0x00
 ,0x00 ,0x00 ,0x00 ,0x00 ,0x00 ,0x00 ,0x00 ,0x00
 ,0x00 ,0x00 ,0x00 ,0x00 ,0x00 ,0x00 ,0x00 ,0x00
 ,0x00 ,0x00 ,0x00 ,0x00 ,0x00 ,0x00 ,0x00 ,0x00
 ,0x00 ,0x00 ,0x00 ,0x00 ,0x00 ,0x00 ,0x00 ,0x00
 ,0x00 ,0x00 ,0x00 ,0x00 ,0x00 ,0x00 ,0x00 ,0x00
 ,0x00 ,0x00 ,0x00 ,0x00 ,0x00 ,0x00 ,0x00 ,0x00
 ,0x00 ,0x00 ,0x00 ,0x00 ,0x00 ,0x00 ,0x00 ,0x00
 ,0x00 ,0x00 ,0x00 ,0x00 ,0x00 ,0x00 ,0x00 ,0x00
 ,0x00 ,0x00 ,0x00 ,0x00 ,0x00 ,0x00 ,0x00 ,0x00
 ,0x00 ,0x00 ,0x00 ,0x00 ,0x00 ,0x00 ,0x00 ,0x00
 ,0x00 ,0x00 ,0x00 ,0x00 ,0x00 ,0x00 ,0x00 ,0x00
 ,0x00 ,0x00 ,0x00 ,0x00 ,0x00 ,0x00 ,0x00 ,0x00
 ,0x00 ,0x00 ,0x00 ,0x00 ,0x00 ,0x00 ,0x00 ,0x00
 ,0x00 ,0x00 ,0x00 ,0x00 ,0x00 ,0x00 ,0x00 ,0x00
 ,0x00 ,0x00 ,0x00 ,0x00 ,0x00 ,0x00 ,0x00 ,0x00
 ,0x00 ,0x00 ,0x00 ,0x00 ,0x00 ,0x00 ,0x00 ,0x00
 ,0x00 ,0x00 ,0x00 ,0x00 ,0x00 ,0x00 ,0x00 ,0x00
 ,0x00 ,0x00 ,0x00 ,0x00 ,0x00 ,0x00 ,0x00 ,0x00
 ,0x00 ,0x00 ,0x00 ,0x00 ,0x00 ,0x00 ,0x00 ,0x00
 ,0x00 ,0x00 ,0x00 ,0x00 ,0x00 ,0x00 ,0x00 ,0x00
 ,0x00 ,0x00 ,0x00 ,0x00 ,0x00 ,0x00 ,0x00 ,0x00
 ,0x00 ,0x00 ,0x00 ,0x00 ,0x00 ,0x00 ,0x00 ,0x00
 ,0x00 ,0x00 ,0x00 ,0x00 ,0x00 ,0x00 ,0x00 ,0x00
 ,0x00 ,0x00 ,0x00 ,0x00 ,0x00 ,0x00 ,0x00 ,0x00
 ,0x00 ,0x00 ,0x00 ,0x00 ,0x00 ,0x00 ,0x00 ,0x00
 ,0x00 ,0x00 ,0x00 ,0x00 ,0x00 ,0x00 ,0x00 ,0x00
 ,0x00 ,0x00 ,0x00 ,0x00 ,0x00 ,0x00 ,0x00 ,0x00
 ,0x00 ,0x00 ,0x00 ,0x00 ,0x00 ,0x00 ,0x00 ,0x00
 ,0x00 ,0x00 ,0x00 ,0x00 ,0x00 ,0x00 ,0x00 ,0x00
 ,0x00 ,0x00 ,0x00 ,0x00 ,0x00 ,0x00 ,0x00 ,0x00
 ,0x00 ,0x00 ,0x00 ,0x00 ,0x00 ,0x00 ,0x00 ,0x00
 ,0x00 ,0x00 ,0x00 ,0x00 ,0x00 ,0x00 ,0x00 ,0x00
 ,0x00 ,0x00 ,0x00 ,0x00 ,0x00 ,0x00 ,0x00 ,0x00
 ,0x00 ,0x00 ,0x00 ,0x00 ,0x00 ,0x00 ,0x00 ,0x00
 ,0x00 ,0x00 ,0x00 ,0x00 ,0x00 ,0x00 ,0x00 ,0x00
 ,0x00 ,0x00 ,0x00 ,0x00 ,0x00 ,0x00 ,0x00 ,0x00
 ,0x00 ,0x00 ,0x00 ,0x00 ,0x00 ,0x00 ,0x00 ,0x00
 ,0x00 ,0x00 ,0x00 ,0x00 ,0x00 ,0x00 ,0x00 ,0x00
 ,0x00 ,0x00 ,0x00 ,0x00 ,0x00 ,0x00 ,0x00 ,0x00
 ,0x00 ,0x00 ,0x00 ,0x00 ,0x00 ,0x00 ,0x00 ,0x00
 ,0x00 ,0x00 ,0x00 ,0x00 ,0x00 ,0x00 ,0x00 ,0x00
 ,0x00 ,0x00 ,0x00 ,0x00 ,0x00 ,0x00 ,0x00 ,0x00
 ,0x00 ,0x00 ,0x00 ,0x00 ,0x00 ,0x00 ,0x00 ,0x00
 ,0x00 ,0x00 ,0x00 ,0x00 ,0x00 ,0x00 ,0x00 ,0x00
 ,0x00 ,0x00 ,0x00 ,0x00 ,0x00 ,0x00 ,0x00 ,0x00
 ,0x00 ,0x00 ,0x00 ,0x00 ,0x00 ,0x00 ,0x00 ,0x00
 ,0x00 ,0x00 ,0x00 ,0x00 ,0x00 ,0x00 ,0x00 ,0x00
 ,0x00 ,0x00 ,0x00 ,0x00 ,0x00 ,0x00 ,0x00 ,0x00
 ,0x00 ,0x00 ,0x00 ,0x00 ,0x00 ,0x00 ,0x00 ,0x00
 ,0x00 ,0x00 ,0x00 ,0x00 ,0x00 ,0x00 ,0x00 ,0x00
 ,0x00 ,0x00 ,0x00 ,0x00 ,0x00 ,0x00 ,0x00 ,0x00
 ,0x00 ,0x00 ,0x00 ,0x00 ,0x00 ,0x00 ,0x00 ,0x00
 ,0x00 ,0x00 ,0x00 ,0x00 ,0x00 ,0x00 ,0x00 ,0x00
 ,0x00 ,0x00 ,0x00 ,0x00 ,0x00 ,0x00 ,0x00 ,0x00
 ,0x00 ,0x00 ,0x00 ,0x00 ,0x00 ,0x00 ,0x00 ,0x00
 ,0x00 ,0x00 ,0x00 ,0x00 ,0x00 ,0x00 ,0x00 ,0x00
 ,0x00 ,0x00 ,0x00 ,0x00 ,0x00 ,0x00 ,0x00 ,0x00
 ,0x00 ,0x00 ,0x00 ,0x00 ,0x00 ,0x00 ,0x00 ,0x00
 ,0x00 ,0x00 ,0x00 ,0x00 ,0x00 ,0x00 ,0x00 ,0x00
 ,0x00 ,0x00 ,0x00 ,0x00 ,0x00 ,0x00 ,0x00 ,0x00
 ,0x00 ,0x00 ,0x00 ,0x00 ,0x00 ,0x00 ,0x00 ,0x00
 ,0x00 ,0x00 ,0x00 ,0x00 ,0x00 ,0x00 ,0x00 ,0x00
 ,0x00 ,0x00 ,0x00 ,0x00 ,0x00 ,0x00 ,0x00 ,0x00
 ,0x00 ,0x00 ,0x00 ,0x00 ,0x00 ,0x00 ,0x00 ,0x00
 ,0x00 ,0x00 ,0x00 ,0x00 ,0x00 ,0x00 ,0x00 ,0x00
 ,0x00 ,0x00 ,0x00 ,0x00 ,0x00 ,0x00 ,0x00 ,0x00
 ,0x00 ,0x00 ,0x00 ,0x00 ,0x00 ,0x00 ,0x00 ,0x00
 ,0x00 ,0x00 ,0x00 ,0x00 ,0x00 ,0x00 ,0x00 ,0x00
 ,0x00 ,0x00 ,0x00 ,0x00 ,0x00 ,0x00 ,0x00 ,0x00
 ,0x00 ,0x00 ,0x00 ,0x00 ,0x00 ,0x00 ,0x00 ,0x00
 ,0x00 ,0x00 ,0x00 ,0x00 ,0x00 ,0x00 ,0x00 ,0x00
 ,0x00 ,0x00 ,0x00 ,0x00 ,0x00 ,0x00 ,0x00 ,0x00
 ,0x00 ,0x00 ,0x00 ,0x00 ,0x00 ,0x00 ,0x00 ,0x00
 ,0x00 ,0x00 ,0x00 ,0x00 ,0x00 ,0x00 ,0x00 ,0x00
 ,0x00 ,0x00 ,0x00 ,0x00 ,0x00 ,0x00 ,0x00 ,0x00
 ,0x00 ,0x00 ,0x00 ,0x00 ,0x00 ,0x00 ,0x00 ,0x00
 ,0x00 ,0x00 ,0x00 ,0x00 ,0x00 ,0x00 ,0x00 ,0x00
 ,0x00 ,0x00 ,0x00 ,0x00 ,0x00 ,0x00 ,0x00 ,0x00
 ,0x00 ,0x00 ,0x00 ,0x00 ,0x00 ,0x00 ,0x00 ,0x00
 ,0x00 ,0x00 ,0x00 ,0x00 ,0x00 ,0x00 ,0x00 ,0x00
 ,0x00 ,0x00 ,0x00 ,0x00 ,0x00 ,0x00 ,0x00 ,0x00
 ,0x00 ,0x00 ,0x00 ,0x00 ,0x00 ,0x00 ,0x00 ,0x00
 ,0x00 ,0x00 ,0x00 ,0x00 ,0x00 ,0x00 ,0x00 ,0x00
 ,0x00 ,0x00 ,0x00 ,0x00 ,0x00 ,0x00 ,0x00 ,0x00
 ,0x00 ,0x00 ,0x00 ,0x00 ,0x00 ,0x00 ,0x00 ,0x00
 ,0x00 ,0x00 ,0x00 ,0x00 ,0x00 ,0x00 ,0x00 ,0x00
 ,0x00 ,0x00 ,0x00 ,0x00 ,0x00 ,0x00 ,0x00 ,0x00
 ,0x00 ,0x00 ,0x00 ,0x00 ,0x00 ,0x00 ,0x00 ,0x00
 ,0x00 ,0x00 ,0x00 ,0x00 ,0x00 ,0x00 ,0x00 ,0x00
 ,0x00 ,0x00 ,0x00 ,0x00 ,0x00 ,0x00 ,0x00 ,0x00
 ,0x00 ,0x00 ,0x00 ,0x00 ,0x00 ,0x00 ,0x00 ,0x00
 ,0x00 ,0x00 ,0x00 ,0x00 ,0x00 ,0x00 ,0x00 ,0x00
 ,0x00 ,0x00 ,0x00 ,0x00 ,0x00


 /* EFS file:  IMSRTPDynamicConfig , Size = 1025 bytes 
   Path on Disk: /nv/item_files/ims/IMSRTPDynamicConfig */ 

 ,0x38 ,0x04 ,0x00 ,0x00 ,0x02 ,0x19 ,0x00 ,0x00
 ,0x01, 0x00 ,0x27 ,0x00 ,0x2F ,0x6E ,0x76 ,0x2F
 ,0x69 ,0x74 ,0x65 ,0x6D ,0x5F ,0x66 ,0x69 ,0x6C
 ,0x65 ,0x73 ,0x2F ,0x69 ,0x6D ,0x73 ,0x2F ,0x49
 ,0x4D ,0x53 ,0x52 ,0x54 ,0x50 ,0x44 ,0x79 ,0x6E
 ,0x61 ,0x6D ,0x69 ,0x63 ,0x43 ,0x6F ,0x6E ,0x66
 ,0x69 ,0x67 ,0x00
 ,0x02 ,0x00 ,0x01 ,0x04 ,0x07 ,0x00 ,0x00 ,0x00
 ,0x00 ,0x00 ,0x00 ,0x00 ,0x00 ,0x00 ,0x00 ,0x00
 ,0x00 ,0x00 ,0x00 ,0x00 ,0x00 ,0x00 ,0x00 ,0x00
 ,0x00 ,0x00 ,0x00 ,0x00 ,0x00 ,0x00 ,0x00 ,0x00
 ,0x00 ,0x00 ,0x00 ,0x00 ,0x00 ,0x00 ,0x00 ,0x00
 ,0x00 ,0x00 ,0x00 ,0x00 ,0x00 ,0x00 ,0x00 ,0x00
 ,0x00 ,0x00 ,0x00 ,0x00 ,0x00 ,0x00 ,0x00 ,0x00
 ,0x00 ,0x00 ,0x00 ,0x00 ,0x00 ,0x00 ,0x00 ,0x00
 ,0x00 ,0x00 ,0x00 ,0x00 ,0x00 ,0x00 ,0x00 ,0x00
 ,0x00 ,0x00 ,0x00 ,0x00 ,0x00 ,0x00 ,0x00 ,0x00
 ,0x00 ,0x00 ,0x00 ,0x00 ,0x00 ,0x00 ,0x00 ,0x00
 ,0x00 ,0x00 ,0x00 ,0x00 ,0x00 ,0x00 ,0x00 ,0x00
 ,0x00 ,0x00 ,0x00 ,0x00 ,0x00 ,0x00 ,0x00 ,0x00
 ,0x00 ,0x00 ,0x00 ,0x00 ,0x00 ,0x00 ,0x00 ,0x00
 ,0x00 ,0x00 ,0x00 ,0x00 ,0x00 ,0x00 ,0x00 ,0x00
 ,0x00 ,0x00 ,0x00 ,0x00 ,0x00 ,0x00 ,0x00 ,0x00
 ,0x00 ,0x00 ,0x00 ,0x00 ,0x00 ,0x00 ,0x00 ,0x00
 ,0x00 ,0x00 ,0x00 ,0x00 ,0x00 ,0x00 ,0x00 ,0x00
 ,0x00 ,0x00 ,0x00 ,0x00 ,0x00 ,0x00 ,0x00 ,0x00
 ,0x00 ,0x00 ,0x00 ,0x00 ,0x00 ,0x00 ,0x00 ,0x00
 ,0x00 ,0x00 ,0x00 ,0x00 ,0x00 ,0x00 ,0x00 ,0x00
 ,0x00 ,0x00 ,0x00 ,0x00 ,0x00 ,0x00 ,0x00 ,0x00
 ,0x00 ,0x00 ,0x00 ,0x00 ,0x00 ,0x00 ,0x00 ,0x00
 ,0x00 ,0x00 ,0x00 ,0x00 ,0x00 ,0x00 ,0x00 ,0x00
 ,0x00 ,0x00 ,0x00 ,0x00 ,0x00 ,0x00 ,0x00 ,0x00
 ,0x00 ,0x00 ,0x00 ,0x00 ,0x00 ,0x00 ,0x00 ,0x00
 ,0x00 ,0x00 ,0x00 ,0x00 ,0x00 ,0x00 ,0x00 ,0x00
 ,0x00 ,0x00 ,0x00 ,0x00 ,0x00 ,0x00 ,0x00 ,0x00
 ,0x00 ,0x00 ,0x00 ,0x00 ,0x00 ,0x00 ,0x00 ,0x00
 ,0x00 ,0x00 ,0x00 ,0x00 ,0x00 ,0x00 ,0x00 ,0x00
 ,0x00 ,0x00 ,0x00 ,0x00 ,0x00 ,0x00 ,0x00 ,0x00
 ,0x00 ,0x00 ,0x00 ,0x00 ,0x00 ,0x00 ,0x00 ,0x00
 ,0x00 ,0x00 ,0x00 ,0x00 ,0x00 ,0x00 ,0x00 ,0x00
 ,0x00 ,0x00 ,0x00 ,0x00 ,0x00 ,0x00 ,0x00 ,0x00
 ,0x00 ,0x00 ,0x00 ,0x00 ,0x00 ,0x00 ,0x00 ,0x00
 ,0x00 ,0x00 ,0x00 ,0x00 ,0x00 ,0x00 ,0x00 ,0x00
 ,0x00 ,0x00 ,0x00 ,0x00 ,0x00 ,0x00 ,0x00 ,0x00
 ,0x00 ,0x00 ,0x00 ,0x00 ,0x00 ,0x00 ,0x00 ,0x00
 ,0x00 ,0x00 ,0x00 ,0x00 ,0x00 ,0x00 ,0x00 ,0x00
 ,0x00 ,0x00 ,0x00 ,0x00 ,0x00 ,0x00 ,0x00 ,0x00
 ,0x00 ,0x00 ,0x00 ,0x00 ,0x00 ,0x00 ,0x00 ,0x00
 ,0x00 ,0x00 ,0x00 ,0x00 ,0x00 ,0x00 ,0x00 ,0x00
 ,0x00 ,0x00 ,0x00 ,0x00 ,0x00 ,0x00 ,0x00 ,0x00
 ,0x00 ,0x00 ,0x00 ,0x00 ,0x00 ,0x00 ,0x00 ,0x00
 ,0x00 ,0x00 ,0x00 ,0x00 ,0x00 ,0x00 ,0x00 ,0x00
 ,0x00 ,0x00 ,0x00 ,0x00 ,0x00 ,0x00 ,0x00 ,0x00
 ,0x00 ,0x00 ,0x00 ,0x00 ,0x00 ,0x00 ,0x00 ,0x00
 ,0x00 ,0x00 ,0x00 ,0x00 ,0x00 ,0x00 ,0x00 ,0x00
 ,0x00 ,0x00 ,0x00 ,0x00 ,0x00 ,0x00 ,0x00 ,0x00
 ,0x00 ,0x00 ,0x00 ,0x00 ,0x00 ,0x00 ,0x00 ,0x00
 ,0x00 ,0x00 ,0x00 ,0x00 ,0x00 ,0x00 ,0x00 ,0x00
 ,0x00 ,0x00 ,0x00 ,0x00 ,0x00 ,0x00 ,0x00 ,0x00
 ,0x00 ,0x00 ,0x00 ,0x00 ,0x00 ,0x00 ,0x00 ,0x00
 ,0x00 ,0x00 ,0x00 ,0x00 ,0x00 ,0x00 ,0x00 ,0x00
 ,0x00 ,0x00 ,0x00 ,0x00 ,0x00 ,0x00 ,0x00 ,0x00
 ,0x00 ,0x00 ,0x00 ,0x00 ,0x00 ,0x00 ,0x00 ,0x00
 ,0x00 ,0x00 ,0x00 ,0x00 ,0x00 ,0x00 ,0x00 ,0x00
 ,0x00 ,0x00 ,0x00 ,0x00 ,0x00 ,0x00 ,0x00 ,0x00
 ,0x00 ,0x00 ,0x00 ,0x00 ,0x00 ,0x00 ,0x00 ,0x00
 ,0x00 ,0x00 ,0x00 ,0x00 ,0x00 ,0x00 ,0x00 ,0x00
 ,0x00 ,0x00 ,0x00 ,0x00 ,0x00 ,0x00 ,0x00 ,0x00
 ,0x00 ,0x00 ,0x00 ,0x00 ,0x00 ,0x00 ,0x00 ,0x00
 ,0x00 ,0x00 ,0x00 ,0x00 ,0x00 ,0x00 ,0x00 ,0x00
 ,0x00 ,0x00 ,0x00 ,0x00 ,0x00 ,0x00 ,0x00 ,0x00
 ,0x00 ,0x00 ,0x00 ,0x00 ,0x00 ,0x00 ,0x00 ,0x00
 ,0x00 ,0x00 ,0x00 ,0x00 ,0x00 ,0x00 ,0x00 ,0x00
 ,0x00 ,0x00 ,0x00 ,0x00 ,0x00 ,0x00 ,0x00 ,0x00
 ,0x00 ,0x00 ,0x00 ,0x00 ,0x00 ,0x00 ,0x00 ,0x00
 ,0x00 ,0x00 ,0x00 ,0x00 ,0x00 ,0x00 ,0x00 ,0x00
 ,0x00 ,0x00 ,0x00 ,0x00 ,0x00 ,0x00 ,0x00 ,0x00
 ,0x00 ,0x00 ,0x00 ,0x00 ,0x00 ,0x00 ,0x00 ,0x00
 ,0x00 ,0x00 ,0x00 ,0x00 ,0x00 ,0x00 ,0x00 ,0x00
 ,0x00 ,0x00 ,0x00 ,0x00 ,0x00 ,0x00 ,0x00 ,0x00
 ,0x00 ,0x00 ,0x00 ,0x00 ,0x00 ,0x00 ,0x00 ,0x00
 ,0x00 ,0x00 ,0x00 ,0x00 ,0x00 ,0x00 ,0x00 ,0x00
 ,0x00 ,0x00 ,0x00 ,0x00 ,0x00 ,0x00 ,0x00 ,0x00
 ,0x00 ,0x00 ,0x00 ,0x00 ,0x00 ,0x00 ,0x00 ,0x00
 ,0x00 ,0x00 ,0x00 ,0x00 ,0x00 ,0x00 ,0x00 ,0x00
 ,0x00 ,0x00 ,0x00 ,0x00 ,0x00 ,0x00 ,0x00 ,0x00
 ,0x00 ,0x00 ,0x00 ,0x00 ,0x00 ,0x00 ,0x00 ,0x00
 ,0x00 ,0x00 ,0x00 ,0x00 ,0x00 ,0x00 ,0x00 ,0x00
 ,0x00 ,0x00 ,0x00 ,0x00 ,0x00 ,0x00 ,0x00 ,0x00
 ,0x00 ,0x00 ,0x00 ,0x00 ,0x00 ,0x00 ,0x00 ,0x00
 ,0x00 ,0x00 ,0x00 ,0x00 ,0x00 ,0x00 ,0x00 ,0x00
 ,0x00 ,0x00 ,0x00 ,0x00 ,0x00 ,0x00 ,0x00 ,0x00
 ,0x00 ,0x00 ,0x00 ,0x00 ,0x00 ,0x00 ,0x00 ,0x00
 ,0x00 ,0x00 ,0x00 ,0x00 ,0x00 ,0x00 ,0x00 ,0x00
 ,0x00 ,0x00 ,0x00 ,0x00 ,0x00 ,0x00 ,0x00 ,0x00
 ,0x00 ,0x00 ,0x00 ,0x00 ,0x00 ,0x00 ,0x00 ,0x00
 ,0x00 ,0x00 ,0x00 ,0x00 ,0x00 ,0x00 ,0x00 ,0x00
 ,0x00 ,0x00 ,0x00 ,0x00 ,0x00 ,0x00 ,0x00 ,0x00
 ,0x00 ,0x00 ,0x00 ,0x00 ,0x00 ,0x00 ,0x00 ,0x00
 ,0x00 ,0x00 ,0x00 ,0x00 ,0x00 ,0x00 ,0x00 ,0x00
 ,0x00 ,0x00 ,0x00 ,0x00 ,0x00 ,0x00 ,0x00 ,0x00
 ,0x00 ,0x00 ,0x00 ,0x00 ,0x00 ,0x00 ,0x00 ,0x00
 ,0x00 ,0x00 ,0x00 ,0x00 ,0x00 ,0x00 ,0x00 ,0x00
 ,0x00 ,0x00 ,0x00 ,0x00 ,0x00 ,0x00 ,0x00 ,0x00
 ,0x00 ,0x00 ,0x00 ,0x00 ,0x00 ,0x00 ,0x00 ,0x00
 ,0x00 ,0x00 ,0x00 ,0x00 ,0x00 ,0x00 ,0x00 ,0x00
 ,0x00 ,0x00 ,0x00 ,0x00 ,0x00 ,0x00 ,0x00 ,0x00
 ,0x00 ,0x00 ,0x00 ,0x00 ,0x00 ,0x00 ,0x00 ,0x00
 ,0x00 ,0x00 ,0x00 ,0x00 ,0x00 ,0x00 ,0x00 ,0x00
 ,0x00 ,0x00 ,0x00 ,0x00 ,0x00 ,0x00 ,0x00 ,0x00
 ,0x00 ,0x00 ,0x00 ,0x00 ,0x00 ,0x00 ,0x00 ,0x00
 ,0x00 ,0x00 ,0x00 ,0x00 ,0x00 ,0x00 ,0x00 ,0x00
 ,0x00 ,0x00 ,0x00 ,0x00 ,0x00 ,0x00 ,0x00 ,0x00
 ,0x00 ,0x00 ,0x00 ,0x00 ,0x00 ,0x00 ,0x00 ,0x00
 ,0x00 ,0x00 ,0x00 ,0x00 ,0x00 ,0x00 ,0x00 ,0x00
 ,0x00 ,0x00 ,0x00 ,0x00 ,0x00 ,0x00 ,0x00 ,0x00
 ,0x00 ,0x00 ,0x00 ,0x00 ,0x00 ,0x00 ,0x00 ,0x00
 ,0x00 ,0x00 ,0x00 ,0x00 ,0x00 ,0x00 ,0x00 ,0x00
 ,0x00 ,0x00 ,0x00 ,0x00 ,0x00 ,0x00 ,0x00 ,0x00
 ,0x00 ,0x00 ,0x00 ,0x00 ,0x00 ,0x00 ,0x00 ,0x00
 ,0x00 ,0x00 ,0x00 ,0x00 ,0x00 ,0x00 ,0x00 ,0x00
 ,0x00 ,0x00 ,0x00 ,0x00 ,0x00 ,0x00 ,0x00 ,0x00
 ,0x00 ,0x00 ,0x00 ,0x00 ,0x00 ,0x00 ,0x00 ,0x00
 ,0x00 ,0x00 ,0x00 ,0x00 ,0x00 ,0x00 ,0x00 ,0x00
 ,0x00 ,0x00 ,0x00 ,0x00 ,0x00 ,0x00 ,0x00 ,0x00
 ,0x00 ,0x00 ,0x00 ,0x00 ,0x00 ,0x00 ,0x00 ,0x00
 ,0x00 ,0x00 ,0x00 ,0x00 ,0x00 ,0x00 ,0x00 ,0x00
 ,0x00 ,0x00 ,0x00 ,0x00 ,0x00 ,0x00 ,0x00 ,0x00
 ,0x00 ,0x00 ,0x00 ,0x00 ,0x00 ,0x00 ,0x00 ,0x00
 ,0x00 ,0x00 ,0x00 ,0x00 ,0x00 ,0x00 ,0x00 ,0x00
 ,0x00 ,0x00 ,0x00 ,0x00 ,0x00 ,0x00 ,0x00 ,0x00
 ,0x00 ,0x00 ,0x00 ,0x00 ,0x00 ,0x00 ,0x00 ,0x00
 ,0x00 ,0x00 ,0x00 ,0x00 ,0x00 ,0x00 ,0x00 ,0x00
 ,0x00 ,0x00 ,0x00 ,0x00 ,0x00 ,0x00 ,0x00 ,0x00
 ,0x00 ,0x00 ,0x00 ,0x00 ,0x00 ,0x00 ,0x00 ,0x00
 ,0x00 ,0x00 ,0x00 ,0x00 ,0x00


 /* EFS file:  IMSCodecDynamicConfig , Size = 1025 bytes 
   Path on Disk: /nv/item_files/ims/IMSCodecDynamicConfig */ 

 ,0x3A ,0x04 ,0x00 ,0x00 ,0x02 ,0x19 ,0x00 ,0x00
 ,0x01, 0x00 ,0x29 ,0x00 ,0x2F ,0x6E ,0x76 ,0x2F
 ,0x69 ,0x74 ,0x65 ,0x6D ,0x5F ,0x66 ,0x69 ,0x6C
 ,0x65 ,0x73 ,0x2F ,0x69 ,0x6D ,0x73 ,0x2F ,0x49
 ,0x4D ,0x53 ,0x43 ,0x6F ,0x64 ,0x65 ,0x63 ,0x44
 ,0x79 ,0x6E ,0x61 ,0x6D ,0x69 ,0x63 ,0x43 ,0x6F
 ,0x6E ,0x66 ,0x69 ,0x67 ,0x00
 ,0x02 ,0x00 ,0x01 ,0x04 ,0x07 ,0x00 ,0x00 ,0x00
 ,0x00 ,0x00 ,0x00 ,0x00 ,0x00 ,0x00 ,0x00 ,0x00
 ,0x00 ,0x00 ,0x00 ,0x00 ,0x00 ,0x00 ,0x00 ,0x00
 ,0x00 ,0x00 ,0x00 ,0x00 ,0x01 ,0x01 ,0x01 ,0x00
 ,0x00 ,0x00 ,0x00 ,0x00 ,0x00 ,0x00 ,0x00 ,0x00
 ,0x00 ,0x00 ,0x00 ,0x00 ,0x00 ,0x00 ,0x00 ,0x00
 ,0x00 ,0x00 ,0x00 ,0x00 ,0x00 ,0x00 ,0x00 ,0x00
 ,0x00 ,0x00 ,0x00 ,0x00 ,0x00 ,0x00 ,0x00 ,0x00
 ,0x00 ,0x00 ,0x00 ,0x00 ,0x00 ,0x00 ,0x00 ,0x00
 ,0x00 ,0x00 ,0x00 ,0x00 ,0x00 ,0x00 ,0x00 ,0x00
 ,0x00 ,0x00 ,0x00 ,0x00 ,0x00 ,0x00 ,0x00 ,0x00
 ,0x00 ,0x00 ,0x00 ,0x00 ,0x00 ,0x00 ,0x00 ,0x00
 ,0x00 ,0x00 ,0x00 ,0x00 ,0x00 ,0x00 ,0x00 ,0x00
 ,0x00 ,0x00 ,0x00 ,0x00 ,0x00 ,0x00 ,0x00 ,0x00
 ,0x00 ,0x00 ,0x00 ,0x00 ,0x00 ,0x00 ,0x00 ,0x00
 ,0x00 ,0x00 ,0x00 ,0x00 ,0x00 ,0x00 ,0x00 ,0x00
 ,0x00 ,0x00 ,0x00 ,0x00 ,0x00 ,0x00 ,0x00 ,0x00
 ,0x00 ,0x00 ,0x00 ,0x00 ,0x00 ,0x00 ,0x00 ,0x00
 ,0x00 ,0x00 ,0x00 ,0x00 ,0x00 ,0x00 ,0x00 ,0x00
 ,0x00 ,0x00 ,0x00 ,0x00 ,0x00 ,0x00 ,0x00 ,0x00
 ,0x00 ,0x00 ,0x00 ,0x00 ,0x00 ,0x00 ,0x00 ,0x00
 ,0x00 ,0x00 ,0x00 ,0x00 ,0x00 ,0x00 ,0x00 ,0x00
 ,0x00 ,0x00 ,0x00 ,0x00 ,0x00 ,0x00 ,0x00 ,0x00
 ,0x00 ,0x00 ,0x00 ,0x00 ,0x00 ,0x00 ,0x00 ,0x00
 ,0x00 ,0x00 ,0x00 ,0x00 ,0x00 ,0x00 ,0x00 ,0x00
 ,0x00 ,0x00 ,0x00 ,0x00 ,0x00 ,0x00 ,0x00 ,0x00
 ,0x00 ,0x00 ,0x00 ,0x00 ,0x00 ,0x00 ,0x00 ,0x00
 ,0x00 ,0x00 ,0x00 ,0x00 ,0x00 ,0x00 ,0x00 ,0x00
 ,0x00 ,0x00 ,0x00 ,0x00 ,0x00 ,0x00 ,0x00 ,0x00
 ,0x00 ,0x00 ,0x00 ,0x00 ,0x00 ,0x00 ,0x00 ,0x00
 ,0x00 ,0x00 ,0x00 ,0x00 ,0x00 ,0x00 ,0x00 ,0x00
 ,0x00 ,0x00 ,0x00 ,0x00 ,0x00 ,0x00 ,0x00 ,0x00
 ,0x00 ,0x00 ,0x00 ,0x00 ,0x00 ,0x00 ,0x00 ,0x00
 ,0x00 ,0x00 ,0x00 ,0x00 ,0x00 ,0x00 ,0x00 ,0x00
 ,0x00 ,0x00 ,0x00 ,0x00 ,0x00 ,0x00 ,0x00 ,0x00
 ,0x00 ,0x00 ,0x00 ,0x00 ,0x00 ,0x00 ,0x00 ,0x00
 ,0x00 ,0x00 ,0x00 ,0x00 ,0x00 ,0x00 ,0x00 ,0x00
 ,0x00 ,0x00 ,0x00 ,0x00 ,0x00 ,0x00 ,0x00 ,0x00
 ,0x00 ,0x00 ,0x00 ,0x00 ,0x00 ,0x00 ,0x00 ,0x00
 ,0x00 ,0x00 ,0x00 ,0x00 ,0x00 ,0x00 ,0x00 ,0x00
 ,0x00 ,0x00 ,0x00 ,0x00 ,0x00 ,0x00 ,0x00 ,0x00
 ,0x00 ,0x00 ,0x00 ,0x00 ,0x00 ,0x00 ,0x00 ,0x00
 ,0x00 ,0x00 ,0x00 ,0x00 ,0x00 ,0x00 ,0x00 ,0x00
 ,0x00 ,0x00 ,0x00 ,0x00 ,0x00 ,0x00 ,0x00 ,0x00
 ,0x00 ,0x00 ,0x00 ,0x00 ,0x00 ,0x00 ,0x00 ,0x00
 ,0x00 ,0x00 ,0x00 ,0x00 ,0x00 ,0x00 ,0x00 ,0x00
 ,0x00 ,0x00 ,0x00 ,0x00 ,0x00 ,0x00 ,0x00 ,0x00
 ,0x00 ,0x00 ,0x00 ,0x00 ,0x00 ,0x00 ,0x00 ,0x00
 ,0x00 ,0x00 ,0x00 ,0x00 ,0x00 ,0x00 ,0x00 ,0x00
 ,0x00 ,0x00 ,0x00 ,0x00 ,0x00 ,0x00 ,0x00 ,0x00
 ,0x00 ,0x00 ,0x00 ,0x00 ,0x00 ,0x00 ,0x00 ,0x00
 ,0x00 ,0x00 ,0x00 ,0x00 ,0x00 ,0x00 ,0x00 ,0x00
 ,0x00 ,0x00 ,0x00 ,0x00 ,0x00 ,0x00 ,0x00 ,0x00
 ,0x00 ,0x00 ,0x00 ,0x00 ,0x00 ,0x00 ,0x00 ,0x00
 ,0x00 ,0x00 ,0x00 ,0x00 ,0x00 ,0x00 ,0x00 ,0x00
 ,0x00 ,0x00 ,0x00 ,0x00 ,0x00 ,0x00 ,0x00 ,0x00
 ,0x00 ,0x00 ,0x00 ,0x00 ,0x00 ,0x00 ,0x00 ,0x00
 ,0x00 ,0x00 ,0x00 ,0x00 ,0x00 ,0x00 ,0x00 ,0x00
 ,0x00 ,0x00 ,0x00 ,0x00 ,0x00 ,0x00 ,0x00 ,0x00
 ,0x00 ,0x00 ,0x00 ,0x00 ,0x00 ,0x00 ,0x00 ,0x00
 ,0x00 ,0x00 ,0x00 ,0x00 ,0x00 ,0x00 ,0x00 ,0x00
 ,0x00 ,0x00 ,0x00 ,0x00 ,0x00 ,0x00 ,0x00 ,0x00
 ,0x00 ,0x00 ,0x00 ,0x00 ,0x00 ,0x00 ,0x00 ,0x00
 ,0x00 ,0x00 ,0x00 ,0x00 ,0x00 ,0x00 ,0x00 ,0x00
 ,0x00 ,0x00 ,0x00 ,0x00 ,0x00 ,0x00 ,0x00 ,0x00
 ,0x00 ,0x00 ,0x00 ,0x00 ,0x00 ,0x00 ,0x00 ,0x00
 ,0x00 ,0x00 ,0x00 ,0x00 ,0x00 ,0x00 ,0x00 ,0x00
 ,0x00 ,0x00 ,0x00 ,0x00 ,0x00 ,0x00 ,0x00 ,0x00
 ,0x00 ,0x00 ,0x00 ,0x00 ,0x00 ,0x00 ,0x00 ,0x00
 ,0x00 ,0x00 ,0x00 ,0x00 ,0x00 ,0x00 ,0x00 ,0x00
 ,0x00 ,0x00 ,0x00 ,0x00 ,0x00 ,0x00 ,0x00 ,0x00
 ,0x00 ,0x00 ,0x00 ,0x00 ,0x00 ,0x00 ,0x00 ,0x00
 ,0x00 ,0x00 ,0x00 ,0x00 ,0x00 ,0x00 ,0x00 ,0x00
 ,0x00 ,0x00 ,0x00 ,0x00 ,0x00 ,0x00 ,0x00 ,0x00
 ,0x00 ,0x00 ,0x00 ,0x00 ,0x00 ,0x00 ,0x00 ,0x00
 ,0x00 ,0x00 ,0x00 ,0x00 ,0x00 ,0x00 ,0x00 ,0x00
 ,0x00 ,0x00 ,0x00 ,0x00 ,0x00 ,0x00 ,0x00 ,0x00
 ,0x00 ,0x00 ,0x00 ,0x00 ,0x00 ,0x00 ,0x00 ,0x00
 ,0x00 ,0x00 ,0x00 ,0x00 ,0x00 ,0x00 ,0x00 ,0x00
 ,0x00 ,0x00 ,0x00 ,0x00 ,0x00 ,0x00 ,0x00 ,0x00
 ,0x00 ,0x00 ,0x00 ,0x00 ,0x00 ,0x00 ,0x00 ,0x00
 ,0x00 ,0x00 ,0x00 ,0x00 ,0x00 ,0x00 ,0x00 ,0x00
 ,0x00 ,0x00 ,0x00 ,0x00 ,0x00 ,0x00 ,0x00 ,0x00
 ,0x00 ,0x00 ,0x00 ,0x00 ,0x00 ,0x00 ,0x00 ,0x00
 ,0x00 ,0x00 ,0x00 ,0x00 ,0x00 ,0x00 ,0x00 ,0x00
 ,0x00 ,0x00 ,0x00 ,0x00 ,0x00 ,0x00 ,0x00 ,0x00
 ,0x00 ,0x00 ,0x00 ,0x00 ,0x00 ,0x00 ,0x00 ,0x00
 ,0x00 ,0x00 ,0x00 ,0x00 ,0x00 ,0x00 ,0x00 ,0x00
 ,0x00 ,0x00 ,0x00 ,0x00 ,0x00 ,0x00 ,0x00 ,0x00
 ,0x00 ,0x00 ,0x00 ,0x00 ,0x00 ,0x00 ,0x00 ,0x00
 ,0x00 ,0x00 ,0x00 ,0x00 ,0x00 ,0x00 ,0x00 ,0x00
 ,0x00 ,0x00 ,0x00 ,0x00 ,0x00 ,0x00 ,0x00 ,0x00
 ,0x00 ,0x00 ,0x00 ,0x00 ,0x00 ,0x00 ,0x00 ,0x00
 ,0x00 ,0x00 ,0x00 ,0x00 ,0x00 ,0x00 ,0x00 ,0x00
 ,0x00 ,0x00 ,0x00 ,0x00 ,0x00 ,0x00 ,0x00 ,0x00
 ,0x00 ,0x00 ,0x00 ,0x00 ,0x00 ,0x00 ,0x00 ,0x00
 ,0x00 ,0x00 ,0x00 ,0x00 ,0x00 ,0x00 ,0x00 ,0x00
 ,0x00 ,0x00 ,0x00 ,0x00 ,0x00 ,0x00 ,0x00 ,0x00
 ,0x00 ,0x00 ,0x00 ,0x00 ,0x00 ,0x00 ,0x00 ,0x00
 ,0x00 ,0x00 ,0x00 ,0x00 ,0x00 ,0x00 ,0x00 ,0x00
 ,0x00 ,0x00 ,0x00 ,0x00 ,0x00 ,0x00 ,0x00 ,0x00
 ,0x00 ,0x00 ,0x00 ,0x00 ,0x00 ,0x00 ,0x00 ,0x00
 ,0x00 ,0x00 ,0x00 ,0x00 ,0x00 ,0x00 ,0x00 ,0x00
 ,0x00 ,0x00 ,0x00 ,0x00 ,0x00 ,0x00 ,0x00 ,0x00
 ,0x00 ,0x00 ,0x00 ,0x00 ,0x00 ,0x00 ,0x00 ,0x00
 ,0x00 ,0x00 ,0x00 ,0x00 ,0x00 ,0x00 ,0x00 ,0x00
 ,0x00 ,0x00 ,0x00 ,0x00 ,0x00 ,0x00 ,0x00 ,0x00
 ,0x00 ,0x00 ,0x00 ,0x00 ,0x00 ,0x00 ,0x00 ,0x00
 ,0x00 ,0x00 ,0x00 ,0x00 ,0x00 ,0x00 ,0x00 ,0x00
 ,0x00 ,0x00 ,0x00 ,0x00 ,0x00 ,0x00 ,0x00 ,0x00
 ,0x00 ,0x00 ,0x00 ,0x00 ,0x00 ,0x00 ,0x00 ,0x00
 ,0x00 ,0x00 ,0x00 ,0x00 ,0x00 ,0x00 ,0x00 ,0x00
 ,0x00 ,0x00 ,0x00 ,0x00 ,0x00 ,0x00 ,0x00 ,0x00
 ,0x00 ,0x00 ,0x00 ,0x00 ,0x00 ,0x00 ,0x00 ,0x00
 ,0x00 ,0x00 ,0x00 ,0x00 ,0x00 ,0x00 ,0x00 ,0x00
 ,0x00 ,0x00 ,0x00 ,0x00 ,0x00 ,0x00 ,0x00 ,0x00
 ,0x00 ,0x00 ,0x00 ,0x00 ,0x00 ,0x00 ,0x00 ,0x00
 ,0x00 ,0x00 ,0x00 ,0x00 ,0x00 ,0x00 ,0x00 ,0x00
 ,0x00 ,0x00 ,0x00 ,0x00 ,0x00 ,0x00 ,0x00 ,0x00
 ,0x00 ,0x00 ,0x00 ,0x00 ,0x00 ,0x00 ,0x00 ,0x00
 ,0x00 ,0x00 ,0x00 ,0x00 ,0x00 ,0x00 ,0x00 ,0x00
 ,0x00 ,0x00 ,0x00 ,0x00 ,0x00 ,0x00 ,0x00 ,0x00
 ,0x00 ,0x00 ,0x00 ,0x00 ,0x00 ,0x00 ,0x00 ,0x00
 ,0x00 ,0x00 ,0x00 ,0x00 ,0x00 ,0x00 ,0x00 ,0x00
 ,0x00 ,0x00 ,0x00 ,0x00 ,0x00 ,0x00 ,0x00 ,0x00
 ,0x00 ,0x00 ,0x00 ,0x00 ,0x00 ,0x00 ,0x00 ,0x00
 ,0x00 ,0x00 ,0x00 ,0x00 ,0x00 ,0x00 ,0x00 ,0x00
 ,0x00 ,0x00 ,0x00 ,0x00 ,0x00 ,0x00 ,0x00 ,0x00
 ,0x00 ,0x00 ,0x00 ,0x00 ,0x00


 /* EFS file:  IMSTestDynamicConfig , Size = 1025 bytes 
   Path on Disk: /nv/item_files/ims/IMSTestDynamicConfig */ 

 ,0x39 ,0x04 ,0x00 ,0x00 ,0x02 ,0x19 ,0x00 ,0x00
 ,0x01, 0x00 ,0x28 ,0x00 ,0x2F ,0x6E ,0x76 ,0x2F
 ,0x69 ,0x74 ,0x65 ,0x6D ,0x5F ,0x66 ,0x69 ,0x6C
 ,0x65 ,0x73 ,0x2F ,0x69 ,0x6D ,0x73 ,0x2F ,0x49
 ,0x4D ,0x53 ,0x54 ,0x65 ,0x73 ,0x74 ,0x44 ,0x79
 ,0x6E ,0x61 ,0x6D ,0x69 ,0x63 ,0x43 ,0x6F ,0x6E
 ,0x66 ,0x69 ,0x67 ,0x00
 ,0x02 ,0x00 ,0x01 ,0x04 ,0x07 ,0x00 ,0x00 ,0x00
 ,0x00 ,0x00 ,0x00 ,0x00 ,0x00 ,0x00 ,0x00 ,0x00
 ,0x00 ,0x00 ,0x00 ,0x00 ,0x00 ,0x00 ,0x00 ,0x00
 ,0x00 ,0x00 ,0x00 ,0x00 ,0x00 ,0x00 ,0x00 ,0x00
 ,0x00 ,0x00 ,0x00 ,0x00 ,0x00 ,0x00 ,0x00 ,0x00
 ,0x00 ,0x00 ,0x00 ,0x00 ,0x00 ,0x00 ,0x00 ,0x00
 ,0x00 ,0x00 ,0x00 ,0x00 ,0x00 ,0x00 ,0x00 ,0x00
 ,0x00 ,0x00 ,0x00 ,0x00 ,0x00 ,0x00 ,0x00 ,0x00
 ,0x00 ,0x00 ,0x00 ,0x00 ,0x00 ,0x00 ,0x00 ,0x00
 ,0x00 ,0x00 ,0x00 ,0x00 ,0x00 ,0x00 ,0x00 ,0x00
 ,0x00 ,0x00 ,0x00 ,0x00 ,0x00 ,0x00 ,0x00 ,0x00
 ,0x00 ,0x00 ,0x00 ,0x00 ,0x00 ,0x00 ,0x00 ,0x00
 ,0x00 ,0x00 ,0x00 ,0x00 ,0x00 ,0x00 ,0x00 ,0x00
 ,0x00 ,0x00 ,0x00 ,0x00 ,0x00 ,0x00 ,0x00 ,0x00
 ,0x00 ,0x00 ,0x00 ,0x00 ,0x00 ,0x00 ,0x00 ,0x00
 ,0x00 ,0x00 ,0x00 ,0x00 ,0x00 ,0x00 ,0x00 ,0x00
 ,0x00 ,0x00 ,0x00 ,0x00 ,0x00 ,0x00 ,0x00 ,0x00
 ,0x00 ,0x00 ,0x00 ,0x00 ,0x00 ,0x00 ,0x00 ,0x00
 ,0x00 ,0x00 ,0x00 ,0x00 ,0x00 ,0x00 ,0x00 ,0x00
 ,0x00 ,0x00 ,0x00 ,0x00 ,0x00 ,0x00 ,0x00 ,0x00
 ,0x00 ,0x00 ,0x00 ,0x00 ,0x00 ,0x00 ,0x00 ,0x00
 ,0x00 ,0x00 ,0x00 ,0x00 ,0x00 ,0x00 ,0x00 ,0x00
 ,0x00 ,0x00 ,0x00 ,0x00 ,0x00 ,0x00 ,0x00 ,0x00
 ,0x00 ,0x00 ,0x00 ,0x00 ,0x00 ,0x00 ,0x00 ,0x00
 ,0x00 ,0x00 ,0x00 ,0x00 ,0x00 ,0x00 ,0x00 ,0x00
 ,0x00 ,0x00 ,0x00 ,0x00 ,0x00 ,0x00 ,0x00 ,0x00
 ,0x00 ,0x00 ,0x00 ,0x00 ,0x00 ,0x00 ,0x00 ,0x00
 ,0x00 ,0x00 ,0x00 ,0x00 ,0x00 ,0x00 ,0x00 ,0x00
 ,0x00 ,0x00 ,0x00 ,0x00 ,0x00 ,0x00 ,0x00 ,0x00
 ,0x00 ,0x00 ,0x00 ,0x00 ,0x00 ,0x00 ,0x00 ,0x00
 ,0x00 ,0x00 ,0x00 ,0x00 ,0x00 ,0x00 ,0x00 ,0x00
 ,0x00 ,0x00 ,0x00 ,0x00 ,0x00 ,0x00 ,0x00 ,0x00
 ,0x00 ,0x00 ,0x00 ,0x00 ,0x00 ,0x00 ,0x00 ,0x00
 ,0x00 ,0x00 ,0x00 ,0x00 ,0x00 ,0x00 ,0x00 ,0x00
 ,0x00 ,0x00 ,0x00 ,0x00 ,0x00 ,0x00 ,0x00 ,0x00
 ,0x00 ,0x00 ,0x00 ,0x00 ,0x00 ,0x00 ,0x00 ,0x00
 ,0x00 ,0x00 ,0x00 ,0x00 ,0x00 ,0x00 ,0x00 ,0x00
 ,0x00 ,0x00 ,0x00 ,0x00 ,0x00 ,0x00 ,0x00 ,0x00
 ,0x00 ,0x00 ,0x00 ,0x00 ,0x00 ,0x00 ,0x00 ,0x00
 ,0x00 ,0x00 ,0x00 ,0x00 ,0x00 ,0x00 ,0x00 ,0x00
 ,0x00 ,0x00 ,0x00 ,0x00 ,0x00 ,0x00 ,0x00 ,0x00
 ,0x00 ,0x00 ,0x00 ,0x00 ,0x00 ,0x00 ,0x00 ,0x00
 ,0x00 ,0x00 ,0x00 ,0x00 ,0x00 ,0x00 ,0x00 ,0x00
 ,0x00 ,0x00 ,0x00 ,0x00 ,0x00 ,0x00 ,0x00 ,0x00
 ,0x00 ,0x00 ,0x00 ,0x00 ,0x00 ,0x00 ,0x00 ,0x00
 ,0x00 ,0x00 ,0x00 ,0x00 ,0x00 ,0x00 ,0x00 ,0x00
 ,0x00 ,0x00 ,0x00 ,0x00 ,0x00 ,0x00 ,0x00 ,0x00
 ,0x00 ,0x00 ,0x00 ,0x00 ,0x00 ,0x00 ,0x00 ,0x00
 ,0x00 ,0x00 ,0x00 ,0x00 ,0x00 ,0x00 ,0x00 ,0x00
 ,0x00 ,0x00 ,0x00 ,0x00 ,0x00 ,0x00 ,0x00 ,0x00
 ,0x00 ,0x00 ,0x00 ,0x00 ,0x00 ,0x00 ,0x00 ,0x00
 ,0x00 ,0x00 ,0x00 ,0x00 ,0x00 ,0x00 ,0x00 ,0x00
 ,0x00 ,0x00 ,0x00 ,0x00 ,0x00 ,0x00 ,0x00 ,0x00
 ,0x00 ,0x00 ,0x00 ,0x00 ,0x00 ,0x00 ,0x00 ,0x00
 ,0x00 ,0x00 ,0x00 ,0x00 ,0x00 ,0x00 ,0x00 ,0x00
 ,0x00 ,0x00 ,0x00 ,0x00 ,0x00 ,0x00 ,0x00 ,0x00
 ,0x00 ,0x00 ,0x00 ,0x00 ,0x00 ,0x00 ,0x00 ,0x00
 ,0x00 ,0x00 ,0x00 ,0x00 ,0x00 ,0x00 ,0x00 ,0x00
 ,0x00 ,0x00 ,0x00 ,0x00 ,0x00 ,0x00 ,0x00 ,0x00
 ,0x00 ,0x00 ,0x00 ,0x00 ,0x00 ,0x00 ,0x00 ,0x00
 ,0x00 ,0x00 ,0x00 ,0x00 ,0x00 ,0x00 ,0x00 ,0x00
 ,0x00 ,0x00 ,0x00 ,0x00 ,0x00 ,0x00 ,0x00 ,0x00
 ,0x00 ,0x00 ,0x00 ,0x00 ,0x00 ,0x00 ,0x00 ,0x00
 ,0x00 ,0x00 ,0x00 ,0x00 ,0x00 ,0x00 ,0x00 ,0x00
 ,0x00 ,0x00 ,0x00 ,0x00 ,0x00 ,0x00 ,0x00 ,0x00
 ,0x00 ,0x00 ,0x00 ,0x00 ,0x00 ,0x00 ,0x00 ,0x00
 ,0x00 ,0x00 ,0x00 ,0x00 ,0x00 ,0x00 ,0x00 ,0x00
 ,0x00 ,0x00 ,0x00 ,0x00 ,0x00 ,0x00 ,0x00 ,0x00
 ,0x00 ,0x00 ,0x00 ,0x00 ,0x00 ,0x00 ,0x00 ,0x00
 ,0x00 ,0x00 ,0x00 ,0x00 ,0x00 ,0x00 ,0x00 ,0x00
 ,0x00 ,0x00 ,0x00 ,0x00 ,0x00 ,0x00 ,0x00 ,0x00
 ,0x00 ,0x00 ,0x00 ,0x00 ,0x00 ,0x00 ,0x00 ,0x00
 ,0x00 ,0x00 ,0x00 ,0x00 ,0x00 ,0x00 ,0x00 ,0x00
 ,0x00 ,0x00 ,0x00 ,0x00 ,0x00 ,0x00 ,0x00 ,0x00
 ,0x00 ,0x00 ,0x00 ,0x00 ,0x00 ,0x00 ,0x00 ,0x00
 ,0x00 ,0x00 ,0x00 ,0x00 ,0x00 ,0x00 ,0x00 ,0x00
 ,0x00 ,0x00 ,0x00 ,0x00 ,0x00 ,0x00 ,0x00 ,0x00
 ,0x00 ,0x00 ,0x00 ,0x00 ,0x00 ,0x00 ,0x00 ,0x00
 ,0x00 ,0x00 ,0x00 ,0x00 ,0x00 ,0x00 ,0x00 ,0x00
 ,0x00 ,0x00 ,0x00 ,0x00 ,0x00 ,0x00 ,0x00 ,0x00
 ,0x00 ,0x00 ,0x00 ,0x00 ,0x00 ,0x00 ,0x00 ,0x00
 ,0x00 ,0x00 ,0x00 ,0x00 ,0x00 ,0x00 ,0x00 ,0x00
 ,0x00 ,0x00 ,0x00 ,0x00 ,0x00 ,0x00 ,0x00 ,0x00
 ,0x00 ,0x00 ,0x00 ,0x00 ,0x00 ,0x00 ,0x00 ,0x00
 ,0x00 ,0x00 ,0x00 ,0x00 ,0x00 ,0x00 ,0x00 ,0x00
 ,0x00 ,0x00 ,0x00 ,0x00 ,0x00 ,0x00 ,0x00 ,0x00
 ,0x00 ,0x00 ,0x00 ,0x00 ,0x00 ,0x00 ,0x00 ,0x00
 ,0x00 ,0x00 ,0x00 ,0x00 ,0x00 ,0x00 ,0x00 ,0x00
 ,0x00 ,0x00 ,0x00 ,0x00 ,0x00 ,0x00 ,0x00 ,0x00
 ,0x00 ,0x00 ,0x00 ,0x00 ,0x00 ,0x00 ,0x00 ,0x00
 ,0x00 ,0x00 ,0x00 ,0x00 ,0x00 ,0x00 ,0x00 ,0x00
 ,0x00 ,0x00 ,0x00 ,0x00 ,0x00 ,0x00 ,0x00 ,0x00
 ,0x00 ,0x00 ,0x00 ,0x00 ,0x00 ,0x00 ,0x00 ,0x00
 ,0x00 ,0x00 ,0x00 ,0x00 ,0x00 ,0x00 ,0x00 ,0x00
 ,0x00 ,0x00 ,0x00 ,0x00 ,0x00 ,0x00 ,0x00 ,0x00
 ,0x00 ,0x00 ,0x00 ,0x00 ,0x00 ,0x00 ,0x00 ,0x00
 ,0x00 ,0x00 ,0x00 ,0x00 ,0x00 ,0x00 ,0x00 ,0x00
 ,0x00 ,0x00 ,0x00 ,0x00 ,0x00 ,0x00 ,0x00 ,0x00
 ,0x00 ,0x00 ,0x00 ,0x00 ,0x00 ,0x00 ,0x00 ,0x00
 ,0x00 ,0x00 ,0x00 ,0x00 ,0x00 ,0x00 ,0x00 ,0x00
 ,0x00 ,0x00 ,0x00 ,0x00 ,0x00 ,0x00 ,0x00 ,0x00
 ,0x00 ,0x00 ,0x00 ,0x00 ,0x00 ,0x00 ,0x00 ,0x00
 ,0x00 ,0x00 ,0x00 ,0x00 ,0x00 ,0x00 ,0x00 ,0x00
 ,0x00 ,0x00 ,0x00 ,0x00 ,0x00 ,0x00 ,0x00 ,0x00
 ,0x00 ,0x00 ,0x00 ,0x00 ,0x00 ,0x00 ,0x00 ,0x00
 ,0x00 ,0x00 ,0x00 ,0x00 ,0x00 ,0x00 ,0x00 ,0x00
 ,0x00 ,0x00 ,0x00 ,0x00 ,0x00 ,0x00 ,0x00 ,0x00
 ,0x00 ,0x00 ,0x00 ,0x00 ,0x00 ,0x00 ,0x00 ,0x00
 ,0x00 ,0x00 ,0x00 ,0x00 ,0x00 ,0x00 ,0x00 ,0x00
 ,0x00 ,0x00 ,0x00 ,0x00 ,0x00 ,0x00 ,0x00 ,0x00
 ,0x00 ,0x00 ,0x00 ,0x00 ,0x00 ,0x00 ,0x00 ,0x00
 ,0x00 ,0x00 ,0x00 ,0x00 ,0x00 ,0x00 ,0x00 ,0x00
 ,0x00 ,0x00 ,0x00 ,0x00 ,0x00 ,0x00 ,0x00 ,0x00
 ,0x00 ,0x00 ,0x00 ,0x00 ,0x00 ,0x00 ,0x00 ,0x00
 ,0x00 ,0x00 ,0x00 ,0x00 ,0x00 ,0x00 ,0x00 ,0x00
 ,0x00 ,0x00 ,0x00 ,0x00 ,0x00 ,0x00 ,0x00 ,0x00
 ,0x00 ,0x00 ,0x00 ,0x00 ,0x00 ,0x00 ,0x00 ,0x00
 ,0x00 ,0x00 ,0x00 ,0x00 ,0x00 ,0x00 ,0x00 ,0x00
 ,0x00 ,0x00 ,0x00 ,0x00 ,0x00 ,0x00 ,0x00 ,0x00
 ,0x00 ,0x00 ,0x00 ,0x00 ,0x00 ,0x00 ,0x00 ,0x00
 ,0x00 ,0x00 ,0x00 ,0x00 ,0x00 ,0x00 ,0x00 ,0x00
 ,0x00 ,0x00 ,0x00 ,0x00 ,0x00 ,0x00 ,0x00 ,0x00
 ,0x00 ,0x00 ,0x00 ,0x00 ,0x00 ,0x00 ,0x00 ,0x00
 ,0x00 ,0x00 ,0x00 ,0x00 ,0x00 ,0x00 ,0x00 ,0x00
 ,0x00 ,0x00 ,0x00 ,0x00 ,0x00 ,0x00 ,0x00 ,0x00
 ,0x00 ,0x00 ,0x00 ,0x00 ,0x00 ,0x00 ,0x00 ,0x00
 ,0x00 ,0x00 ,0x00 ,0x00 ,0x00 ,0x00 ,0x00 ,0x00
 ,0x00 ,0x00 ,0x00 ,0x00 ,0x00 ,0x00 ,0x00 ,0x00
 ,0x00 ,0x00 ,0x00 ,0x00 ,0x00


 /* EFS file:  IMSWifiDynamicConfig , Size = 1025 bytes 
   Path on Disk: /nv/item_files/ims/IMSWifiDynamicConfig */ 

 ,0x39 ,0x04 ,0x00 ,0x00 ,0x02 ,0x19 ,0x00 ,0x00
 ,0x01, 0x00 ,0x28 ,0x00 ,0x2F ,0x6E ,0x76 ,0x2F
 ,0x69 ,0x74 ,0x65 ,0x6D ,0x5F ,0x66 ,0x69 ,0x6C
 ,0x65 ,0x73 ,0x2F ,0x69 ,0x6D ,0x73 ,0x2F ,0x49
 ,0x4D ,0x53 ,0x57 ,0x69 ,0x66 ,0x69 ,0x44 ,0x79
 ,0x6E ,0x61 ,0x6D ,0x69 ,0x63 ,0x43 ,0x6F ,0x6E
 ,0x66 ,0x69 ,0x67 ,0x00
 ,0x02 ,0x00 ,0x01 ,0x04 ,0x07 ,0x03 ,0x78 ,0x00
 ,0x00 ,0x00 ,0x00 ,0x00 ,0x00 ,0x00 ,0x78 ,0x00
 ,0x00 ,0x00 ,0x00 ,0x00 ,0x00 ,0x00 ,0x00 ,0x00
 ,0x00 ,0x00 ,0x00 ,0x00 ,0x00 ,0x00 ,0x00 ,0x00
 ,0x00 ,0x00 ,0x00 ,0x00 ,0x00 ,0x00 ,0x00 ,0x00
 ,0x00 ,0x00 ,0x00 ,0x00 ,0x00 ,0x00 ,0x00 ,0x78
 ,0x00 ,0x00 ,0x00 ,0x78 ,0x00 ,0x00 ,0x00 ,0x78
 ,0x00 ,0x00 ,0x00 ,0x3C ,0x00 ,0x00 ,0x00 ,0x3C
 ,0x00 ,0x00 ,0x00 ,0x14 ,0x00 ,0x00 ,0x00 ,0x14
 ,0x00 ,0x00 ,0x00 ,0xB0 ,0x5F ,0xBF ,0x6E ,0xAB
 ,0xBF ,0xB5 ,0x00 ,0x00 ,0x00 ,0x00 ,0x00 ,0x00
 ,0x00 ,0x00 ,0x00 ,0x00 ,0x00 ,0x00 ,0x00 ,0x00
 ,0x00 ,0x00 ,0x00 ,0x00 ,0x00 ,0x00 ,0x00 ,0x00
 ,0x00 ,0x00 ,0x00 ,0x00 ,0x00 ,0x00 ,0x00 ,0x00
 ,0x00 ,0x00 ,0x00 ,0x00 ,0x00 ,0x00 ,0x00 ,0x00
 ,0x00 ,0x00 ,0x00 ,0x00 ,0x00 ,0x00 ,0x00 ,0x00
 ,0x00 ,0x00 ,0x00 ,0x00 ,0x00 ,0x00 ,0x00 ,0x00
 ,0x00 ,0x00 ,0x00 ,0x00 ,0x00 ,0x00 ,0x00 ,0x00
 ,0x00 ,0x00 ,0x00 ,0x00 ,0x00 ,0x00 ,0x00 ,0x00
 ,0x00 ,0x00 ,0x00 ,0x00 ,0x00 ,0x00 ,0x00 ,0x00
 ,0x00 ,0x00 ,0x00 ,0x00 ,0x00 ,0x00 ,0x00 ,0x00
 ,0x00 ,0x00 ,0x00 ,0x00 ,0x00 ,0x00 ,0x00 ,0x00
 ,0x00 ,0x00 ,0x00 ,0x00 ,0x00 ,0x00 ,0x00 ,0x00
 ,0x00 ,0x00 ,0x00 ,0x00 ,0x00 ,0x00 ,0x00 ,0x00
 ,0x00 ,0x00 ,0x00 ,0x00 ,0x00 ,0x00 ,0x00 ,0x00
 ,0x00 ,0x00 ,0x00 ,0x00 ,0x00 ,0x00 ,0x00 ,0x00
 ,0x00 ,0x00 ,0x00 ,0x00 ,0x00 ,0x00 ,0x00 ,0x00
 ,0x00 ,0x00 ,0x00 ,0x00 ,0x00 ,0x00 ,0x00 ,0x00
 ,0x00 ,0x00 ,0x00 ,0x00 ,0x00 ,0x00 ,0x00 ,0x00
 ,0x00 ,0x00 ,0x00 ,0x00 ,0x00 ,0x00 ,0x00 ,0x00
 ,0x00 ,0x00 ,0x00 ,0x00 ,0x00 ,0x00 ,0x00 ,0x00
 ,0x00 ,0x00 ,0x00 ,0x00 ,0x00 ,0x00 ,0x00 ,0x00
 ,0x00 ,0x00 ,0x00 ,0x00 ,0x00 ,0x00 ,0x00 ,0x00
 ,0x00 ,0x00 ,0x00 ,0x00 ,0x00 ,0x00 ,0x00 ,0x00
 ,0x00 ,0x00 ,0x00 ,0x00 ,0x00 ,0x00 ,0x00 ,0x00
 ,0x00 ,0x00 ,0x00 ,0x00 ,0x00 ,0x00 ,0x00 ,0x00
 ,0x00 ,0x00 ,0x00 ,0x00 ,0x00 ,0x00 ,0x00 ,0x00
 ,0x00 ,0x00 ,0x00 ,0x00 ,0x00 ,0x00 ,0x00 ,0x00
 ,0x00 ,0x00 ,0x00 ,0x00 ,0x00 ,0x00 ,0x00 ,0x00
 ,0x00 ,0x00 ,0x00 ,0x00 ,0x00 ,0x00 ,0x00 ,0x00
 ,0x00 ,0x00 ,0x00 ,0x00 ,0x00 ,0x00 ,0x00 ,0x00
 ,0x00 ,0x00 ,0x00 ,0x00 ,0x00 ,0x00 ,0x00 ,0x00
 ,0x00 ,0x00 ,0x00 ,0x00 ,0x00 ,0x00 ,0x00 ,0x00
 ,0x00 ,0x00 ,0x00 ,0x00 ,0x00 ,0x00 ,0x00 ,0x00
 ,0x00 ,0x00 ,0x00 ,0x00 ,0x00 ,0x00 ,0x00 ,0x00
 ,0x00 ,0x00 ,0x00 ,0x00 ,0x00 ,0x00 ,0x00 ,0x00
 ,0x00 ,0x00 ,0x00 ,0x00 ,0x00 ,0x00 ,0x00 ,0x00
 ,0x00 ,0x00 ,0x00 ,0x00 ,0x00 ,0x00 ,0x00 ,0x00
 ,0x00 ,0x00 ,0x00 ,0x00 ,0x00 ,0x00 ,0x00 ,0x00
 ,0x00 ,0x00 ,0x00 ,0x00 ,0x00 ,0x00 ,0x00 ,0x00
 ,0x00 ,0x00 ,0x00 ,0x00 ,0x00 ,0x00 ,0x00 ,0x00
 ,0x00 ,0x00 ,0x00 ,0x00 ,0x00 ,0x00 ,0x00 ,0x00
 ,0x00 ,0x00 ,0x00 ,0x00 ,0x00 ,0x00 ,0x00 ,0x00
 ,0x00 ,0x00 ,0x00 ,0x00 ,0x00 ,0x00 ,0x00 ,0x00
 ,0x00 ,0x00 ,0x00 ,0x00 ,0x00 ,0x00 ,0x00 ,0x00
 ,0x00 ,0x00 ,0x00 ,0x00 ,0x00 ,0x00 ,0x00 ,0x00
 ,0x00 ,0x00 ,0x00 ,0x00 ,0x00 ,0x00 ,0x00 ,0x00
 ,0x00 ,0x00 ,0x00 ,0x00 ,0x00 ,0x00 ,0x00 ,0x00
 ,0x00 ,0x00 ,0x00 ,0x00 ,0x00 ,0x00 ,0x00 ,0x00
 ,0x00 ,0x00 ,0x00 ,0x00 ,0x00 ,0x00 ,0x00 ,0x00
 ,0x00 ,0x00 ,0x00 ,0x00 ,0x00 ,0x00 ,0x00 ,0x00
 ,0x00 ,0x00 ,0x00 ,0x00 ,0x00 ,0x00 ,0x00 ,0x00
 ,0x00 ,0x00 ,0x00 ,0x00 ,0x00 ,0x00 ,0x00 ,0x00
 ,0x00 ,0x00 ,0x00 ,0x00 ,0x00 ,0x00 ,0x00 ,0x00
 ,0x00 ,0x00 ,0x00 ,0x00 ,0x00 ,0x00 ,0x00 ,0x00
 ,0x00 ,0x00 ,0x00 ,0x00 ,0x00 ,0x00 ,0x00 ,0x00
 ,0x00 ,0x00 ,0x00 ,0x00 ,0x00 ,0x00 ,0x00 ,0x00
 ,0x00 ,0x00 ,0x00 ,0x00 ,0x00 ,0x00 ,0x00 ,0x00
 ,0x00 ,0x00 ,0x00 ,0x00 ,0x00 ,0x00 ,0x00 ,0x00
 ,0x00 ,0x00 ,0x00 ,0x00 ,0x00 ,0x00 ,0x00 ,0x00
 ,0x00 ,0x00 ,0x00 ,0x00 ,0x00 ,0x00 ,0x00 ,0x00
 ,0x00 ,0x00 ,0x00 ,0x00 ,0x00 ,0x00 ,0x00 ,0x00
 ,0x00 ,0x00 ,0x00 ,0x00 ,0x00 ,0x00 ,0x00 ,0x00
 ,0x00 ,0x00 ,0x00 ,0x00 ,0x00 ,0x00 ,0x00 ,0x00
 ,0x00 ,0x00 ,0x00 ,0x00 ,0x00 ,0x00 ,0x00 ,0x00
 ,0x00 ,0x00 ,0x00 ,0x00 ,0x00 ,0x00 ,0x00 ,0x00
 ,0x00 ,0x00 ,0x00 ,0x00 ,0x00 ,0x00 ,0x00 ,0x00
 ,0x00 ,0x00 ,0x00 ,0x00 ,0x00 ,0x00 ,0x00 ,0x00
 ,0x00 ,0x00 ,0x00 ,0x00 ,0x00 ,0x00 ,0x00 ,0x00
 ,0x00 ,0x00 ,0x00 ,0x00 ,0x00 ,0x00 ,0x00 ,0x00
 ,0x00 ,0x00 ,0x00 ,0x00 ,0x00 ,0x00 ,0x00 ,0x00
 ,0x00 ,0x00 ,0x00 ,0x00 ,0x00 ,0x00 ,0x00 ,0x00
 ,0x00 ,0x00 ,0x00 ,0x00 ,0x00 ,0x00 ,0x00 ,0x00
 ,0x00 ,0x00 ,0x00 ,0x00 ,0x00 ,0x00 ,0x00 ,0x00
 ,0x00 ,0x00 ,0x00 ,0x00 ,0x00 ,0x00 ,0x00 ,0x00
 ,0x00 ,0x00 ,0x00 ,0x00 ,0x00 ,0x00 ,0x00 ,0x00
 ,0x00 ,0x00 ,0x00 ,0x00 ,0x00 ,0x00 ,0x00 ,0x00
 ,0x00 ,0x00 ,0x00 ,0x00 ,0x00 ,0x00 ,0x00 ,0x00
 ,0x00 ,0x00 ,0x00 ,0x00 ,0x00 ,0x00 ,0x00 ,0x00
 ,0x00 ,0x00 ,0x00 ,0x00 ,0x00 ,0x00 ,0x00 ,0x00
 ,0x00 ,0x00 ,0x00 ,0x00 ,0x00 ,0x00 ,0x00 ,0x00
 ,0x00 ,0x00 ,0x00 ,0x00 ,0x00 ,0x00 ,0x00 ,0x00
 ,0x00 ,0x00 ,0x00 ,0x00 ,0x00 ,0x00 ,0x00 ,0x00
 ,0x00 ,0x00 ,0x00 ,0x00 ,0x00 ,0x00 ,0x00 ,0x00
 ,0x00 ,0x00 ,0x00 ,0x00 ,0x00 ,0x00 ,0x00 ,0x00
 ,0x00 ,0x00 ,0x00 ,0x00 ,0x00 ,0x00 ,0x00 ,0x00
 ,0x00 ,0x00 ,0x00 ,0x00 ,0x00 ,0x00 ,0x00 ,0x00
 ,0x00 ,0x00 ,0x00 ,0x00 ,0x00 ,0x00 ,0x00 ,0x00
 ,0x00 ,0x00 ,0x00 ,0x00 ,0x00 ,0x00 ,0x00 ,0x00
 ,0x00 ,0x00 ,0x00 ,0x00 ,0x00 ,0x00 ,0x00 ,0x00
 ,0x00 ,0x00 ,0x00 ,0x00 ,0x00 ,0x00 ,0x00 ,0x00
 ,0x00 ,0x00 ,0x00 ,0x00 ,0x00 ,0x00 ,0x00 ,0x00
 ,0x00 ,0x00 ,0x00 ,0x00 ,0x00 ,0x00 ,0x00 ,0x00
 ,0x00 ,0x00 ,0x00 ,0x00 ,0x00 ,0x00 ,0x00 ,0x00
 ,0x00 ,0x00 ,0x00 ,0x00 ,0x00 ,0x00 ,0x00 ,0x00
 ,0x00 ,0x00 ,0x00 ,0x00 ,0x00 ,0x00 ,0x00 ,0x00
 ,0x00 ,0x00 ,0x00 ,0x00 ,0x00 ,0x00 ,0x00 ,0x00
 ,0x00 ,0x00 ,0x00 ,0x00 ,0x00 ,0x00 ,0x00 ,0x00
 ,0x00 ,0x00 ,0x00 ,0x00 ,0x00 ,0x00 ,0x00 ,0x00
 ,0x00 ,0x00 ,0x00 ,0x00 ,0x00 ,0x00 ,0x00 ,0x00
 ,0x00 ,0x00 ,0x00 ,0x00 ,0x00 ,0x00 ,0x00 ,0x00
 ,0x00 ,0x00 ,0x00 ,0x00 ,0x00 ,0x00 ,0x00 ,0x00
 ,0x00 ,0x00 ,0x00 ,0x00 ,0x00 ,0x00 ,0x00 ,0x00
 ,0x00 ,0x00 ,0x00 ,0x00 ,0x00 ,0x00 ,0x00 ,0x00
 ,0x00 ,0x00 ,0x00 ,0x00 ,0x00 ,0x00 ,0x00 ,0x00
 ,0x00 ,0x00 ,0x00 ,0x00 ,0x00 ,0x00 ,0x00 ,0x00
 ,0x00 ,0x00 ,0x00 ,0x00 ,0x00 ,0x00 ,0x00 ,0x00
 ,0x00 ,0x00 ,0x00 ,0x00 ,0x00 ,0x00 ,0x00 ,0x00
 ,0x00 ,0x00 ,0x00 ,0x00 ,0x00 ,0x00 ,0x00 ,0x00
 ,0x00 ,0x00 ,0x00 ,0x00 ,0x00 ,0x00 ,0x00 ,0x00
 ,0x00 ,0x00 ,0x00 ,0x00 ,0x00 ,0x00 ,0x00 ,0x00
 ,0x00 ,0x00 ,0x00 ,0x00 ,0x00 ,0x00 ,0x00 ,0x00
 ,0x00 ,0x00 ,0x00 ,0x00 ,0x00 ,0x00 ,0x00 ,0x00
 ,0x00 ,0x00 ,0x00 ,0x00 ,0x00 ,0x00 ,0x00 ,0x00
 ,0x00 ,0x00 ,0x00 ,0x00 ,0x00 ,0x00 ,0x00 ,0x00
 ,0x00 ,0x00 ,0x00 ,0x00 ,0x00 ,0x00 ,0x00 ,0x00
 ,0x00 ,0x00 ,0x00 ,0x00 ,0x00 ,0x00 ,0x00 ,0x00
 ,0x00 ,0x00 ,0x00 ,0x00 ,0x00 ,0x00 ,0x00 ,0x00
 ,0x00 ,0x00 ,0x00 ,0x00 ,0x00


 /* EFS file:  modem_proc/datamodem/ims/Configuration/NVConfigGroups/DPL/IR92/imshandoverconfig , Size = 2292 bytes 
   Path on Disk: /ims/imshandoverconfig */ 

 ,0x1C ,0x09 ,0x00 ,0x00 ,0x02 ,0x19 ,0x00 ,0x00
 ,0x01, 0x00 ,0x17 ,0x00 ,0x2F ,0x69 ,0x6D ,0x73
 ,0x2F ,0x69 ,0x6D ,0x73 ,0x68 ,0x61 ,0x6E ,0x64
 ,0x6F ,0x76 ,0x65 ,0x72 ,0x63 ,0x6F ,0x6E ,0x66
 ,0x69 ,0x67 ,0x00
 ,0x02, 0x00 ,0xF5 ,0x08 ,0x07 ,0x41 ,0x64 ,0x64
 ,0x69 ,0x6E ,0x67 ,0x20 ,0x43 ,0x6F ,0x6D ,0x6D
 ,0x65 ,0x6E ,0x74 ,0x73 ,0x20 ,0x4C ,0x54 ,0x45
 ,0x20 ,0x52 ,0x53 ,0x52 ,0x51 ,0x20 ,0x53 ,0x72
 ,0x63 ,0x20 ,0x4C ,0x54 ,0x45 ,0x20 ,0x53 ,0x4E
 ,0x52 ,0x20 ,0x44 ,0x65 ,0x73 ,0x74 ,0x69 ,0x6E
 ,0x61 ,0x74 ,0x69 ,0x6F ,0x6E ,0x0A ,0x53 ,0x6F
 ,0x6D ,0x65 ,0x20 ,0x43 ,0x6F ,0x6D ,0x6D ,0x65
 ,0x6E ,0x74 ,0x73 ,0x0A ,0x49 ,0x67 ,0x6E ,0x6F
 ,0x72 ,0x65 ,0x20 ,0x74 ,0x68 ,0x65 ,0x73 ,0x65
 ,0x20 ,0x63 ,0x6F ,0x6D ,0x6D ,0x65 ,0x6E ,0x72
 ,0x73 ,0x0A ,0x40 ,0x40 ,0x40 ,0x0A ,0x4C ,0x54
 ,0x45 ,0x44 ,0x4C ,0x53 ,0x52 ,0x41 ,0x54 ,0x4D
 ,0x6F ,0x6E ,0x69 ,0x74 ,0x6F ,0x72 ,0x54 ,0x69
 ,0x6D ,0x65 ,0x20 ,0x3D ,0x20 ,0x32 ,0x3B ,0x0A
 ,0x4C ,0x54 ,0x45 ,0x44 ,0x4C ,0x54 ,0x52 ,0x41
 ,0x54 ,0x4D ,0x6F ,0x6E ,0x69 ,0x74 ,0x6F ,0x72
 ,0x54 ,0x69 ,0x6D ,0x65 ,0x20 ,0x3D ,0x20 ,0x32
 ,0x3B ,0x0A ,0x4C ,0x54 ,0x45 ,0x44 ,0x4C ,0x52
 ,0x53 ,0x52 ,0x50 ,0x54 ,0x68 ,0x72 ,0x65 ,0x73
 ,0x68 ,0x6F ,0x6C ,0x64 ,0x53 ,0x72 ,0x63 ,0x4C
 ,0x6F ,0x77 ,0x20 ,0x3D ,0x20 ,0x2D ,0x31 ,0x31
 ,0x38 ,0x3B ,0x0A ,0x4C ,0x54 ,0x45 ,0x44 ,0x4C
 ,0x52 ,0x53 ,0x52 ,0x50 ,0x54 ,0x68 ,0x72 ,0x65
 ,0x73 ,0x68 ,0x6F ,0x6C ,0x64 ,0x54 ,0x61 ,0x72
 ,0x67 ,0x65 ,0x74 ,0x48 ,0x69 ,0x67 ,0x68 ,0x20
 ,0x3D ,0x20 ,0x2D ,0x31 ,0x31 ,0x35 ,0x3B ,0x0A
 ,0x4D ,0x65 ,0x64 ,0x69 ,0x61 ,0x55 ,0x4C ,0x4A
 ,0x69 ,0x74 ,0x74 ,0x65 ,0x72 ,0x47 ,0x6F ,0x6F
 ,0x64 ,0x20 ,0x3D ,0x20 ,0x31 ,0x30 ,0x3B ,0x0A
 ,0x41 ,0x6C ,0x70 ,0x68 ,0x61 ,0x5F ,0x6D ,0x65
 ,0x64 ,0x69 ,0x61 ,0x20 ,0x3D ,0x20 ,0x36 ,0x35
 ,0x3B ,0x0A ,0x4D ,0x65 ,0x64 ,0x69 ,0x61 ,0x55
 ,0x4C ,0x4A ,0x69 ,0x74 ,0x74 ,0x65 ,0x72 ,0x41
 ,0x63 ,0x63 ,0x65 ,0x70 ,0x74 ,0x61 ,0x62 ,0x6C
 ,0x65 ,0x20 ,0x3D ,0x20 ,0x34 ,0x30 ,0x3B ,0x0A
 ,0x4D ,0x65 ,0x64 ,0x69 ,0x61 ,0x55 ,0x4C ,0x4A
 ,0x69 ,0x74 ,0x74 ,0x65 ,0x72 ,0x46 ,0x61 ,0x69
 ,0x72 ,0x20 ,0x3D ,0x20 ,0x34 ,0x30 ,0x3B ,0x0A
 ,0x4D ,0x65 ,0x64 ,0x69 ,0x61 ,0x55 ,0x4C ,0x4A
 ,0x69 ,0x74 ,0x74 ,0x65 ,0x72 ,0x42 ,0x61 ,0x64
 ,0x20 ,0x3D ,0x20 ,0x35 ,0x30 ,0x3B ,0x0A ,0x4D
 ,0x65 ,0x64 ,0x69 ,0x61 ,0x55 ,0x4C ,0x46 ,0x72
 ,0x61 ,0x6D ,0x65 ,0x4C ,0x6F ,0x73 ,0x73 ,0x47
 ,0x6F ,0x6F ,0x64 ,0x20 ,0x3D ,0x20 ,0x35 ,0x3B
 ,0x0A ,0x4D ,0x65 ,0x64 ,0x69 ,0x61 ,0x55 ,0x4C
 ,0x46 ,0x72 ,0x61 ,0x6D ,0x65 ,0x4C ,0x6F ,0x73
 ,0x73 ,0x41 ,0x63 ,0x63 ,0x65 ,0x70 ,0x74 ,0x61
 ,0x62 ,0x6C ,0x65 ,0x20 ,0x3D ,0x20 ,0x33 ,0x3B
 ,0x0A ,0x4D ,0x65 ,0x64 ,0x69 ,0x61 ,0x55 ,0x4C
 ,0x46 ,0x72 ,0x61 ,0x6D ,0x65 ,0x4C ,0x6F ,0x73
 ,0x73 ,0x46 ,0x61 ,0x69 ,0x72 ,0x20 ,0x3D ,0x20
 ,0x32 ,0x30 ,0x3B ,0x0A ,0x4D ,0x65 ,0x64 ,0x69
 ,0x61 ,0x55 ,0x4C ,0x46 ,0x72 ,0x61 ,0x6D ,0x65
 ,0x4C ,0x6F ,0x73 ,0x73 ,0x42 ,0x61 ,0x64 ,0x20
 ,0x3D ,0x20 ,0x35 ,0x30 ,0x3B ,0x0A ,0x4D ,0x65
 ,0x64 ,0x69 ,0x61 ,0x44 ,0x4C ,0x39 ,0x35 ,0x4A
 ,0x69 ,0x74 ,0x74 ,0x65 ,0x72 ,0x47 ,0x6F ,0x6F
 ,0x64 ,0x20 ,0x3D ,0x20 ,0x34 ,0x3B ,0x20 ,0x0A
 ,0x4D ,0x65 ,0x64 ,0x69 ,0x61 ,0x44 ,0x4C ,0x39
 ,0x35 ,0x4A ,0x69 ,0x74 ,0x74 ,0x65 ,0x72 ,0x41
 ,0x63 ,0x63 ,0x65 ,0x70 ,0x74 ,0x61 ,0x62 ,0x6C
 ,0x65 ,0x20 ,0x3D ,0x20 ,0x36 ,0x30 ,0x3B ,0x0A
 ,0x4D ,0x65 ,0x64 ,0x69 ,0x61 ,0x44 ,0x4C ,0x39
 ,0x35 ,0x4A ,0x69 ,0x74 ,0x74 ,0x65 ,0x72 ,0x46
 ,0x61 ,0x69 ,0x72 ,0x20 ,0x3D ,0x20 ,0x36 ,0x3B
 ,0x0A ,0x4D ,0x65 ,0x64 ,0x69 ,0x61 ,0x44 ,0x4C
 ,0x39 ,0x35 ,0x4A ,0x69 ,0x74 ,0x74 ,0x65 ,0x72
 ,0x42 ,0x61 ,0x64 ,0x20 ,0x3D ,0x20 ,0x37 ,0x3B
 ,0x0A ,0x4D ,0x65 ,0x64 ,0x69 ,0x61 ,0x44 ,0x4C
 ,0x4A ,0x69 ,0x74 ,0x74 ,0x65 ,0x72 ,0x47 ,0x6F
 ,0x6F ,0x64 ,0x20 ,0x3D ,0x20 ,0x31 ,0x30 ,0x3B
 ,0x0A ,0x4D ,0x65 ,0x64 ,0x69 ,0x61 ,0x44 ,0x4C
 ,0x4A ,0x69 ,0x74 ,0x74 ,0x65 ,0x72 ,0x41 ,0x63
 ,0x63 ,0x65 ,0x70 ,0x74 ,0x61 ,0x62 ,0x6C ,0x65
 ,0x20 ,0x3D ,0x20 ,0x34 ,0x30 ,0x3B ,0x0A ,0x4D
 ,0x65 ,0x64 ,0x69 ,0x61 ,0x44 ,0x4C ,0x4A ,0x69
 ,0x74 ,0x74 ,0x65 ,0x72 ,0x46 ,0x61 ,0x69 ,0x72
 ,0x20 ,0x3D ,0x20 ,0x34 ,0x30 ,0x3B ,0x0A ,0x4D
 ,0x65 ,0x64 ,0x69 ,0x61 ,0x44 ,0x4C ,0x4A ,0x69
 ,0x74 ,0x74 ,0x65 ,0x72 ,0x42 ,0x61 ,0x64 ,0x20
 ,0x3D ,0x20 ,0x35 ,0x30 ,0x3B ,0x0A ,0x4D ,0x65
 ,0x64 ,0x69 ,0x61 ,0x44 ,0x4C ,0x46 ,0x72 ,0x61
 ,0x6D ,0x65 ,0x4C ,0x6F ,0x73 ,0x73 ,0x47 ,0x6F
 ,0x6F ,0x64 ,0x20 ,0x3D ,0x20 ,0x35 ,0x3B ,0x0A
 ,0x4D ,0x65 ,0x64 ,0x69 ,0x61 ,0x44 ,0x4C ,0x46
 ,0x72 ,0x61 ,0x6D ,0x65 ,0x4C ,0x6F ,0x73 ,0x73
 ,0x41 ,0x63 ,0x63 ,0x65 ,0x70 ,0x74 ,0x61 ,0x62
 ,0x6C ,0x65 ,0x20 ,0x3D ,0x20 ,0x33 ,0x3B ,0x0A
 ,0x4D ,0x65 ,0x64 ,0x69 ,0x61 ,0x44 ,0x4C ,0x46
 ,0x72 ,0x61 ,0x6D ,0x65 ,0x4C ,0x6F ,0x73 ,0x73
 ,0x46 ,0x61 ,0x69 ,0x72 ,0x20 ,0x3D ,0x20 ,0x32
 ,0x30 ,0x3B ,0x0A ,0x4D ,0x65 ,0x64 ,0x69 ,0x61
 ,0x44 ,0x4C ,0x46 ,0x72 ,0x61 ,0x6D ,0x65 ,0x4C
 ,0x6F ,0x73 ,0x73 ,0x42 ,0x61 ,0x64 ,0x20 ,0x3D
 ,0x20 ,0x35 ,0x30 ,0x3B ,0x0A ,0x4D ,0x65 ,0x64
 ,0x69 ,0x61 ,0x44 ,0x4C ,0x51 ,0x44 ,0x4A ,0x53
 ,0x70 ,0x65 ,0x65 ,0x63 ,0x68 ,0x42 ,0x61 ,0x64
 ,0x20 ,0x3D ,0x20 ,0x33 ,0x3B ,0x0A ,0x4D ,0x65
 ,0x64 ,0x69 ,0x61 ,0x44 ,0x4C ,0x51 ,0x44 ,0x4A
 ,0x53 ,0x69 ,0x6C ,0x65 ,0x6E ,0x63 ,0x65 ,0x42
 ,0x61 ,0x64 ,0x20 ,0x3D ,0x20 ,0x32 ,0x34 ,0x3B
 ,0x0A ,0x4D ,0x65 ,0x64 ,0x69 ,0x61 ,0x44 ,0x4C
 ,0x51 ,0x44 ,0x4A ,0x53 ,0x70 ,0x65 ,0x65 ,0x63
 ,0x68 ,0x41 ,0x63 ,0x63 ,0x65 ,0x70 ,0x74 ,0x61
 ,0x62 ,0x6C ,0x65 ,0x20 ,0x3D ,0x20 ,0x32 ,0x3B
 ,0x0A ,0x4D ,0x65 ,0x64 ,0x69 ,0x61 ,0x44 ,0x4C
 ,0x51 ,0x44 ,0x4A ,0x53 ,0x69 ,0x6C ,0x65 ,0x6E
 ,0x63 ,0x65 ,0x41 ,0x63 ,0x63 ,0x65 ,0x70 ,0x74
 ,0x61 ,0x62 ,0x6C ,0x65 ,0x20 ,0x3D ,0x20 ,0x31
 ,0x36 ,0x3B ,0x0A ,0x4D ,0x65 ,0x64 ,0x69 ,0x61
 ,0x54 ,0x69 ,0x6D ,0x65 ,0x72 ,0x49 ,0x6E ,0x74
 ,0x65 ,0x72 ,0x76 ,0x61 ,0x6C ,0x20 ,0x3D ,0x20
 ,0x31 ,0x3B ,0x0A ,0x4D ,0x65 ,0x64 ,0x69 ,0x61
 ,0x4D ,0x65 ,0x74 ,0x72 ,0x69 ,0x63 ,0x73 ,0x44
 ,0x69 ,0x73 ,0x61 ,0x62 ,0x6C ,0x65 ,0x64 ,0x20
 ,0x3D ,0x20 ,0x30 ,0x3B ,0x0A ,0x44 ,0x65 ,0x6C
 ,0x74 ,0x61 ,0x4D ,0x65 ,0x64 ,0x69 ,0x61 ,0x55
 ,0x4C ,0x4A ,0x69 ,0x74 ,0x74 ,0x65 ,0x72 ,0x41
 ,0x63 ,0x63 ,0x65 ,0x70 ,0x74 ,0x61 ,0x62 ,0x6C
 ,0x65 ,0x20 ,0x3D ,0x20 ,0x2D ,0x32 ,0x34 ,0x3B
 ,0x0A ,0x44 ,0x65 ,0x6C ,0x74 ,0x61 ,0x4D ,0x65
 ,0x64 ,0x69 ,0x61 ,0x44 ,0x4C ,0x4A ,0x69 ,0x74
 ,0x74 ,0x65 ,0x72 ,0x41 ,0x63 ,0x63 ,0x65 ,0x70
 ,0x74 ,0x61 ,0x62 ,0x6C ,0x65 ,0x20 ,0x3D ,0x20
 ,0x2D ,0x32 ,0x34 ,0x3B ,0x0A ,0x44 ,0x65 ,0x6C
 ,0x74 ,0x61 ,0x4D ,0x65 ,0x64 ,0x69 ,0x61 ,0x44
 ,0x4C ,0x51 ,0x44 ,0x4A ,0x53 ,0x70 ,0x65 ,0x65
 ,0x63 ,0x68 ,0x42 ,0x61 ,0x64 ,0x20 ,0x3D ,0x20
 ,0x2D ,0x31 ,0x3B ,0x0A ,0x44 ,0x65 ,0x6C ,0x74
 ,0x61 ,0x4D ,0x65 ,0x64 ,0x69 ,0x61 ,0x44 ,0x4C
 ,0x51 ,0x44 ,0x4A ,0x53 ,0x69 ,0x6C ,0x65 ,0x6E
 ,0x63 ,0x65 ,0x42 ,0x61 ,0x64 ,0x20 ,0x3D ,0x20
 ,0x2D ,0x38 ,0x3B ,0x0A ,0x41 ,0x4C ,0x47 ,0x4F
 ,0x5F ,0x46 ,0x4C ,0x41 ,0x56 ,0x4F ,0x52 ,0x20
 ,0x3D ,0x20 ,0x30 ,0x3B ,0x0A ,0x32 ,0x47 ,0x33
 ,0x47 ,0x4D ,0x65 ,0x61 ,0x73 ,0x75 ,0x72 ,0x65
 ,0x6D ,0x65 ,0x6E ,0x74 ,0x73 ,0x46 ,0x65 ,0x61
 ,0x74 ,0x75 ,0x72 ,0x65 ,0x45 ,0x6E ,0x61 ,0x62
 ,0x6C ,0x65 ,0x64 ,0x20 ,0x3D ,0x20 ,0x31 ,0x3B
 ,0x0A ,0x32 ,0x47 ,0x33 ,0x47 ,0x52 ,0x65 ,0x73
 ,0x65 ,0x6C ,0x65 ,0x63 ,0x74 ,0x69 ,0x6F ,0x6E
 ,0x54 ,0x69 ,0x6D ,0x65 ,0x72 ,0x20 ,0x3D ,0x20
 ,0x31 ,0x3B ,0x0A ,0x44 ,0x49 ,0x53 ,0x41 ,0x42
 ,0x4C ,0x45 ,0x5F ,0x43 ,0x53 ,0x5F ,0x52 ,0x45
 ,0x50 ,0x4F ,0x49 ,0x4E ,0x54 ,0x20 ,0x3D ,0x20
 ,0x31 ,0x3B ,0x0A ,0x47 ,0x45 ,0x52 ,0x41 ,0x4E
 ,0x5F ,0x52 ,0x58 ,0x4C ,0x45 ,0x56 ,0x5F ,0x41
 ,0x4C ,0x50 ,0x48 ,0x41 ,0x20 ,0x3D ,0x20 ,0x30
 ,0x2E ,0x36 ,0x35 ,0x3B ,0x0A ,0x47 ,0x45 ,0x52
 ,0x41 ,0x4E ,0x5F ,0x53 ,0x4E ,0x52 ,0x5F ,0x41
 ,0x4C ,0x50 ,0x48 ,0x41 ,0x20 ,0x3D ,0x20 ,0x30
 ,0x2E ,0x36 ,0x35 ,0x3B ,0x0A ,0x47 ,0x45 ,0x52
 ,0x41 ,0x4E ,0x5F ,0x52 ,0x58 ,0x51 ,0x55 ,0x41
 ,0x4C ,0x5F ,0x41 ,0x4C ,0x50 ,0x48 ,0x41 ,0x20
 ,0x3D ,0x20 ,0x30 ,0x2E ,0x39 ,0x35 ,0x3B ,0x0A
 ,0x6D ,0x6F ,0x6E ,0x69 ,0x74 ,0x6F ,0x72 ,0x32
 ,0x47 ,0x54 ,0x69 ,0x6D ,0x65 ,0x49 ,0x6E ,0x53
 ,0x65 ,0x63 ,0x20 ,0x3D ,0x20 ,0x32 ,0x3B ,0x0A
 ,0x47 ,0x45 ,0x52 ,0x41 ,0x4E ,0x5F ,0x53 ,0x52
 ,0x41 ,0x54 ,0x5F ,0x52 ,0x53 ,0x53 ,0x49 ,0x5F
 ,0x54 ,0x48 ,0x52 ,0x45 ,0x53 ,0x48 ,0x4F ,0x4C
 ,0x44 ,0x20 ,0x3D ,0x20 ,0x2D ,0x31 ,0x30 ,0x30
 ,0x3B ,0x0A ,0x47 ,0x45 ,0x52 ,0x41 ,0x4E ,0x5F
 ,0x54 ,0x52 ,0x41 ,0x54 ,0x5F ,0x52 ,0x53 ,0x53
 ,0x49 ,0x5F ,0x54 ,0x48 ,0x52 ,0x45 ,0x53 ,0x48
 ,0x4F ,0x4C ,0x44 ,0x20 ,0x3D ,0x20 ,0x2D ,0x39
 ,0x35 ,0x3B ,0x0A ,0x47 ,0x45 ,0x52 ,0x41 ,0x4E
 ,0x5F ,0x53 ,0x52 ,0x41 ,0x54 ,0x5F ,0x53 ,0x4E
 ,0x52 ,0x5F ,0x54 ,0x68 ,0x72 ,0x65 ,0x73 ,0x68
 ,0x6F ,0x6C ,0x64 ,0x20 ,0x3D ,0x20 ,0x37 ,0x3B
 ,0x0A ,0x47 ,0x45 ,0x52 ,0x41 ,0x4E ,0x5F ,0x54
 ,0x52 ,0x41 ,0x54 ,0x5F ,0x53 ,0x4E ,0x52 ,0x5F
 ,0x54 ,0x68 ,0x72 ,0x65 ,0x73 ,0x68 ,0x6F ,0x6C
 ,0x64 ,0x20 ,0x3D ,0x20 ,0x31 ,0x30 ,0x3B ,0x0A
 ,0x47 ,0x45 ,0x52 ,0x41 ,0x4E ,0x5F ,0x53 ,0x52
 ,0x41 ,0x54 ,0x5F ,0x42 ,0x45 ,0x52 ,0x5F ,0x54
 ,0x68 ,0x72 ,0x65 ,0x73 ,0x68 ,0x6F ,0x6C ,0x64
 ,0x20 ,0x3D ,0x20 ,0x36 ,0x3B ,0x0A ,0x47 ,0x45
 ,0x52 ,0x41 ,0x4E ,0x5F ,0x54 ,0x52 ,0x41 ,0x54
 ,0x5F ,0x42 ,0x45 ,0x52 ,0x5F ,0x54 ,0x68 ,0x72
 ,0x65 ,0x73 ,0x68 ,0x6F ,0x6C ,0x64 ,0x20 ,0x3D
 ,0x20 ,0x35 ,0x3B ,0x0A ,0x47 ,0x52 ,0x41 ,0x4E
 ,0x5F ,0x53 ,0x61 ,0x6D ,0x70 ,0x6C ,0x69 ,0x6E
 ,0x67 ,0x54 ,0x69 ,0x6D ,0x65 ,0x72 ,0x20 ,0x3D
 ,0x20 ,0x35 ,0x30 ,0x30 ,0x3B ,0x0A ,0x47 ,0x45
 ,0x52 ,0x41 ,0x4E ,0x5F ,0x43 ,0x6F ,0x75 ,0x6E
 ,0x74 ,0x5F ,0x53 ,0x75 ,0x73 ,0x70 ,0x65 ,0x6E
 ,0x64 ,0x65 ,0x64 ,0x5F ,0x53 ,0x74 ,0x61 ,0x74
 ,0x65 ,0x20 ,0x3D ,0x20 ,0x35 ,0x30 ,0x3B ,0x0A
 ,0x57 ,0x43 ,0x44 ,0x4D ,0x41 ,0x5F ,0x45 ,0x43
 ,0x49 ,0x4F ,0x5F ,0x41 ,0x4C ,0x50 ,0x48 ,0x41
 ,0x20 ,0x3D ,0x20 ,0x30 ,0x2E ,0x36 ,0x35 ,0x3B
 ,0x0A ,0x57 ,0x43 ,0x44 ,0x4D ,0x41 ,0x5F ,0x52
 ,0x53 ,0x43 ,0x50 ,0x5F ,0x41 ,0x4C ,0x50 ,0x48
 ,0x41 ,0x20 ,0x3D ,0x20 ,0x30 ,0x2E ,0x36 ,0x35
 ,0x3B ,0x0A ,0x6D ,0x6F ,0x6E ,0x69 ,0x74 ,0x6F
 ,0x72 ,0x33 ,0x47 ,0x54 ,0x69 ,0x6D ,0x65 ,0x49
 ,0x6E ,0x53 ,0x65 ,0x63 ,0x20 ,0x3D ,0x20 ,0x32
 ,0x3B ,0x0A ,0x57 ,0x43 ,0x44 ,0x4D ,0x41 ,0x5F
 ,0x53 ,0x52 ,0x41 ,0x54 ,0x5F ,0x45 ,0x43 ,0x49
 ,0x4F ,0x5F ,0x54 ,0x68 ,0x72 ,0x65 ,0x73 ,0x68
 ,0x6F ,0x6C ,0x64 ,0x20 ,0x3D ,0x20 ,0x2D ,0x31
 ,0x35 ,0x3B ,0x0A ,0x57 ,0x43 ,0x44 ,0x4D ,0x41
 ,0x5F ,0x54 ,0x52 ,0x41 ,0x54 ,0x5F ,0x45 ,0x43
 ,0x49 ,0x4F ,0x5F ,0x54 ,0x68 ,0x72 ,0x65 ,0x73
 ,0x68 ,0x6F ,0x6C ,0x64 ,0x20 ,0x3D ,0x20 ,0x2D
 ,0x31 ,0x30 ,0x3B ,0x0A ,0x57 ,0x43 ,0x44 ,0x4D
 ,0x41 ,0x5F ,0x53 ,0x52 ,0x41 ,0x54 ,0x5F ,0x52
 ,0x53 ,0x43 ,0x50 ,0x5F ,0x54 ,0x68 ,0x72 ,0x65
 ,0x73 ,0x68 ,0x6F ,0x6C ,0x64 ,0x20 ,0x3D ,0x20
 ,0x2D ,0x31 ,0x31 ,0x35 ,0x3B ,0x0A ,0x57 ,0x43
 ,0x44 ,0x4D ,0x41 ,0x5F ,0x54 ,0x52 ,0x41 ,0x54
 ,0x5F ,0x52 ,0x53 ,0x43 ,0x50 ,0x5F ,0x54 ,0x68
 ,0x72 ,0x65 ,0x73 ,0x68 ,0x6F ,0x6C ,0x64 ,0x20
 ,0x3D ,0x20 ,0x2D ,0x31 ,0x31 ,0x30 ,0x3B ,0x0A
 ,0x57 ,0x43 ,0x44 ,0x4D ,0x41 ,0x5F ,0x53 ,0x61
 ,0x6D ,0x70 ,0x6C ,0x69 ,0x6E ,0x67 ,0x54 ,0x69
 ,0x6D ,0x65 ,0x72 ,0x20 ,0x3D ,0x20 ,0x35 ,0x30
 ,0x30 ,0x3B ,0x0A ,0x57 ,0x57 ,0x41 ,0x4E ,0x5F
 ,0x47 ,0x55 ,0x41 ,0x52 ,0x44 ,0x5F ,0x54 ,0x49
 ,0x4D ,0x45 ,0x52 ,0x20 ,0x3D ,0x20 ,0x37 ,0x3B
 ,0x0A ,0x57 ,0x4C ,0x41 ,0x4E ,0x5F ,0x47 ,0x55
 ,0x41 ,0x52 ,0x44 ,0x5F ,0x54 ,0x49 ,0x4D ,0x45
 ,0x52 ,0x20 ,0x3D ,0x20 ,0x37 ,0x3B ,0x0A ,0x57
 ,0x43 ,0x44 ,0x4D ,0x41 ,0x5F ,0x43 ,0x6F ,0x75
 ,0x6E ,0x74 ,0x5F ,0x53 ,0x75 ,0x73 ,0x70 ,0x65
 ,0x6E ,0x64 ,0x65 ,0x64 ,0x5F ,0x53 ,0x74 ,0x61
 ,0x74 ,0x65 ,0x20 ,0x3D ,0x20 ,0x31 ,0x30 ,0x3B
 ,0x0A ,0x53 ,0x69 ,0x6E ,0x67 ,0x6C ,0x65 ,0x52
 ,0x61 ,0x74 ,0x46 ,0x65 ,0x61 ,0x74 ,0x75 ,0x72
 ,0x65 ,0x45 ,0x6E ,0x61 ,0x62 ,0x6C ,0x65 ,0x20
 ,0x3D ,0x20 ,0x31 ,0x3B ,0x0A ,0x4C ,0x54 ,0x45
 ,0x5F ,0x52 ,0x53 ,0x52 ,0x50 ,0x5F ,0x53 ,0x69
 ,0x6E ,0x67 ,0x6C ,0x65 ,0x5F ,0x6F ,0x75 ,0x74
 ,0x20 ,0x3D ,0x20 ,0x2D ,0x31 ,0x32 ,0x35 ,0x3B
 ,0x0A ,0x4C ,0x54 ,0x45 ,0x5F ,0x52 ,0x53 ,0x52
 ,0x50 ,0x5F ,0x53 ,0x69 ,0x6E ,0x67 ,0x6C ,0x65
 ,0x5F ,0x69 ,0x6E ,0x20 ,0x3D ,0x20 ,0x2D ,0x31
 ,0x31 ,0x38 ,0x3B ,0x0A ,0x4C ,0x54 ,0x45 ,0x5F
 ,0x52 ,0x53 ,0x52 ,0x51 ,0x5F ,0x53 ,0x69 ,0x6E
 ,0x67 ,0x6C ,0x65 ,0x5F ,0x6F ,0x75 ,0x74 ,0x20
 ,0x3D ,0x20 ,0x2D ,0x32 ,0x30 ,0x30 ,0x3B ,0x0A
 ,0x4C ,0x54 ,0x45 ,0x5F ,0x52 ,0x53 ,0x52 ,0x51
 ,0x5F ,0x53 ,0x69 ,0x6E ,0x67 ,0x6C ,0x65 ,0x5F
 ,0x69 ,0x6E ,0x20 ,0x3D ,0x20 ,0x2D ,0x31 ,0x37
 ,0x30 ,0x3B ,0x0A ,0x4C ,0x54 ,0x45 ,0x5F ,0x53
 ,0x4E ,0x52 ,0x5F ,0x53 ,0x69 ,0x6E ,0x67 ,0x6C
 ,0x65 ,0x5F ,0x6F ,0x75 ,0x74 ,0x20 ,0x3D ,0x20
 ,0x37 ,0x35 ,0x3B ,0x0A ,0x4C ,0x54 ,0x45 ,0x5F
 ,0x53 ,0x4E ,0x52 ,0x5F ,0x53 ,0x69 ,0x6E ,0x67
 ,0x6C ,0x65 ,0x5F ,0x69 ,0x6E ,0x20 ,0x3D ,0x20
 ,0x38 ,0x35 ,0x3B ,0x0A ,0x55 ,0x54 ,0x52 ,0x41
 ,0x4E ,0x5F ,0x52 ,0x53 ,0x43 ,0x50 ,0x5F ,0x53
 ,0x69 ,0x6E ,0x67 ,0x6C ,0x65 ,0x5F ,0x6F ,0x75
 ,0x74 ,0x20 ,0x3D ,0x20 ,0x2D ,0x31 ,0x31 ,0x38
 ,0x3B ,0x0A ,0x55 ,0x54 ,0x52 ,0x41 ,0x4E ,0x5F
 ,0x52 ,0x53 ,0x43 ,0x50 ,0x5F ,0x53 ,0x69 ,0x6E
 ,0x67 ,0x6C ,0x65 ,0x5F ,0x69 ,0x6E ,0x20 ,0x3D
 ,0x20 ,0x2D ,0x31 ,0x31 ,0x33 ,0x3B ,0x0A ,0x55
 ,0x54 ,0x52 ,0x41 ,0x4E ,0x5F ,0x45 ,0x43 ,0x49
 ,0x4F ,0x5F ,0x53 ,0x69 ,0x6E ,0x67 ,0x6C ,0x65
 ,0x5F ,0x6F ,0x75 ,0x74 ,0x20 ,0x3D ,0x20 ,0x2D
 ,0x31 ,0x37 ,0x3B ,0x0A ,0x55 ,0x54 ,0x52 ,0x41
 ,0x4E ,0x5F ,0x45 ,0x43 ,0x49 ,0x4F ,0x5F ,0x53
 ,0x69 ,0x6E ,0x67 ,0x6C ,0x65 ,0x5F ,0x69 ,0x6E
 ,0x20 ,0x3D ,0x20 ,0x2D ,0x31 ,0x32 ,0x3B ,0x0A
 ,0x47 ,0x45 ,0x52 ,0x41 ,0x4E ,0x5F ,0x52 ,0x53
 ,0x53 ,0x49 ,0x5F ,0x53 ,0x69 ,0x6E ,0x67 ,0x6C
 ,0x65 ,0x5F ,0x6F ,0x75 ,0x74 ,0x20 ,0x3D ,0x20
 ,0x2D ,0x31 ,0x30 ,0x33 ,0x3B ,0x20 ,0x20 ,0x0A
 ,0x47 ,0x45 ,0x52 ,0x41 ,0x4E ,0x5F ,0x52 ,0x53
 ,0x53 ,0x49 ,0x5F ,0x53 ,0x69 ,0x6E ,0x67 ,0x6C
 ,0x65 ,0x5F ,0x69 ,0x6E ,0x20 ,0x3D ,0x20 ,0x2D
 ,0x39 ,0x38 ,0x3B ,0x0A ,0x47 ,0x45 ,0x52 ,0x41
 ,0x4E ,0x5F ,0x42 ,0x45 ,0x52 ,0x5F ,0x53 ,0x69
 ,0x6E ,0x67 ,0x6C ,0x65 ,0x5F ,0x6F ,0x75 ,0x74
 ,0x20 ,0x3D ,0x20 ,0x37 ,0x3B ,0x0A ,0x47 ,0x45
 ,0x52 ,0x41 ,0x4E ,0x5F ,0x42 ,0x45 ,0x52 ,0x5F
 ,0x53 ,0x69 ,0x6E ,0x67 ,0x6C ,0x65 ,0x5F ,0x69
 ,0x6E ,0x20 ,0x3D ,0x20 ,0x36 ,0x3B ,0x0A ,0x47
 ,0x45 ,0x52 ,0x41 ,0x4E ,0x5F ,0x53 ,0x4E ,0x52
 ,0x5F ,0x53 ,0x69 ,0x6E ,0x67 ,0x6C ,0x65 ,0x5F
 ,0x6F ,0x75 ,0x74 ,0x20 ,0x3D ,0x20 ,0x35 ,0x3B
 ,0x0A ,0x47 ,0x45 ,0x52 ,0x41 ,0x4E ,0x5F ,0x53
 ,0x4E ,0x52 ,0x5F ,0x53 ,0x69 ,0x6E ,0x67 ,0x6C
 ,0x65 ,0x5F ,0x69 ,0x6E ,0x20 ,0x3D ,0x20 ,0x38 ,0x3B



 /* EFS file:  qp_ims_plani_config , Size = 129 bytes 
   Path on Disk: /nv/item_files/ims/qp_ims_plani_config */ 

 ,0xB8 ,0x00 ,0x00 ,0x00 ,0x02 ,0x19 ,0x00 ,0x00
 ,0x01, 0x00 ,0x27 ,0x00 ,0x2F ,0x6E ,0x76 ,0x2F
 ,0x69 ,0x74 ,0x65 ,0x6D ,0x5F ,0x66 ,0x69 ,0x6C
 ,0x65 ,0x73 ,0x2F ,0x69 ,0x6D ,0x73 ,0x2F ,0x71
 ,0x70 ,0x5F ,0x69 ,0x6D ,0x73 ,0x5F ,0x70 ,0x6C
 ,0x61 ,0x6E ,0x69 ,0x5F ,0x63 ,0x6F ,0x6E ,0x66
 ,0x69 ,0x67 ,0x00
 ,0x02 ,0x00 ,0x81 ,0x00 ,0x07 ,0x00 ,0x00 ,0x00
 ,0x00 ,0x00 ,0x00 ,0x00 ,0x00 ,0x00 ,0x00 ,0x00
 ,0x00 ,0x00 ,0x00 ,0x00 ,0x00 ,0x00 ,0x00 ,0x00
 ,0x00 ,0x00 ,0x00 ,0x00 ,0x00 ,0x00 ,0x00 ,0x00
 ,0x00 ,0x00 ,0x00 ,0x00 ,0x00 ,0x00 ,0x00 ,0x00
 ,0x00 ,0x00 ,0x00 ,0x00 ,0x00 ,0x00 ,0x00 ,0x00
 ,0x00 ,0x00 ,0x00 ,0x00 ,0x00 ,0x00 ,0x00 ,0x00
 ,0x00 ,0x00 ,0x00 ,0x00 ,0x00 ,0x00 ,0x00 ,0x00
 ,0x00 ,0x00 ,0x00 ,0x00 ,0x00 ,0x00 ,0x00 ,0x00
 ,0x00 ,0x00 ,0x00 ,0x00 ,0x00 ,0x00 ,0x00 ,0x00
 ,0x00 ,0x00 ,0x00 ,0x00 ,0x00 ,0x00 ,0x00 ,0x00
 ,0x00 ,0x00 ,0x00 ,0x00 ,0x00 ,0x00 ,0x00 ,0x00
 ,0x00 ,0x00 ,0x00 ,0x00 ,0x00 ,0x00 ,0x00 ,0x00
 ,0x00 ,0x00 ,0x00 ,0x00 ,0x00 ,0x00 ,0x00 ,0x00
 ,0x00 ,0x00 ,0x00 ,0x00 ,0x00 ,0x00 ,0x00 ,0x00
 ,0x00 ,0x00 ,0x00 ,0x00 ,0x00 ,0x00 ,0x00 ,0x00
 ,0x00 ,0x00 ,0x00 ,0x00 ,0x00


 /* EFS file:  ims_sip_config , Size = 1025 bytes 
   Path on Disk: /nv/item_files/ims/ims_sip_config */ 

 ,0x33 ,0x04 ,0x00 ,0x00 ,0x02 ,0x19 ,0x00 ,0x00
 ,0x01, 0x00 ,0x22 ,0x00 ,0x2F ,0x6E ,0x76 ,0x2F
 ,0x69 ,0x74 ,0x65 ,0x6D ,0x5F ,0x66 ,0x69 ,0x6C
 ,0x65 ,0x73 ,0x2F ,0x69 ,0x6D ,0x73 ,0x2F ,0x69
 ,0x6D ,0x73 ,0x5F ,0x73 ,0x69 ,0x70 ,0x5F ,0x63
 ,0x6F ,0x6E ,0x66 ,0x69 ,0x67 ,0x00
 ,0x02 ,0x00 ,0x01 ,0x04 ,0x07 ,0x00 ,0xD0 ,0x07
 ,0x00 ,0x00 ,0x80 ,0x3E ,0x00 ,0x00 ,0x68 ,0x42
 ,0x00 ,0x00 ,0x00 ,0x00 ,0x00 ,0x00 ,0x00 ,0x00
 ,0x00 ,0x00 ,0x00 ,0x00 ,0x00 ,0x00 ,0x00 ,0x00
 ,0x00 ,0x00 ,0x00 ,0x00 ,0x00 ,0x00 ,0x00 ,0x7D
 ,0x00 ,0x00 ,0x00 ,0x00 ,0x00 ,0x00 ,0x00 ,0x00
 ,0x00 ,0x00 ,0x00 ,0x00 ,0x00 ,0x00 ,0x00 ,0x7D
 ,0x00 ,0x00 ,0x00 ,0x00 ,0x00 ,0x00 ,0x00 ,0x00
 ,0x00 ,0x00 ,0x00 ,0x00 ,0x00 ,0x00 ,0x00 ,0x00
 ,0x00 ,0x00 ,0x00 ,0x00 ,0x00 ,0x00 ,0x00 ,0x00
 ,0x00 ,0x00 ,0x00 ,0x00 ,0x00 ,0x00 ,0x00 ,0x00
 ,0x00 ,0x00 ,0x00 ,0x00 ,0x00 ,0x00 ,0x00 ,0x00
 ,0x00 ,0x00 ,0x00 ,0x00 ,0x00 ,0x00 ,0x00 ,0x00
 ,0x00 ,0x00 ,0x00 ,0x00 ,0x00 ,0x00 ,0x00 ,0x00
 ,0x00 ,0x00 ,0x00 ,0x00 ,0x00 ,0x00 ,0x00 ,0x00
 ,0x00 ,0x00 ,0x00 ,0x00 ,0x00 ,0x00 ,0x00 ,0x00
 ,0x00 ,0x00 ,0x00 ,0x00 ,0x00 ,0x00 ,0x00 ,0x00
 ,0x00 ,0x00 ,0x00 ,0x00 ,0x00 ,0x00 ,0x00 ,0x00
 ,0x00 ,0x00 ,0x00 ,0x00 ,0x00 ,0x00 ,0x00 ,0x00
 ,0x00 ,0x00 ,0x00 ,0x00 ,0x00 ,0x00 ,0x00 ,0x00
 ,0x00 ,0x00 ,0x00 ,0x00 ,0x00 ,0x00 ,0x00 ,0x00
 ,0x00 ,0x00 ,0x00 ,0x00 ,0x00 ,0x00 ,0x00 ,0x00
 ,0x00 ,0x00 ,0x00 ,0x00 ,0x00 ,0x00 ,0x00 ,0x00
 ,0x00 ,0x00 ,0x00 ,0x00 ,0x00 ,0x00 ,0x00 ,0x00
 ,0x00 ,0x00 ,0x00 ,0x00 ,0x00 ,0x00 ,0x00 ,0x00
 ,0x00 ,0x00 ,0x00 ,0x00 ,0x00 ,0x00 ,0x00 ,0x00
 ,0x00 ,0x00 ,0x00 ,0x00 ,0x00 ,0x00 ,0x00 ,0x00
 ,0x00 ,0x00 ,0x00 ,0x00 ,0x00 ,0x00 ,0x00 ,0x00
 ,0x00 ,0x00 ,0x00 ,0x00 ,0x00 ,0x00 ,0x00 ,0x00
 ,0x00 ,0x00 ,0x00 ,0x00 ,0x00 ,0x00 ,0x00 ,0x00
 ,0x00 ,0x00 ,0x00 ,0x00 ,0x00 ,0x00 ,0x00 ,0x00
 ,0x00 ,0x00 ,0x00 ,0x00 ,0x00 ,0x00 ,0x00 ,0x00
 ,0x00 ,0x00 ,0x00 ,0x00 ,0x00 ,0x00 ,0x00 ,0x00
 ,0x00 ,0x00 ,0x00 ,0x00 ,0x00 ,0x00 ,0x00 ,0x00
 ,0x00 ,0x00 ,0x00 ,0x00 ,0x00 ,0x00 ,0x00 ,0x00
 ,0x00 ,0x00 ,0x00 ,0x00 ,0x00 ,0x00 ,0x00 ,0x00
 ,0x00 ,0x00 ,0x00 ,0x00 ,0x00 ,0x00 ,0x00 ,0x00
 ,0x00 ,0x00 ,0x00 ,0x00 ,0x00 ,0x00 ,0x00 ,0x00
 ,0x00 ,0x00 ,0x00 ,0x00 ,0x00 ,0x00 ,0x00 ,0x00
 ,0x00 ,0x00 ,0x00 ,0x00 ,0x00 ,0x00 ,0x00 ,0x00
 ,0x00 ,0x00 ,0x00 ,0x00 ,0x00 ,0x00 ,0x00 ,0x00
 ,0x00 ,0x00 ,0x00 ,0x00 ,0x00 ,0x00 ,0x00 ,0x00
 ,0x00 ,0x00 ,0x00 ,0x00 ,0x00 ,0x00 ,0x00 ,0x00
 ,0x00 ,0x00 ,0x00 ,0x00 ,0x00 ,0x00 ,0x00 ,0x00
 ,0x00 ,0x00 ,0x00 ,0x00 ,0x00 ,0x00 ,0x00 ,0x00
 ,0x00 ,0x00 ,0x00 ,0x00 ,0x00 ,0x00 ,0x00 ,0x00
 ,0x00 ,0x00 ,0x00 ,0x00 ,0x00 ,0x00 ,0x00 ,0x00
 ,0x00 ,0x00 ,0x00 ,0x00 ,0x00 ,0x00 ,0x00 ,0x00
 ,0x00 ,0x00 ,0x00 ,0x00 ,0x00 ,0x00 ,0x00 ,0x00
 ,0x00 ,0x00 ,0x00 ,0x00 ,0x00 ,0x00 ,0x00 ,0x00
 ,0x00 ,0x00 ,0x00 ,0x00 ,0x00 ,0x00 ,0x00 ,0x00
 ,0x00 ,0x00 ,0x00 ,0x00 ,0x00 ,0x00 ,0x00 ,0x00
 ,0x00 ,0x00 ,0x00 ,0x00 ,0x00 ,0x00 ,0x00 ,0x00
 ,0x00 ,0x00 ,0x00 ,0x00 ,0x00 ,0x00 ,0x00 ,0x00
 ,0x00 ,0x00 ,0x00 ,0x00 ,0x00 ,0x00 ,0x00 ,0x00
 ,0x00 ,0x00 ,0x00 ,0x00 ,0x00 ,0x00 ,0x00 ,0x00
 ,0x00 ,0x00 ,0x00 ,0x00 ,0x00 ,0x00 ,0x00 ,0x00
 ,0x00 ,0x00 ,0x00 ,0x00 ,0x00 ,0x00 ,0x00 ,0x00
 ,0x00 ,0x00 ,0x00 ,0x00 ,0x00 ,0x00 ,0x00 ,0x00
 ,0x00 ,0x00 ,0x00 ,0x00 ,0x00 ,0x00 ,0x00 ,0x00
 ,0x00 ,0x00 ,0x00 ,0x00 ,0x00 ,0x00 ,0x00 ,0x00
 ,0x00 ,0x00 ,0x00 ,0x00 ,0x00 ,0x00 ,0x00 ,0x00
 ,0x00 ,0x00 ,0x00 ,0x00 ,0x00 ,0x00 ,0x00 ,0x00
 ,0x00 ,0x00 ,0x00 ,0x00 ,0x00 ,0x00 ,0x00 ,0x00
 ,0x00 ,0x00 ,0x00 ,0x00 ,0x00 ,0x00 ,0x00 ,0x00
 ,0x00 ,0x00 ,0x00 ,0x00 ,0x00 ,0x00 ,0x00 ,0x00
 ,0x00 ,0x00 ,0x00 ,0x00 ,0x00 ,0x00 ,0x00 ,0x00
 ,0x00 ,0x00 ,0x00 ,0x00 ,0x00 ,0x00 ,0x00 ,0x00
 ,0x00 ,0x00 ,0x00 ,0x00 ,0x00 ,0x00 ,0x00 ,0x00
 ,0x00 ,0x00 ,0x00 ,0x00 ,0x00 ,0x00 ,0x00 ,0x00
 ,0x00 ,0x00 ,0x00 ,0x00 ,0x00 ,0x00 ,0x00 ,0x00
 ,0x00 ,0x00 ,0x00 ,0x00 ,0x00 ,0x00 ,0x00 ,0x00
 ,0x00 ,0x00 ,0x00 ,0x00 ,0x00 ,0x00 ,0x00 ,0x00
 ,0x00 ,0x00 ,0x00 ,0x00 ,0x00 ,0x00 ,0x00 ,0x00
 ,0x00 ,0x00 ,0x00 ,0x00 ,0x00 ,0x00 ,0x00 ,0x00
 ,0x00 ,0x00 ,0x00 ,0x00 ,0x00 ,0x00 ,0x00 ,0x00
 ,0x00 ,0x00 ,0x00 ,0x00 ,0x00 ,0x00 ,0x00 ,0x00
 ,0x00 ,0x00 ,0x00 ,0x00 ,0x00 ,0x00 ,0x00 ,0x00
 ,0x00 ,0x00 ,0x00 ,0x00 ,0x00 ,0x00 ,0x00 ,0x00
 ,0x00 ,0x00 ,0x00 ,0x00 ,0x00 ,0x00 ,0x00 ,0x00
 ,0x00 ,0x00 ,0x00 ,0x00 ,0x00 ,0x00 ,0x00 ,0x00
 ,0x00 ,0x00 ,0x00 ,0x00 ,0x00 ,0x00 ,0x00 ,0x00
 ,0x00 ,0x00 ,0x00 ,0x00 ,0x00 ,0x00 ,0x00 ,0x00
 ,0x00 ,0x00 ,0x00 ,0x00 ,0x00 ,0x00 ,0x00 ,0x00
 ,0x00 ,0x00 ,0x00 ,0x00 ,0x00 ,0x00 ,0x00 ,0x00
 ,0x00 ,0x00 ,0x00 ,0x00 ,0x00 ,0x00 ,0x00 ,0x00
 ,0x00 ,0x00 ,0x00 ,0x00 ,0x00 ,0x00 ,0x00 ,0x00
 ,0x00 ,0x00 ,0x00 ,0x00 ,0x00 ,0x00 ,0x00 ,0x00
 ,0x00 ,0x00 ,0x00 ,0x00 ,0x00 ,0x00 ,0x00 ,0x00
 ,0x00 ,0x00 ,0x00 ,0x00 ,0x00 ,0x00 ,0x00 ,0x00
 ,0x00 ,0x00 ,0x00 ,0x00 ,0x00 ,0x00 ,0x00 ,0x00
 ,0x00 ,0x00 ,0x00 ,0x00 ,0x00 ,0x00 ,0x00 ,0x00
 ,0x00 ,0x00 ,0x00 ,0x00 ,0x00 ,0x00 ,0x00 ,0x00
 ,0x00 ,0x00 ,0x00 ,0x00 ,0x00 ,0x00 ,0x00 ,0x00
 ,0x00 ,0x00 ,0x00 ,0x00 ,0x00 ,0x00 ,0x00 ,0x00
 ,0x00 ,0x00 ,0x00 ,0x00 ,0x00 ,0x00 ,0x00 ,0x00
 ,0x00 ,0x00 ,0x00 ,0x00 ,0x00 ,0x00 ,0x00 ,0x00
 ,0x00 ,0x00 ,0x00 ,0x00 ,0x00 ,0x00 ,0x00 ,0x00
 ,0x00 ,0x00 ,0x00 ,0x00 ,0x00 ,0x00 ,0x00 ,0x00
 ,0x00 ,0x00 ,0x00 ,0x00 ,0x00 ,0x00 ,0x00 ,0x00
 ,0x00 ,0x00 ,0x00 ,0x00 ,0x00 ,0x00 ,0x00 ,0x00
 ,0x00 ,0x00 ,0x00 ,0x00 ,0x00 ,0x00 ,0x00 ,0x00
 ,0x00 ,0x00 ,0x00 ,0x00 ,0x00 ,0x00 ,0x00 ,0x00
 ,0x00 ,0x00 ,0x00 ,0x00 ,0x00 ,0x00 ,0x00 ,0x00
 ,0x00 ,0x00 ,0x00 ,0x00 ,0x00 ,0x00 ,0x00 ,0x00
 ,0x00 ,0x00 ,0x00 ,0x00 ,0x00 ,0x00 ,0x00 ,0x00
 ,0x00 ,0x00 ,0x00 ,0x00 ,0x00 ,0x00 ,0x00 ,0x00
 ,0x00 ,0x00 ,0x00 ,0x00 ,0x00 ,0x00 ,0x00 ,0x00
 ,0x00 ,0x00 ,0x00 ,0x00 ,0x00 ,0x00 ,0x00 ,0x00
 ,0x00 ,0x00 ,0x00 ,0x00 ,0x00 ,0x00 ,0x00 ,0x00
 ,0x00 ,0x00 ,0x00 ,0x00 ,0x00 ,0x00 ,0x00 ,0x00
 ,0x00 ,0x00 ,0x00 ,0x00 ,0x00 ,0x00 ,0x00 ,0x00
 ,0x00 ,0x00 ,0x00 ,0x00 ,0x00 ,0x00 ,0x00 ,0x00
 ,0x00 ,0x00 ,0x00 ,0x00 ,0x00 ,0x00 ,0x00 ,0x00
 ,0x00 ,0x00 ,0x00 ,0x00 ,0x00 ,0x00 ,0x00 ,0x00
 ,0x00 ,0x00 ,0x00 ,0x00 ,0x00 ,0x00 ,0x00 ,0x00
 ,0x00 ,0x00 ,0x00 ,0x00 ,0x00 ,0x00 ,0x00 ,0x00
 ,0x00 ,0x00 ,0x00 ,0x00 ,0x00 ,0x00 ,0x00 ,0x00
 ,0x00 ,0x00 ,0x00 ,0x00 ,0x00 ,0x00 ,0x00 ,0x00
 ,0x00 ,0x00 ,0x00 ,0x00 ,0x00 ,0x00 ,0x00 ,0x00
 ,0x00 ,0x00 ,0x00 ,0x00 ,0x00 ,0x00 ,0x00 ,0x00
 ,0x00 ,0x00 ,0x00 ,0x00 ,0x00 ,0x00 ,0x00 ,0x00
 ,0x00 ,0x00 ,0x00 ,0x00 ,0x00 ,0x00 ,0x00 ,0x00
 ,0x00 ,0x00 ,0x00 ,0x00 ,0x00 ,0x00 ,0x00 ,0x00
 ,0x00 ,0x00 ,0x00 ,0x00 ,0x00 ,0x00 ,0x00 ,0x00
 ,0x00 ,0x00 ,0x00 ,0x00 ,0x00 ,0x00 ,0x00 ,0x00
 ,0x00 ,0x00 ,0x00 ,0x00 ,0x00 ,0x00 ,0x00 ,0x00
 ,0x00 ,0x00 ,0x00 ,0x00 ,0x00 ,0x00 ,0x00 ,0x00
 ,0x00 ,0x00 ,0x00 ,0x00 ,0x00


 /* EFS file:  qp_ims_cap_discovery_config , Size = 1025 bytes 
   Path on Disk: /nv/item_files/ims/qp_ims_cap_discovery_config */ 

 ,0x40 ,0x04 ,0x00 ,0x00 ,0x02 ,0x19 ,0x00 ,0x00
 ,0x01, 0x00 ,0x2F ,0x00 ,0x2F ,0x6E ,0x76 ,0x2F
 ,0x69 ,0x74 ,0x65 ,0x6D ,0x5F ,0x66 ,0x69 ,0x6C
 ,0x65 ,0x73 ,0x2F ,0x69 ,0x6D ,0x73 ,0x2F ,0x71
 ,0x70 ,0x5F ,0x69 ,0x6D ,0x73 ,0x5F ,0x63 ,0x61
 ,0x70 ,0x5F ,0x64 ,0x69 ,0x73 ,0x63 ,0x6F ,0x76
 ,0x65 ,0x72 ,0x79 ,0x5F ,0x63 ,0x6F ,0x6E ,0x66
 ,0x69 ,0x67 ,0x00
 ,0x02 ,0x00 ,0x01 ,0x04 ,0x07 ,0x00 ,0x00 ,0x00
 ,0x00 ,0x00 ,0x00 ,0x00 ,0x00 ,0x00 ,0x00 ,0x00
 ,0x00 ,0x00 ,0x00 ,0x00 ,0x00 ,0x00 ,0x00 ,0x00
 ,0x00 ,0x00 ,0x00 ,0x00 ,0x00 ,0x00 ,0x00 ,0x00
 ,0x00 ,0x00 ,0x00 ,0x00 ,0x00 ,0x00 ,0x00 ,0x00
 ,0x00 ,0x00 ,0x00 ,0x00 ,0x00 ,0x00 ,0x00 ,0x00
 ,0x00 ,0x00 ,0x00 ,0x00 ,0x00 ,0x00 ,0x00 ,0x00
 ,0x00 ,0x00 ,0x00 ,0x00 ,0x00 ,0x00 ,0x00 ,0x00
 ,0x00 ,0x00 ,0x00 ,0x00 ,0x00 ,0x00 ,0x00 ,0x00
 ,0x00 ,0x00 ,0x00 ,0x00 ,0x00 ,0x00 ,0x00 ,0x00
 ,0x00 ,0x00 ,0x00 ,0x00 ,0x00 ,0x00 ,0x00 ,0x00
 ,0x00 ,0x00 ,0x00 ,0x00 ,0x00 ,0x00 ,0x00 ,0x00
 ,0x00 ,0x00 ,0x00 ,0x00 ,0x00 ,0x00 ,0x00 ,0x00
 ,0x00 ,0x00 ,0x00 ,0x00 ,0x00 ,0x00 ,0x00 ,0x00
 ,0x00 ,0x00 ,0x00 ,0x00 ,0x00 ,0x00 ,0x00 ,0x00
 ,0x00 ,0x00 ,0x00 ,0x00 ,0x00 ,0x00 ,0x00 ,0x00
 ,0x00 ,0x00 ,0x00 ,0x00 ,0x00 ,0x00 ,0x00 ,0x00
 ,0x00 ,0x00 ,0x00 ,0x00 ,0x00 ,0x00 ,0x00 ,0x00
 ,0x00 ,0x00 ,0x00 ,0x00 ,0x00 ,0x00 ,0x00 ,0x00
 ,0x00 ,0x00 ,0x00 ,0x00 ,0x00 ,0x00 ,0x00 ,0x00
 ,0x00 ,0x00 ,0x00 ,0x00 ,0x00 ,0x00 ,0x00 ,0x00
 ,0x00 ,0x00 ,0x00 ,0x00 ,0x00 ,0x00 ,0x00 ,0x00
 ,0x00 ,0x00 ,0x00 ,0x00 ,0x00 ,0x00 ,0x00 ,0x00
 ,0x00 ,0x00 ,0x00 ,0x00 ,0x00 ,0x00 ,0x00 ,0x00
 ,0x00 ,0x00 ,0x00 ,0x00 ,0x00 ,0x00 ,0x00 ,0x00
 ,0x00 ,0x00 ,0x00 ,0x00 ,0x00 ,0x00 ,0x00 ,0x00
 ,0x00 ,0x00 ,0x00 ,0x00 ,0x00 ,0x00 ,0x00 ,0x00
 ,0x00 ,0x00 ,0x00 ,0x00 ,0x00 ,0x00 ,0x00 ,0x00
 ,0x00 ,0x00 ,0x00 ,0x00 ,0x00 ,0x00 ,0x00 ,0x00
 ,0x00 ,0x00 ,0x00 ,0x00 ,0x00 ,0x00 ,0x00 ,0x00
 ,0x00 ,0x00 ,0x00 ,0x00 ,0x00 ,0x00 ,0x00 ,0x00
 ,0x00 ,0x00 ,0x00 ,0x00 ,0x00 ,0x00 ,0x00 ,0x00
 ,0x00 ,0x00 ,0x00 ,0x00 ,0x00 ,0x00 ,0x00 ,0x00
 ,0x00 ,0x00 ,0x00 ,0x00 ,0x00 ,0x00 ,0x00 ,0x00
 ,0x00 ,0x00 ,0x00 ,0x00 ,0x00 ,0x00 ,0x00 ,0x00
 ,0x00 ,0x00 ,0x00 ,0x00 ,0x00 ,0x00 ,0x00 ,0x00
 ,0x00 ,0x00 ,0x00 ,0x00 ,0x00 ,0x00 ,0x00 ,0x00
 ,0x00 ,0x00 ,0x00 ,0x00 ,0x00 ,0x00 ,0x00 ,0x00
 ,0x00 ,0x00 ,0x00 ,0x00 ,0x00 ,0x00 ,0x00 ,0x00
 ,0x00 ,0x00 ,0x00 ,0x00 ,0x00 ,0x00 ,0x00 ,0x00
 ,0x00 ,0x00 ,0x00 ,0x00 ,0x00 ,0x00 ,0x00 ,0x00
 ,0x00 ,0x00 ,0x00 ,0x00 ,0x00 ,0x00 ,0x00 ,0x00
 ,0x00 ,0x00 ,0x00 ,0x00 ,0x00 ,0x00 ,0x00 ,0x00
 ,0x00 ,0x00 ,0x00 ,0x00 ,0x00 ,0x00 ,0x00 ,0x00
 ,0x00 ,0x00 ,0x00 ,0x00 ,0x00 ,0x00 ,0x00 ,0x00
 ,0x00 ,0x00 ,0x00 ,0x00 ,0x00 ,0x00 ,0x00 ,0x00
 ,0x00 ,0x00 ,0x00 ,0x00 ,0x00 ,0x00 ,0x00 ,0x00
 ,0x00 ,0x00 ,0x00 ,0x00 ,0x00 ,0x00 ,0x00 ,0x00
 ,0x00 ,0x00 ,0x00 ,0x00 ,0x00 ,0x00 ,0x00 ,0x00
 ,0x00 ,0x00 ,0x00 ,0x00 ,0x00 ,0x00 ,0x00 ,0x00
 ,0x00 ,0x00 ,0x00 ,0x00 ,0x00 ,0x00 ,0x00 ,0x00
 ,0x00 ,0x00 ,0x00 ,0x00 ,0x00 ,0x00 ,0x00 ,0x00
 ,0x00 ,0x00 ,0x00 ,0x00 ,0x00 ,0x00 ,0x00 ,0x00
 ,0x00 ,0x00 ,0x00 ,0x00 ,0x00 ,0x00 ,0x00 ,0x00
 ,0x00 ,0x00 ,0x00 ,0x00 ,0x00 ,0x00 ,0x00 ,0x00
 ,0x00 ,0x00 ,0x00 ,0x00 ,0x00 ,0x00 ,0x00 ,0x00
 ,0x00 ,0x00 ,0x00 ,0x00 ,0x00 ,0x00 ,0x00 ,0x00
 ,0x00 ,0x00 ,0x00 ,0x00 ,0x00 ,0x00 ,0x00 ,0x00
 ,0x00 ,0x00 ,0x00 ,0x00 ,0x00 ,0x00 ,0x00 ,0x00
 ,0x00 ,0x00 ,0x00 ,0x00 ,0x00 ,0x00 ,0x00 ,0x00
 ,0x00 ,0x00 ,0x00 ,0x00 ,0x00 ,0x00 ,0x00 ,0x00
 ,0x00 ,0x00 ,0x00 ,0x00 ,0x00 ,0x00 ,0x00 ,0x00
 ,0x00 ,0x00 ,0x00 ,0x00 ,0x00 ,0x00 ,0x00 ,0x00
 ,0x00 ,0x00 ,0x00 ,0x00 ,0x00 ,0x00 ,0x00 ,0x00
 ,0x00 ,0x00 ,0x00 ,0x00 ,0x00 ,0x00 ,0x00 ,0x00
 ,0x00 ,0x00 ,0x00 ,0x00 ,0x00 ,0x00 ,0x00 ,0x00
 ,0x00 ,0x00 ,0x00 ,0x00 ,0x00 ,0x00 ,0x00 ,0x00
 ,0x00 ,0x00 ,0x00 ,0x00 ,0x00 ,0x00 ,0x00 ,0x00
 ,0x00 ,0x00 ,0x00 ,0x00 ,0x00 ,0x00 ,0x00 ,0x00
 ,0x00 ,0x00 ,0x00 ,0x00 ,0x00 ,0x00 ,0x00 ,0x00
 ,0x00 ,0x00 ,0x00 ,0x00 ,0x00 ,0x00 ,0x00 ,0x00
 ,0x00 ,0x00 ,0x00 ,0x00 ,0x00 ,0x00 ,0x00 ,0x00
 ,0x00 ,0x00 ,0x00 ,0x00 ,0x00 ,0x00 ,0x00 ,0x00
 ,0x00 ,0x00 ,0x00 ,0x00 ,0x00 ,0x00 ,0x00 ,0x00
 ,0x00 ,0x00 ,0x00 ,0x00 ,0x00 ,0x00 ,0x00 ,0x00
 ,0x00 ,0x00 ,0x00 ,0x00 ,0x00 ,0x00 ,0x00 ,0x00
 ,0x00 ,0x00 ,0x00 ,0x00 ,0x00 ,0x00 ,0x00 ,0x00
 ,0x00 ,0x00 ,0x00 ,0x00 ,0x00 ,0x00 ,0x00 ,0x00
 ,0x00 ,0x00 ,0x00 ,0x00 ,0x00 ,0x00 ,0x00 ,0x00
 ,0x00 ,0x00 ,0x00 ,0x00 ,0x00 ,0x00 ,0x00 ,0x00
 ,0x00 ,0x00 ,0x00 ,0x00 ,0x00 ,0x00 ,0x00 ,0x00
 ,0x00 ,0x00 ,0x00 ,0x00 ,0x00 ,0x00 ,0x00 ,0x00
 ,0x00 ,0x00 ,0x00 ,0x00 ,0x00 ,0x00 ,0x00 ,0x00
 ,0x00 ,0x00 ,0x00 ,0x00 ,0x00 ,0x00 ,0x00 ,0x00
 ,0x00 ,0x00 ,0x00 ,0x00 ,0x00 ,0x00 ,0x00 ,0x00
 ,0x00 ,0x00 ,0x00 ,0x00 ,0x00 ,0x00 ,0x00 ,0x00
 ,0x00 ,0x00 ,0x00 ,0x00 ,0x00 ,0x00 ,0x00 ,0x00
 ,0x00 ,0x00 ,0x00 ,0x00 ,0x00 ,0x00 ,0x00 ,0x00
 ,0x00 ,0x00 ,0x00 ,0x00 ,0x00 ,0x00 ,0x00 ,0x00
 ,0x00 ,0x00 ,0x00 ,0x00 ,0x00 ,0x00 ,0x00 ,0x00
 ,0x00 ,0x00 ,0x00 ,0x00 ,0x00 ,0x00 ,0x00 ,0x00
 ,0x00 ,0x00 ,0x00 ,0x00 ,0x00 ,0x00 ,0x00 ,0x00
 ,0x00 ,0x00 ,0x00 ,0x00 ,0x00 ,0x00 ,0x00 ,0x00
 ,0x00 ,0x00 ,0x00 ,0x00 ,0x00 ,0x00 ,0x00 ,0x00
 ,0x00 ,0x00 ,0x00 ,0x00 ,0x00 ,0x00 ,0x00 ,0x00
 ,0x00 ,0x00 ,0x00 ,0x00 ,0x00 ,0x00 ,0x00 ,0x00
 ,0x00 ,0x00 ,0x00 ,0x00 ,0x00 ,0x00 ,0x00 ,0x00
 ,0x00 ,0x00 ,0x00 ,0x00 ,0x00 ,0x00 ,0x00 ,0x00
 ,0x00 ,0x00 ,0x00 ,0x00 ,0x00 ,0x00 ,0x00 ,0x00
 ,0x00 ,0x00 ,0x00 ,0x00 ,0x00 ,0x00 ,0x00 ,0x00
 ,0x00 ,0x00 ,0x00 ,0x00 ,0x00 ,0x00 ,0x00 ,0x00
 ,0x00 ,0x00 ,0x00 ,0x00 ,0x00 ,0x00 ,0x00 ,0x00
 ,0x00 ,0x00 ,0x00 ,0x00 ,0x00 ,0x00 ,0x00 ,0x00
 ,0x00 ,0x00 ,0x00 ,0x00 ,0x00 ,0x00 ,0x00 ,0x00
 ,0x00 ,0x00 ,0x00 ,0x00 ,0x00 ,0x00 ,0x00 ,0x00
 ,0x00 ,0x00 ,0x00 ,0x00 ,0x00 ,0x00 ,0x00 ,0x00
 ,0x00 ,0x00 ,0x00 ,0x00 ,0x00 ,0x00 ,0x00 ,0x00
 ,0x00 ,0x00 ,0x00 ,0x00 ,0x00 ,0x00 ,0x00 ,0x00
 ,0x00 ,0x00 ,0x00 ,0x00 ,0x00 ,0x00 ,0x00 ,0x00
 ,0x00 ,0x00 ,0x00 ,0x00 ,0x00 ,0x00 ,0x00 ,0x00
 ,0x00 ,0x00 ,0x00 ,0x00 ,0x00 ,0x00 ,0x00 ,0x00
 ,0x00 ,0x00 ,0x00 ,0x00 ,0x00 ,0x00 ,0x00 ,0x00
 ,0x00 ,0x00 ,0x00 ,0x00 ,0x00 ,0x00 ,0x00 ,0x00
 ,0x00 ,0x00 ,0x00 ,0x00 ,0x00 ,0x00 ,0x00 ,0x00
 ,0x00 ,0x00 ,0x00 ,0x00 ,0x00 ,0x00 ,0x00 ,0x00
 ,0x00 ,0x00 ,0x00 ,0x00 ,0x00 ,0x00 ,0x00 ,0x00
 ,0x00 ,0x00 ,0x00 ,0x00 ,0x00 ,0x00 ,0x00 ,0x00
 ,0x00 ,0x00 ,0x00 ,0x00 ,0x00 ,0x00 ,0x00 ,0x00
 ,0x00 ,0x00 ,0x00 ,0x00 ,0x00 ,0x00 ,0x00 ,0x00
 ,0x00 ,0x00 ,0x00 ,0x00 ,0x00 ,0x00 ,0x00 ,0x00
 ,0x00 ,0x00 ,0x00 ,0x00 ,0x00 ,0x00 ,0x00 ,0x00
 ,0x00 ,0x00 ,0x00 ,0x00 ,0x00 ,0x00 ,0x00 ,0x00
 ,0x00 ,0x00 ,0x00 ,0x00 ,0x00 ,0x00 ,0x00 ,0x00
 ,0x00 ,0x00 ,0x00 ,0x00 ,0x00 ,0x00 ,0x00 ,0x00
 ,0x00 ,0x00 ,0x00 ,0x00 ,0x00 ,0x00 ,0x00 ,0x00
 ,0x00 ,0x00 ,0x00 ,0x00 ,0x00 ,0x00 ,0x00 ,0x00
 ,0x00 ,0x00 ,0x00 ,0x00 ,0x00 ,0x00 ,0x00 ,0x00
 ,0x00 ,0x00 ,0x00 ,0x00 ,0x00 ,0x00 ,0x00 ,0x00
 ,0x00 ,0x00 ,0x00 ,0x00 ,0x00


 /* EFS file:  qp_ims_rcs_client_config , Size = 1025 bytes 
   Path on Disk: /nv/item_files/ims/qp_ims_rcs_client_config */ 

 ,0x3D ,0x04 ,0x00 ,0x00 ,0x02 ,0x19 ,0x00 ,0x00
 ,0x01, 0x00 ,0x2C ,0x00 ,0x2F ,0x6E ,0x76 ,0x2F
 ,0x69 ,0x74 ,0x65 ,0x6D ,0x5F ,0x66 ,0x69 ,0x6C
 ,0x65 ,0x73 ,0x2F ,0x69 ,0x6D ,0x73 ,0x2F ,0x71
 ,0x70 ,0x5F ,0x69 ,0x6D ,0x73 ,0x5F ,0x72 ,0x63
 ,0x73 ,0x5F ,0x63 ,0x6C ,0x69 ,0x65 ,0x6E ,0x74
 ,0x5F ,0x63 ,0x6F ,0x6E ,0x66 ,0x69 ,0x67 ,0x00
 ,0x02 ,0x00 ,0x01 ,0x04 ,0x07 ,0x00 ,0x00 ,0x00
 ,0x00 ,0x00 ,0x00 ,0x00 ,0x00 ,0x00 ,0x00 ,0x00
 ,0x00 ,0x00 ,0x00 ,0x00 ,0x00 ,0x00 ,0x00 ,0x00
 ,0x00 ,0x00 ,0x00 ,0x00 ,0x00 ,0x00 ,0x00 ,0x00
 ,0x00 ,0x00 ,0x00 ,0x00 ,0x00 ,0x00 ,0x00 ,0x00
 ,0x00 ,0x00 ,0x00 ,0x00 ,0x00 ,0x00 ,0x00 ,0x00
 ,0x00 ,0x00 ,0x00 ,0x00 ,0x00 ,0x00 ,0x00 ,0x00
 ,0x00 ,0x00 ,0x00 ,0x00 ,0x00 ,0x00 ,0x00 ,0x00
 ,0x00 ,0x00 ,0x00 ,0x00 ,0x00 ,0x00 ,0x00 ,0x00
 ,0x00 ,0x00 ,0x00 ,0x00 ,0x00 ,0x00 ,0x00 ,0x00
 ,0x00 ,0x00 ,0x00 ,0x00 ,0x00 ,0x00 ,0x00 ,0x00
 ,0x00 ,0x00 ,0x00 ,0x00 ,0x00 ,0x00 ,0x00 ,0x00
 ,0x00 ,0x00 ,0x00 ,0x00 ,0x00 ,0x00 ,0x00 ,0x00
 ,0x00 ,0x00 ,0x00 ,0x00 ,0x00 ,0x00 ,0x00 ,0x00
 ,0x00 ,0x00 ,0x00 ,0x00 ,0x00 ,0x00 ,0x00 ,0x00
 ,0x00 ,0x00 ,0x00 ,0x00 ,0x00 ,0x00 ,0x00 ,0x00
 ,0x00 ,0x00 ,0x00 ,0x00 ,0x00 ,0x00 ,0x00 ,0x00
 ,0x00 ,0x00 ,0x00 ,0x00 ,0x00 ,0x00 ,0x00 ,0x00
 ,0x00 ,0x00 ,0x00 ,0x00 ,0x00 ,0x00 ,0x00 ,0x00
 ,0x00 ,0x00 ,0x00 ,0x00 ,0x00 ,0x00 ,0x00 ,0x00
 ,0x00 ,0x00 ,0x00 ,0x00 ,0x00 ,0x00 ,0x00 ,0x00
 ,0x00 ,0x00 ,0x00 ,0x00 ,0x00 ,0x00 ,0x00 ,0x00
 ,0x00 ,0x00 ,0x00 ,0x00 ,0x00 ,0x00 ,0x00 ,0x00
 ,0x00 ,0x00 ,0x00 ,0x00 ,0x00 ,0x00 ,0x00 ,0x00
 ,0x00 ,0x00 ,0x00 ,0x00 ,0x00 ,0x00 ,0x00 ,0x00
 ,0x00 ,0x00 ,0x00 ,0x00 ,0x00 ,0x00 ,0x00 ,0x00
 ,0x00 ,0x00 ,0x00 ,0x00 ,0x00 ,0x00 ,0x00 ,0x00
 ,0x00 ,0x00 ,0x00 ,0x00 ,0x00 ,0x00 ,0x00 ,0x00
 ,0x00 ,0x00 ,0x00 ,0x00 ,0x00 ,0x00 ,0x00 ,0x00
 ,0x00 ,0x00 ,0x00 ,0x00 ,0x00 ,0x00 ,0x00 ,0x00
 ,0x00 ,0x00 ,0x00 ,0x00 ,0x00 ,0x00 ,0x00 ,0x00
 ,0x00 ,0x00 ,0x00 ,0x00 ,0x00 ,0x00 ,0x00 ,0x00
 ,0x00 ,0x00 ,0x00 ,0x00 ,0x00 ,0x00 ,0x00 ,0x00
 ,0x00 ,0x00 ,0x00 ,0x00 ,0x00 ,0x00 ,0x00 ,0x00
 ,0x00 ,0x00 ,0x00 ,0x00 ,0x00 ,0x00 ,0x00 ,0x00
 ,0x00 ,0x00 ,0x00 ,0x00 ,0x00 ,0x00 ,0x00 ,0x00
 ,0x00 ,0x00 ,0x00 ,0x00 ,0x00 ,0x00 ,0x00 ,0x00
 ,0x00 ,0x00 ,0x00 ,0x00 ,0x00 ,0x00 ,0x00 ,0x00
 ,0x00 ,0x00 ,0x00 ,0x00 ,0x00 ,0x00 ,0x00 ,0x00
 ,0x00 ,0x00 ,0x00 ,0x00 ,0x00 ,0x00 ,0x00 ,0x00
 ,0x00 ,0x00 ,0x00 ,0x00 ,0x00 ,0x00 ,0x00 ,0x00
 ,0x00 ,0x00 ,0x00 ,0x00 ,0x00 ,0x00 ,0x00 ,0x00
 ,0x00 ,0x00 ,0x00 ,0x00 ,0x00 ,0x00 ,0x00 ,0x00
 ,0x00 ,0x00 ,0x00 ,0x00 ,0x00 ,0x00 ,0x00 ,0x00
 ,0x00 ,0x00 ,0x00 ,0x00 ,0x00 ,0x00 ,0x00 ,0x00
 ,0x00 ,0x00 ,0x00 ,0x00 ,0x00 ,0x00 ,0x00 ,0x00
 ,0x00 ,0x00 ,0x00 ,0x00 ,0x00 ,0x00 ,0x00 ,0x00
 ,0x00 ,0x00 ,0x00 ,0x00 ,0x00 ,0x00 ,0x00 ,0x00
 ,0x00 ,0x00 ,0x00 ,0x00 ,0x00 ,0x00 ,0x00 ,0x00
 ,0x00 ,0x00 ,0x00 ,0x00 ,0x00 ,0x00 ,0x00 ,0x00
 ,0x00 ,0x00 ,0x00 ,0x00 ,0x00 ,0x00 ,0x00 ,0x00
 ,0x00 ,0x00 ,0x00 ,0x00 ,0x00 ,0x00 ,0x00 ,0x00
 ,0x00 ,0x00 ,0x00 ,0x00 ,0x00 ,0x00 ,0x00 ,0x00
 ,0x00 ,0x00 ,0x00 ,0x00 ,0x00 ,0x00 ,0x00 ,0x00
 ,0x00 ,0x00 ,0x00 ,0x00 ,0x00 ,0x00 ,0x00 ,0x00
 ,0x00 ,0x00 ,0x00 ,0x00 ,0x00 ,0x00 ,0x00 ,0x00
 ,0x00 ,0x00 ,0x00 ,0x00 ,0x00 ,0x00 ,0x00 ,0x00
 ,0x00 ,0x00 ,0x00 ,0x00 ,0x00 ,0x00 ,0x00 ,0x00
 ,0x00 ,0x00 ,0x00 ,0x00 ,0x00 ,0x00 ,0x00 ,0x00
 ,0x00 ,0x00 ,0x00 ,0x00 ,0x00 ,0x00 ,0x00 ,0x00
 ,0x00 ,0x00 ,0x00 ,0x00 ,0x00 ,0x00 ,0x00 ,0x00
 ,0x00 ,0x00 ,0x00 ,0x00 ,0x00 ,0x00 ,0x00 ,0x00
 ,0x00 ,0x00 ,0x00 ,0x00 ,0x00 ,0x00 ,0x00 ,0x00
 ,0x00 ,0x00 ,0x00 ,0x00 ,0x00 ,0x00 ,0x00 ,0x00
 ,0x00 ,0x00 ,0x00 ,0x00 ,0x00 ,0x00 ,0x00 ,0x00
 ,0x00 ,0x00 ,0x00 ,0x00 ,0x00 ,0x00 ,0x00 ,0x00
 ,0x00 ,0x00 ,0x00 ,0x00 ,0x00 ,0x00 ,0x00 ,0x00
 ,0x00 ,0x00 ,0x00 ,0x00 ,0x00 ,0x00 ,0x00 ,0x00
 ,0x00 ,0x00 ,0x00 ,0x00 ,0x00 ,0x00 ,0x00 ,0x00
 ,0x00 ,0x00 ,0x00 ,0x00 ,0x00 ,0x00 ,0x00 ,0x00
 ,0x00 ,0x00 ,0x00 ,0x00 ,0x00 ,0x00 ,0x00 ,0x00
 ,0x00 ,0x00 ,0x00 ,0x00 ,0x00 ,0x00 ,0x00 ,0x00
 ,0x00 ,0x00 ,0x00 ,0x00 ,0x00 ,0x00 ,0x00 ,0x00
 ,0x00 ,0x00 ,0x00 ,0x00 ,0x00 ,0x00 ,0x00 ,0x00
 ,0x00 ,0x00 ,0x00 ,0x00 ,0x00 ,0x00 ,0x00 ,0x00
 ,0x00 ,0x00 ,0x00 ,0x00 ,0x00 ,0x00 ,0x00 ,0x00
 ,0x00 ,0x00 ,0x00 ,0x00 ,0x00 ,0x00 ,0x00 ,0x00
 ,0x00 ,0x00 ,0x00 ,0x00 ,0x00 ,0x00 ,0x00 ,0x00
 ,0x00 ,0x00 ,0x00 ,0x00 ,0x00 ,0x00 ,0x00 ,0x00
 ,0x00 ,0x00 ,0x00 ,0x00 ,0x00 ,0x00 ,0x00 ,0x00
 ,0x00 ,0x00 ,0x00 ,0x00 ,0x00 ,0x00 ,0x00 ,0x00
 ,0x00 ,0x00 ,0x00 ,0x00 ,0x00 ,0x00 ,0x00 ,0x00
 ,0x00 ,0x00 ,0x00 ,0x00 ,0x00 ,0x00 ,0x00 ,0x00
 ,0x00 ,0x00 ,0x00 ,0x00 ,0x00 ,0x00 ,0x00 ,0x00
 ,0x00 ,0x00 ,0x00 ,0x00 ,0x00 ,0x00 ,0x00 ,0x00
 ,0x00 ,0x00 ,0x00 ,0x00 ,0x00 ,0x00 ,0x00 ,0x00
 ,0x00 ,0x00 ,0x00 ,0x00 ,0x00 ,0x00 ,0x00 ,0x00
 ,0x00 ,0x00 ,0x00 ,0x00 ,0x00 ,0x00 ,0x00 ,0x00
 ,0x00 ,0x00 ,0x00 ,0x00 ,0x00 ,0x00 ,0x00 ,0x00
 ,0x00 ,0x00 ,0x00 ,0x00 ,0x00 ,0x00 ,0x00 ,0x00
 ,0x00 ,0x00 ,0x00 ,0x00 ,0x00 ,0x00 ,0x00 ,0x00
 ,0x00 ,0x00 ,0x00 ,0x00 ,0x00 ,0x00 ,0x00 ,0x00
 ,0x00 ,0x00 ,0x00 ,0x00 ,0x00 ,0x00 ,0x00 ,0x00
 ,0x00 ,0x00 ,0x00 ,0x00 ,0x00 ,0x00 ,0x00 ,0x00
 ,0x00 ,0x00 ,0x00 ,0x00 ,0x00 ,0x00 ,0x00 ,0x00
 ,0x00 ,0x00 ,0x00 ,0x00 ,0x00 ,0x00 ,0x00 ,0x00
 ,0x00 ,0x00 ,0x00 ,0x00 ,0x00 ,0x00 ,0x00 ,0x00
 ,0x00 ,0x00 ,0x00 ,0x00 ,0x00 ,0x00 ,0x00 ,0x00
 ,0x00 ,0x00 ,0x00 ,0x00 ,0x00 ,0x00 ,0x00 ,0x00
 ,0x00 ,0x00 ,0x00 ,0x00 ,0x00 ,0x00 ,0x00 ,0x00
 ,0x00 ,0x00 ,0x00 ,0x00 ,0x00 ,0x00 ,0x00 ,0x00
 ,0x00 ,0x00 ,0x00 ,0x00 ,0x00 ,0x00 ,0x00 ,0x00
 ,0x00 ,0x00 ,0x00 ,0x00 ,0x00 ,0x00 ,0x00 ,0x00
 ,0x00 ,0x00 ,0x00 ,0x00 ,0x00 ,0x00 ,0x00 ,0x00
 ,0x00 ,0x00 ,0x00 ,0x00 ,0x00 ,0x00 ,0x00 ,0x00
 ,0x00 ,0x00 ,0x00 ,0x00 ,0x00 ,0x00 ,0x00 ,0x00
 ,0x00 ,0x00 ,0x00 ,0x00 ,0x00 ,0x00 ,0x00 ,0x00
 ,0x00 ,0x00 ,0x00 ,0x00 ,0x00 ,0x00 ,0x00 ,0x00
 ,0x00 ,0x00 ,0x00 ,0x00 ,0x00 ,0x00 ,0x00 ,0x00
 ,0x00 ,0x00 ,0x00 ,0x00 ,0x00 ,0x00 ,0x00 ,0x00
 ,0x00 ,0x00 ,0x00 ,0x00 ,0x00 ,0x00 ,0x00 ,0x00
 ,0x00 ,0x00 ,0x00 ,0x00 ,0x00 ,0x00 ,0x00 ,0x00
 ,0x00 ,0x00 ,0x00 ,0x00 ,0x00 ,0x00 ,0x00 ,0x00
 ,0x00 ,0x00 ,0x00 ,0x00 ,0x00 ,0x00 ,0x00 ,0x00
 ,0x00 ,0x00 ,0x00 ,0x00 ,0x00 ,0x00 ,0x00 ,0x00
 ,0x00 ,0x00 ,0x00 ,0x00 ,0x00 ,0x00 ,0x00 ,0x00
 ,0x00 ,0x00 ,0x00 ,0x00 ,0x00 ,0x00 ,0x00 ,0x00
 ,0x00 ,0x00 ,0x00 ,0x00 ,0x00 ,0x00 ,0x00 ,0x00
 ,0x00 ,0x00 ,0x00 ,0x00 ,0x00 ,0x00 ,0x00 ,0x00
 ,0x00 ,0x00 ,0x00 ,0x00 ,0x00 ,0x00 ,0x00 ,0x00
 ,0x00 ,0x00 ,0x00 ,0x00 ,0x00 ,0x00 ,0x00 ,0x00
 ,0x00 ,0x00 ,0x00 ,0x00 ,0x00 ,0x00 ,0x00 ,0x00
 ,0x00 ,0x00 ,0x00 ,0x00 ,0x00 ,0x00 ,0x00 ,0x00
 ,0x00 ,0x00 ,0x00 ,0x00 ,0x00 ,0x00 ,0x00 ,0x00
 ,0x00 ,0x00 ,0x00 ,0x00 ,0x00 ,0x00 ,0x00 ,0x00
 ,0x00 ,0x00 ,0x00 ,0x00 ,0x00 ,0x00 ,0x00 ,0x00
 ,0x00 ,0x00 ,0x00 ,0x00 ,0x00 ,0x00 ,0x00 ,0x00
 ,0x00 ,0x00 ,0x00 ,0x00 ,0x00 ,0x00 ,0x00 ,0x00
 ,0x00 ,0x00 ,0x00 ,0x00 ,0x00


 /* EFS file:  DANPrivateSettings , Size = 1025 bytes 
   Path on Disk: /nv/item_files/ims/DANPrivateSettings */ 

 ,0x37 ,0x04 ,0x00 ,0x00 ,0x02 ,0x19 ,0x00 ,0x00
 ,0x01, 0x00 ,0x26 ,0x00 ,0x2F ,0x6E ,0x76 ,0x2F
 ,0x69 ,0x74 ,0x65 ,0x6D ,0x5F ,0x66 ,0x69 ,0x6C
 ,0x65 ,0x73 ,0x2F ,0x69 ,0x6D ,0x73 ,0x2F ,0x44
 ,0x41 ,0x4E ,0x50 ,0x72 ,0x69 ,0x76 ,0x61 ,0x74
 ,0x65 ,0x53 ,0x65 ,0x74 ,0x74 ,0x69 ,0x6E ,0x67
 ,0x73 ,0x00
 ,0x02 ,0x00 ,0x01 ,0x04 ,0x07 ,0x00 ,0x00 ,0x00
 ,0x00 ,0x00 ,0x00 ,0x00 ,0x00 ,0x00 ,0x00 ,0x00
 ,0x00 ,0x00 ,0x00 ,0x00 ,0x00 ,0x00 ,0x00 ,0x00
 ,0x00 ,0x00 ,0x00 ,0x00 ,0x00 ,0x00 ,0x00 ,0x00
 ,0x00 ,0x00 ,0x00 ,0x00 ,0x00 ,0x00 ,0x00 ,0x00
 ,0x00 ,0x00 ,0x00 ,0x00 ,0x00 ,0x00 ,0x00 ,0x00
 ,0x00 ,0x00 ,0x00 ,0x00 ,0x00 ,0x00 ,0x00 ,0x00
 ,0x00 ,0x00 ,0x00 ,0x00 ,0x00 ,0x00 ,0x00 ,0x00
 ,0x00 ,0x00 ,0x00 ,0x00 ,0x00 ,0x00 ,0x00 ,0x00
 ,0x00 ,0x00 ,0x00 ,0x00 ,0x00 ,0x00 ,0x00 ,0x00
 ,0x00 ,0x00 ,0x00 ,0x00 ,0x00 ,0x00 ,0x00 ,0x00
 ,0x00 ,0x00 ,0x00 ,0x00 ,0x00 ,0x00 ,0x00 ,0x00
 ,0x00 ,0x00 ,0x00 ,0x00 ,0x00 ,0x00 ,0x00 ,0x00
 ,0x00 ,0x00 ,0x00 ,0x00 ,0x00 ,0x00 ,0x00 ,0x00
 ,0x00 ,0x00 ,0x00 ,0x00 ,0x00 ,0x00 ,0x00 ,0x00
 ,0x00 ,0x00 ,0x00 ,0x00 ,0x00 ,0x00 ,0x00 ,0x00
 ,0x00 ,0x00 ,0x00 ,0x00 ,0x00 ,0x00 ,0x00 ,0x00
 ,0x00 ,0x00 ,0x00 ,0x00 ,0x00 ,0x00 ,0x00 ,0x00
 ,0x00 ,0x00 ,0x00 ,0x00 ,0x00 ,0x00 ,0x00 ,0x00
 ,0x00 ,0x00 ,0x00 ,0x00 ,0x00 ,0x00 ,0x00 ,0x00
 ,0x00 ,0x00 ,0x00 ,0x00 ,0x00 ,0x00 ,0x00 ,0x00
 ,0x00 ,0x00 ,0x00 ,0x00 ,0x00 ,0x00 ,0x00 ,0x00
 ,0x00 ,0x00 ,0x00 ,0x00 ,0x00 ,0x00 ,0x00 ,0x00
 ,0x00 ,0x00 ,0x00 ,0x00 ,0x00 ,0x00 ,0x00 ,0x00
 ,0x00 ,0x00 ,0x00 ,0x00 ,0x00 ,0x00 ,0x00 ,0x00
 ,0x00 ,0x00 ,0x00 ,0x00 ,0x00 ,0x00 ,0x00 ,0x00
 ,0x00 ,0x00 ,0x00 ,0x00 ,0x00 ,0x00 ,0x00 ,0x00
 ,0x00 ,0x00 ,0x00 ,0x00 ,0x00 ,0x00 ,0x00 ,0x00
 ,0x00 ,0x00 ,0x00 ,0x00 ,0x00 ,0x00 ,0x00 ,0x00
 ,0x00 ,0x00 ,0x00 ,0x00 ,0x00 ,0x00 ,0x00 ,0x00
 ,0x00 ,0x00 ,0x00 ,0x00 ,0x00 ,0x00 ,0x00 ,0x00
 ,0x00 ,0x00 ,0x00 ,0x00 ,0x00 ,0x00 ,0x00 ,0x00
 ,0x00 ,0x00 ,0x00 ,0x00 ,0x00 ,0x00 ,0x00 ,0x00
 ,0x00 ,0x00 ,0x00 ,0x00 ,0x00 ,0x00 ,0x00 ,0x00
 ,0x00 ,0x00 ,0x00 ,0x00 ,0x00 ,0x00 ,0x00 ,0x00
 ,0x00 ,0x00 ,0x00 ,0x00 ,0x00 ,0x00 ,0x00 ,0x00
 ,0x00 ,0x00 ,0x00 ,0x00 ,0x00 ,0x00 ,0x00 ,0x00
 ,0x00 ,0x00 ,0x00 ,0x00 ,0x00 ,0x00 ,0x00 ,0x00
 ,0x00 ,0x00 ,0x00 ,0x00 ,0x00 ,0x00 ,0x00 ,0x00
 ,0x00 ,0x00 ,0x00 ,0x00 ,0x00 ,0x00 ,0x00 ,0x00
 ,0x00 ,0x00 ,0x00 ,0x00 ,0x00 ,0x00 ,0x00 ,0x00
 ,0x00 ,0x00 ,0x00 ,0x00 ,0x00 ,0x00 ,0x00 ,0x00
 ,0x00 ,0x00 ,0x00 ,0x00 ,0x00 ,0x00 ,0x00 ,0x00
 ,0x00 ,0x00 ,0x00 ,0x00 ,0x00 ,0x00 ,0x00 ,0x00
 ,0x00 ,0x00 ,0x00 ,0x00 ,0x00 ,0x00 ,0x00 ,0x00
 ,0x00 ,0x00 ,0x00 ,0x00 ,0x00 ,0x00 ,0x00 ,0x00
 ,0x00 ,0x00 ,0x00 ,0x00 ,0x00 ,0x00 ,0x00 ,0x00
 ,0x00 ,0x00 ,0x00 ,0x00 ,0x00 ,0x00 ,0x00 ,0x00
 ,0x00 ,0x00 ,0x00 ,0x00 ,0x00 ,0x00 ,0x00 ,0x00
 ,0x00 ,0x00 ,0x00 ,0x00 ,0x00 ,0x00 ,0x00 ,0x00
 ,0x00 ,0x00 ,0x00 ,0x00 ,0x00 ,0x00 ,0x00 ,0x00
 ,0x00 ,0x00 ,0x00 ,0x00 ,0x00 ,0x00 ,0x00 ,0x00
 ,0x00 ,0x00 ,0x00 ,0x00 ,0x00 ,0x00 ,0x00 ,0x00
 ,0x00 ,0x00 ,0x00 ,0x00 ,0x00 ,0x00 ,0x00 ,0x00
 ,0x00 ,0x00 ,0x00 ,0x00 ,0x00 ,0x00 ,0x00 ,0x00
 ,0x00 ,0x00 ,0x00 ,0x00 ,0x00 ,0x00 ,0x00 ,0x00
 ,0x00 ,0x00 ,0x00 ,0x00 ,0x00 ,0x00 ,0x00 ,0x00
 ,0x00 ,0x00 ,0x00 ,0x00 ,0x00 ,0x00 ,0x00 ,0x00
 ,0x00 ,0x00 ,0x00 ,0x00 ,0x00 ,0x00 ,0x00 ,0x00
 ,0x00 ,0x00 ,0x00 ,0x00 ,0x00 ,0x00 ,0x00 ,0x00
 ,0x00 ,0x00 ,0x00 ,0x00 ,0x00 ,0x00 ,0x00 ,0x00
 ,0x00 ,0x00 ,0x00 ,0x00 ,0x00 ,0x00 ,0x00 ,0x00
 ,0x00 ,0x00 ,0x00 ,0x00 ,0x00 ,0x00 ,0x00 ,0x00
 ,0x00 ,0x00 ,0x00 ,0x00 ,0x00 ,0x00 ,0x00 ,0x00
 ,0x00 ,0x00 ,0x00 ,0x00 ,0x00 ,0x00 ,0x00 ,0x00
 ,0x00 ,0x00 ,0x00 ,0x00 ,0x00 ,0x00 ,0x00 ,0x00
 ,0x00 ,0x00 ,0x00 ,0x00 ,0x00 ,0x00 ,0x00 ,0x00
 ,0x00 ,0x00 ,0x00 ,0x00 ,0x00 ,0x00 ,0x00 ,0x00
 ,0x00 ,0x00 ,0x00 ,0x00 ,0x00 ,0x00 ,0x00 ,0x00
 ,0x00 ,0x00 ,0x00 ,0x00 ,0x00 ,0x00 ,0x00 ,0x00
 ,0x00 ,0x00 ,0x00 ,0x00 ,0x00 ,0x00 ,0x00 ,0x00
 ,0x00 ,0x00 ,0x00 ,0x00 ,0x00 ,0x00 ,0x00 ,0x00
 ,0x00 ,0x00 ,0x00 ,0x00 ,0x00 ,0x00 ,0x00 ,0x00
 ,0x00 ,0x00 ,0x00 ,0x00 ,0x00 ,0x00 ,0x00 ,0x00
 ,0x00 ,0x00 ,0x00 ,0x00 ,0x00 ,0x00 ,0x00 ,0x00
 ,0x00 ,0x00 ,0x00 ,0x00 ,0x00 ,0x00 ,0x00 ,0x00
 ,0x00 ,0x00 ,0x00 ,0x00 ,0x00 ,0x00 ,0x00 ,0x00
 ,0x00 ,0x00 ,0x00 ,0x00 ,0x00 ,0x00 ,0x00 ,0x00
 ,0x00 ,0x00 ,0x00 ,0x00 ,0x00 ,0x00 ,0x00 ,0x00
 ,0x00 ,0x00 ,0x00 ,0x00 ,0x00 ,0x00 ,0x00 ,0x00
 ,0x00 ,0x00 ,0x00 ,0x00 ,0x00 ,0x00 ,0x00 ,0x00
 ,0x00 ,0x00 ,0x00 ,0x00 ,0x00 ,0x00 ,0x00 ,0x00
 ,0x00 ,0x00 ,0x00 ,0x00 ,0x00 ,0x00 ,0x00 ,0x00
 ,0x00 ,0x00 ,0x00 ,0x00 ,0x00 ,0x00 ,0x00 ,0x00
 ,0x00 ,0x00 ,0x00 ,0x00 ,0x00 ,0x00 ,0x00 ,0x00
 ,0x00 ,0x00 ,0x00 ,0x00 ,0x00 ,0x00 ,0x00 ,0x00
 ,0x00 ,0x00 ,0x00 ,0x00 ,0x00 ,0x00 ,0x00 ,0x00
 ,0x00 ,0x00 ,0x00 ,0x00 ,0x00 ,0x00 ,0x00 ,0x00
 ,0x00 ,0x00 ,0x00 ,0x00 ,0x00 ,0x00 ,0x00 ,0x00
 ,0x00 ,0x00 ,0x00 ,0x00 ,0x00 ,0x00 ,0x00 ,0x00
 ,0x00 ,0x00 ,0x00 ,0x00 ,0x00 ,0x00 ,0x00 ,0x00
 ,0x00 ,0x00 ,0x00 ,0x00 ,0x00 ,0x00 ,0x00 ,0x00
 ,0x00 ,0x00 ,0x00 ,0x00 ,0x00 ,0x00 ,0x00 ,0x00
 ,0x00 ,0x00 ,0x00 ,0x00 ,0x00 ,0x00 ,0x00 ,0x00
 ,0x00 ,0x00 ,0x00 ,0x00 ,0x00 ,0x00 ,0x00 ,0x00
 ,0x00 ,0x00 ,0x00 ,0x00 ,0x00 ,0x00 ,0x00 ,0x00
 ,0x00 ,0x00 ,0x00 ,0x00 ,0x00 ,0x00 ,0x00 ,0x00
 ,0x00 ,0x00 ,0x00 ,0x00 ,0x00 ,0x00 ,0x00 ,0x00
 ,0x00 ,0x00 ,0x00 ,0x00 ,0x00 ,0x00 ,0x00 ,0x00
 ,0x00 ,0x00 ,0x00 ,0x00 ,0x00 ,0x00 ,0x00 ,0x00
 ,0x00 ,0x00 ,0x00 ,0x00 ,0x00 ,0x00 ,0x00 ,0x00
 ,0x00 ,0x00 ,0x00 ,0x00 ,0x00 ,0x00 ,0x00 ,0x00
 ,0x00 ,0x00 ,0x00 ,0x00 ,0x00 ,0x00 ,0x00 ,0x00
 ,0x00 ,0x00 ,0x00 ,0x00 ,0x00 ,0x00 ,0x00 ,0x00
 ,0x00 ,0x00 ,0x00 ,0x00 ,0x00 ,0x00 ,0x00 ,0x00
 ,0x00 ,0x00 ,0x00 ,0x00 ,0x00 ,0x00 ,0x00 ,0x00
 ,0x00 ,0x00 ,0x00 ,0x00 ,0x00 ,0x00 ,0x00 ,0x00
 ,0x00 ,0x00 ,0x00 ,0x00 ,0x00 ,0x00 ,0x00 ,0x00
 ,0x00 ,0x00 ,0x00 ,0x00 ,0x00 ,0x00 ,0x00 ,0x00
 ,0x00 ,0x00 ,0x00 ,0x00 ,0x00 ,0x00 ,0x00 ,0x00
 ,0x00 ,0x00 ,0x00 ,0x00 ,0x00 ,0x00 ,0x00 ,0x00
 ,0x00 ,0x00 ,0x00 ,0x00 ,0x00 ,0x00 ,0x00 ,0x00
 ,0x00 ,0x00 ,0x00 ,0x00 ,0x00 ,0x00 ,0x00 ,0x00
 ,0x00 ,0x00 ,0x00 ,0x00 ,0x00 ,0x00 ,0x00 ,0x00
 ,0x00 ,0x00 ,0x00 ,0x00 ,0x00 ,0x00 ,0x00 ,0x00
 ,0x00 ,0x00 ,0x00 ,0x00 ,0x00 ,0x00 ,0x00 ,0x00
 ,0x00 ,0x00 ,0x00 ,0x00 ,0x00 ,0x00 ,0x00 ,0x00
 ,0x00 ,0x00 ,0x00 ,0x00 ,0x00 ,0x00 ,0x00 ,0x00
 ,0x00 ,0x00 ,0x00 ,0x00 ,0x00 ,0x00 ,0x00 ,0x00
 ,0x00 ,0x00 ,0x00 ,0x00 ,0x00 ,0x00 ,0x00 ,0x00
 ,0x00 ,0x00 ,0x00 ,0x00 ,0x00 ,0x00 ,0x00 ,0x00
 ,0x00 ,0x00 ,0x00 ,0x00 ,0x00 ,0x00 ,0x00 ,0x00
 ,0x00 ,0x00 ,0x00 ,0x00 ,0x00 ,0x00 ,0x00 ,0x00
 ,0x00 ,0x00 ,0x00 ,0x00 ,0x00 ,0x00 ,0x00 ,0x00
 ,0x00 ,0x00 ,0x00 ,0x00 ,0x00 ,0x00 ,0x00 ,0x00
 ,0x00 ,0x00 ,0x00 ,0x00 ,0x00 ,0x00 ,0x00 ,0x00
 ,0x00 ,0x00 ,0x00 ,0x00 ,0x00 ,0x00 ,0x00 ,0x00
 ,0x00 ,0x00 ,0x00 ,0x00 ,0x00 ,0x00 ,0x00 ,0x00
 ,0x00 ,0x00 ,0x00 ,0x00 ,0x00


 /* EFS file:  qp_ims_xcap_private_config_item , Size = 1025 bytes 
   Path on Disk: /nv/item_files/ims/qp_ims_xcap_private_config_item */ 

 ,0x44 ,0x04 ,0x00 ,0x00 ,0x02 ,0x19 ,0x00 ,0x00
 ,0x01, 0x00 ,0x33 ,0x00 ,0x2F ,0x6E ,0x76 ,0x2F
 ,0x69 ,0x74 ,0x65 ,0x6D ,0x5F ,0x66 ,0x69 ,0x6C
 ,0x65 ,0x73 ,0x2F ,0x69 ,0x6D ,0x73 ,0x2F ,0x71
 ,0x70 ,0x5F ,0x69 ,0x6D ,0x73 ,0x5F ,0x78 ,0x63
 ,0x61 ,0x70 ,0x5F ,0x70 ,0x72 ,0x69 ,0x76 ,0x61
 ,0x74 ,0x65 ,0x5F ,0x63 ,0x6F ,0x6E ,0x66 ,0x69
 ,0x67 ,0x5F ,0x69 ,0x74 ,0x65 ,0x6D ,0x00
 ,0x02 ,0x00 ,0x01 ,0x04 ,0x07 ,0x00 ,0x00 ,0x00
 ,0x00 ,0x00 ,0x00 ,0x00 ,0x00 ,0x00 ,0x00 ,0x00
 ,0x00 ,0x00 ,0x00 ,0x00 ,0x00 ,0x00 ,0x00 ,0x00
 ,0x00 ,0x00 ,0x00 ,0x00 ,0x00 ,0x00 ,0x00 ,0x00
 ,0x00 ,0x00 ,0x00 ,0x00 ,0x00 ,0x00 ,0x00 ,0x00
 ,0x00 ,0x00 ,0x00 ,0x00 ,0x00 ,0x00 ,0x00 ,0x00
 ,0x00 ,0x00 ,0x00 ,0x00 ,0x00 ,0x00 ,0x00 ,0x00
 ,0x00 ,0x00 ,0x00 ,0x00 ,0x00 ,0x00 ,0x00 ,0x00
 ,0x00 ,0x00 ,0x00 ,0x00 ,0x00 ,0x00 ,0x00 ,0x00
 ,0x00 ,0x00 ,0x00 ,0x00 ,0x00 ,0x00 ,0x00 ,0x00
 ,0x00 ,0x00 ,0x00 ,0x00 ,0x00 ,0x00 ,0x00 ,0x00
 ,0x00 ,0x00 ,0x00 ,0x00 ,0x00 ,0x00 ,0x00 ,0x00
 ,0x00 ,0x00 ,0x00 ,0x00 ,0x00 ,0x00 ,0x00 ,0x00
 ,0x00 ,0x00 ,0x00 ,0x00 ,0x00 ,0x00 ,0x00 ,0x00
 ,0x00 ,0x00 ,0x00 ,0x00 ,0x00 ,0x00 ,0x00 ,0x00
 ,0x00 ,0x00 ,0x00 ,0x00 ,0x00 ,0x00 ,0x00 ,0x00
 ,0x00 ,0x00 ,0x00 ,0x00 ,0x00 ,0x00 ,0x00 ,0x00
 ,0x00 ,0x00 ,0x00 ,0x00 ,0x00 ,0x00 ,0x00 ,0x00
 ,0x00 ,0x00 ,0x00 ,0x00 ,0x00 ,0x00 ,0x00 ,0x00
 ,0x00 ,0x00 ,0x00 ,0x00 ,0x00 ,0x00 ,0x00 ,0x00
 ,0x00 ,0x00 ,0x00 ,0x00 ,0x00 ,0x00 ,0x00 ,0x00
 ,0x00 ,0x00 ,0x00 ,0x00 ,0x00 ,0x00 ,0x00 ,0x00
 ,0x00 ,0x00 ,0x00 ,0x00 ,0x00 ,0x00 ,0x00 ,0x00
 ,0x00 ,0x00 ,0x00 ,0x00 ,0x00 ,0x00 ,0x00 ,0x00
 ,0x00 ,0x00 ,0x00 ,0x00 ,0x00 ,0x00 ,0x00 ,0x00
 ,0x00 ,0x00 ,0x00 ,0x00 ,0x00 ,0x00 ,0x00 ,0x00
 ,0x00 ,0x00 ,0x00 ,0x00 ,0x00 ,0x00 ,0x00 ,0x00
 ,0x00 ,0x00 ,0x00 ,0x00 ,0x00 ,0x00 ,0x00 ,0x00
 ,0x00 ,0x00 ,0x00 ,0x00 ,0x00 ,0x00 ,0x00 ,0x00
 ,0x00 ,0x00 ,0x00 ,0x00 ,0x00 ,0x00 ,0x00 ,0x00
 ,0x00 ,0x00 ,0x00 ,0x00 ,0x00 ,0x00 ,0x00 ,0x00
 ,0x00 ,0x00 ,0x00 ,0x00 ,0x00 ,0x00 ,0x00 ,0x00
 ,0x00 ,0x00 ,0x00 ,0x00 ,0x00 ,0x00 ,0x00 ,0x00
 ,0x00 ,0x00 ,0x00 ,0x00 ,0x00 ,0x00 ,0x00 ,0x00
 ,0x00 ,0x00 ,0x00 ,0x00 ,0x00 ,0x00 ,0x00 ,0x00
 ,0x00 ,0x00 ,0x00 ,0x00 ,0x00 ,0x00 ,0x00 ,0x00
 ,0x00 ,0x00 ,0x00 ,0x00 ,0x00 ,0x00 ,0x00 ,0x00
 ,0x00 ,0x00 ,0x00 ,0x00 ,0x00 ,0x00 ,0x00 ,0x00
 ,0x00 ,0x00 ,0x00 ,0x00 ,0x00 ,0x00 ,0x00 ,0x00
 ,0x00 ,0x00 ,0x00 ,0x00 ,0x00 ,0x00 ,0x00 ,0x00
 ,0x00 ,0x00 ,0x00 ,0x00 ,0x00 ,0x00 ,0x00 ,0x00
 ,0x00 ,0x00 ,0x00 ,0x00 ,0x00 ,0x00 ,0x00 ,0x00
 ,0x00 ,0x00 ,0x00 ,0x00 ,0x00 ,0x00 ,0x00 ,0x00
 ,0x00 ,0x00 ,0x00 ,0x00 ,0x00 ,0x00 ,0x00 ,0x00
 ,0x00 ,0x00 ,0x00 ,0x00 ,0x00 ,0x00 ,0x00 ,0x00
 ,0x00 ,0x00 ,0x00 ,0x00 ,0x00 ,0x00 ,0x00 ,0x00
 ,0x00 ,0x00 ,0x00 ,0x00 ,0x00 ,0x00 ,0x00 ,0x00
 ,0x00 ,0x00 ,0x00 ,0x00 ,0x00 ,0x00 ,0x00 ,0x00
 ,0x00 ,0x00 ,0x00 ,0x00 ,0x00 ,0x00 ,0x00 ,0x00
 ,0x00 ,0x00 ,0x00 ,0x00 ,0x00 ,0x00 ,0x00 ,0x00
 ,0x00 ,0x00 ,0x00 ,0x00 ,0x00 ,0x00 ,0x00 ,0x00
 ,0x00 ,0x00 ,0x00 ,0x00 ,0x00 ,0x00 ,0x00 ,0x00
 ,0x00 ,0x00 ,0x00 ,0x00 ,0x00 ,0x00 ,0x00 ,0x00
 ,0x00 ,0x00 ,0x00 ,0x00 ,0x00 ,0x00 ,0x00 ,0x00
 ,0x00 ,0x00 ,0x00 ,0x00 ,0x00 ,0x00 ,0x00 ,0x00
 ,0x00 ,0x00 ,0x00 ,0x00 ,0x00 ,0x00 ,0x00 ,0x00
 ,0x00 ,0x00 ,0x00 ,0x00 ,0x00 ,0x00 ,0x00 ,0x00
 ,0x00 ,0x00 ,0x00 ,0x00 ,0x00 ,0x00 ,0x00 ,0x00
 ,0x00 ,0x00 ,0x00 ,0x00 ,0x00 ,0x00 ,0x00 ,0x00
 ,0x00 ,0x00 ,0x00 ,0x00 ,0x00 ,0x00 ,0x00 ,0x00
 ,0x00 ,0x00 ,0x00 ,0x00 ,0x00 ,0x00 ,0x00 ,0x00
 ,0x00 ,0x00 ,0x00 ,0x00 ,0x00 ,0x00 ,0x00 ,0x00
 ,0x00 ,0x00 ,0x00 ,0x00 ,0x00 ,0x00 ,0x00 ,0x00
 ,0x00 ,0x00 ,0x00 ,0x00 ,0x00 ,0x00 ,0x00 ,0x00
 ,0x00 ,0x00 ,0x00 ,0x00 ,0x00 ,0x00 ,0x00 ,0x00
 ,0x00 ,0x00 ,0x00 ,0x00 ,0x00 ,0x00 ,0x00 ,0x00
 ,0x00 ,0x00 ,0x00 ,0x00 ,0x00 ,0x00 ,0x00 ,0x00
 ,0x00 ,0x00 ,0x00 ,0x00 ,0x00 ,0x00 ,0x00 ,0x00
 ,0x00 ,0x00 ,0x00 ,0x00 ,0x00 ,0x00 ,0x00 ,0x00
 ,0x00 ,0x00 ,0x00 ,0x00 ,0x00 ,0x00 ,0x00 ,0x00
 ,0x00 ,0x00 ,0x00 ,0x00 ,0x00 ,0x00 ,0x00 ,0x00
 ,0x00 ,0x00 ,0x00 ,0x00 ,0x00 ,0x00 ,0x00 ,0x00
 ,0x00 ,0x00 ,0x00 ,0x00 ,0x00 ,0x00 ,0x00 ,0x00
 ,0x00 ,0x00 ,0x00 ,0x00 ,0x00 ,0x00 ,0x00 ,0x00
 ,0x00 ,0x00 ,0x00 ,0x00 ,0x00 ,0x00 ,0x00 ,0x00
 ,0x00 ,0x00 ,0x00 ,0x00 ,0x00 ,0x00 ,0x00 ,0x00
 ,0x00 ,0x00 ,0x00 ,0x00 ,0x00 ,0x00 ,0x00 ,0x00
 ,0x00 ,0x00 ,0x00 ,0x00 ,0x00 ,0x00 ,0x00 ,0x00
 ,0x00 ,0x00 ,0x00 ,0x00 ,0x00 ,0x00 ,0x00 ,0x00
 ,0x00 ,0x00 ,0x00 ,0x00 ,0x00 ,0x00 ,0x00 ,0x00
 ,0x00 ,0x00 ,0x00 ,0x00 ,0x00 ,0x00 ,0x00 ,0x00
 ,0x00 ,0x00 ,0x00 ,0x00 ,0x00 ,0x00 ,0x00 ,0x00
 ,0x00 ,0x00 ,0x00 ,0x00 ,0x00 ,0x00 ,0x00 ,0x00
 ,0x00 ,0x00 ,0x00 ,0x00 ,0x00 ,0x00 ,0x00 ,0x00
 ,0x00 ,0x00 ,0x00 ,0x00 ,0x00 ,0x00 ,0x00 ,0x00
 ,0x00 ,0x00 ,0x00 ,0x00 ,0x00 ,0x00 ,0x00 ,0x00
 ,0x00 ,0x00 ,0x00 ,0x00 ,0x00 ,0x00 ,0x00 ,0x00
 ,0x00 ,0x00 ,0x00 ,0x00 ,0x00 ,0x00 ,0x00 ,0x00
 ,0x00 ,0x00 ,0x00 ,0x00 ,0x00 ,0x00 ,0x00 ,0x00
 ,0x00 ,0x00 ,0x00 ,0x00 ,0x00 ,0x00 ,0x00 ,0x00
 ,0x00 ,0x00 ,0x00 ,0x00 ,0x00 ,0x00 ,0x00 ,0x00
 ,0x00 ,0x00 ,0x00 ,0x00 ,0x00 ,0x00 ,0x00 ,0x00
 ,0x00 ,0x00 ,0x00 ,0x00 ,0x00 ,0x00 ,0x00 ,0x00
 ,0x00 ,0x00 ,0x00 ,0x00 ,0x00 ,0x00 ,0x00 ,0x00
 ,0x00 ,0x00 ,0x00 ,0x00 ,0x00 ,0x00 ,0x00 ,0x00
 ,0x00 ,0x00 ,0x00 ,0x00 ,0x00 ,0x00 ,0x00 ,0x00
 ,0x00 ,0x00 ,0x00 ,0x00 ,0x00 ,0x00 ,0x00 ,0x00
 ,0x00 ,0x00 ,0x00 ,0x00 ,0x00 ,0x00 ,0x00 ,0x00
 ,0x00 ,0x00 ,0x00 ,0x00 ,0x00 ,0x00 ,0x00 ,0x00
 ,0x00 ,0x00 ,0x00 ,0x00 ,0x00 ,0x00 ,0x00 ,0x00
 ,0x00 ,0x00 ,0x00 ,0x00 ,0x00 ,0x00 ,0x00 ,0x00
 ,0x00 ,0x00 ,0x00 ,0x00 ,0x00 ,0x00 ,0x00 ,0x00
 ,0x00 ,0x00 ,0x00 ,0x00 ,0x00 ,0x00 ,0x00 ,0x00
 ,0x00 ,0x00 ,0x00 ,0x00 ,0x00 ,0x00 ,0x00 ,0x00
 ,0x00 ,0x00 ,0x00 ,0x00 ,0x00 ,0x00 ,0x00 ,0x00
 ,0x00 ,0x00 ,0x00 ,0x00 ,0x00 ,0x00 ,0x00 ,0x00
 ,0x00 ,0x00 ,0x00 ,0x00 ,0x00 ,0x00 ,0x00 ,0x00
 ,0x00 ,0x00 ,0x00 ,0x00 ,0x00 ,0x00 ,0x00 ,0x00
 ,0x00 ,0x00 ,0x00 ,0x00 ,0x00 ,0x00 ,0x00 ,0x00
 ,0x00 ,0x00 ,0x00 ,0x00 ,0x00 ,0x00 ,0x00 ,0x00
 ,0x00 ,0x00 ,0x00 ,0x00 ,0x00 ,0x00 ,0x00 ,0x00
 ,0x00 ,0x00 ,0x00 ,0x00 ,0x00 ,0x00 ,0x00 ,0x00
 ,0x00 ,0x00 ,0x00 ,0x00 ,0x00 ,0x00 ,0x00 ,0x00
 ,0x00 ,0x00 ,0x00 ,0x00 ,0x00 ,0x00 ,0x00 ,0x00
 ,0x00 ,0x00 ,0x00 ,0x00 ,0x00 ,0x00 ,0x00 ,0x00
 ,0x00 ,0x00 ,0x00 ,0x00 ,0x00 ,0x00 ,0x00 ,0x00
 ,0x00 ,0x00 ,0x00 ,0x00 ,0x00 ,0x00 ,0x00 ,0x00
 ,0x00 ,0x00 ,0x00 ,0x00 ,0x00 ,0x00 ,0x00 ,0x00
 ,0x00 ,0x00 ,0x00 ,0x00 ,0x00 ,0x00 ,0x00 ,0x00
 ,0x00 ,0x00 ,0x00 ,0x00 ,0x00 ,0x00 ,0x00 ,0x00
 ,0x00 ,0x00 ,0x00 ,0x00 ,0x00 ,0x00 ,0x00 ,0x00
 ,0x00 ,0x00 ,0x00 ,0x00 ,0x00 ,0x00 ,0x00 ,0x00
 ,0x00 ,0x00 ,0x00 ,0x00 ,0x00 ,0x00 ,0x00 ,0x00
 ,0x00 ,0x00 ,0x00 ,0x00 ,0x00 ,0x00 ,0x00 ,0x00
 ,0x00 ,0x00 ,0x00 ,0x00 ,0x00 ,0x00 ,0x00 ,0x00
 ,0x00 ,0x00 ,0x00 ,0x00 ,0x00 ,0x00 ,0x00 ,0x00
 ,0x00 ,0x00 ,0x00 ,0x00 ,0x00 ,0x00 ,0x00 ,0x00
 ,0x00 ,0x00 ,0x00 ,0x00 ,0x00 ,0x00 ,0x00 ,0x00
 ,0x00 ,0x00 ,0x00 ,0x00 ,0x00


 /* EFS file:  ims_user_agent , Size = 1025 bytes 
   Path on Disk: /nv/item_files/ims/ims_user_agent */ 

 ,0x33 ,0x04 ,0x00 ,0x00 ,0x02 ,0x19 ,0x00 ,0x00
 ,0x01, 0x00 ,0x22 ,0x00 ,0x2F ,0x6E ,0x76 ,0x2F
 ,0x69 ,0x74 ,0x65 ,0x6D ,0x5F ,0x66 ,0x69 ,0x6C
 ,0x65 ,0x73 ,0x2F ,0x69 ,0x6D ,0x73 ,0x2F ,0x69
 ,0x6D ,0x73 ,0x5F ,0x75 ,0x73 ,0x65 ,0x72 ,0x5F
 ,0x61 ,0x67 ,0x65 ,0x6E ,0x74 ,0x00
 ,0x02 ,0x00 ,0x01 ,0x04 ,0x07 ,0x00 ,0x00 ,0x00
 ,0x00 ,0x00 ,0x00 ,0x00 ,0x00 ,0x00 ,0x00 ,0x00
 ,0x00 ,0x00 ,0x00 ,0x00 ,0x00 ,0x00 ,0x00 ,0x00
 ,0x00 ,0x00 ,0x00 ,0x00 ,0x00 ,0x00 ,0x00 ,0x00
 ,0x00 ,0x00 ,0x00 ,0x00 ,0x00 ,0x00 ,0x00 ,0x00
 ,0x00 ,0x00 ,0x00 ,0x00 ,0x00 ,0x00 ,0x00 ,0x00
 ,0x00 ,0x00 ,0x00 ,0x00 ,0x00 ,0x00 ,0x00 ,0x00
 ,0x00 ,0x00 ,0x00 ,0x00 ,0x00 ,0x00 ,0x00 ,0x00
 ,0x00 ,0x00 ,0x00 ,0x00 ,0x00 ,0x00 ,0x00 ,0x00
 ,0x00 ,0x00 ,0x00 ,0x00 ,0x00 ,0x00 ,0x00 ,0x00
 ,0x00 ,0x00 ,0x00 ,0x00 ,0x00 ,0x00 ,0x00 ,0x00
 ,0x00 ,0x00 ,0x00 ,0x00 ,0x00 ,0x00 ,0x00 ,0x00
 ,0x00 ,0x00 ,0x00 ,0x00 ,0x00 ,0x00 ,0x00 ,0x00
 ,0x00 ,0x00 ,0x00 ,0x00 ,0x00 ,0x00 ,0x00 ,0x00
 ,0x00 ,0x00 ,0x00 ,0x00 ,0x00 ,0x00 ,0x00 ,0x00
 ,0x00 ,0x00 ,0x00 ,0x00 ,0x00 ,0x00 ,0x00 ,0x00
 ,0x00 ,0x00 ,0x00 ,0x00 ,0x00 ,0x00 ,0x00 ,0x00
 ,0x00 ,0x00 ,0x00 ,0x00 ,0x00 ,0x00 ,0x00 ,0x00
 ,0x00 ,0x00 ,0x00 ,0x00 ,0x00 ,0x00 ,0x00 ,0x00
 ,0x00 ,0x00 ,0x00 ,0x00 ,0x00 ,0x00 ,0x00 ,0x00
 ,0x00 ,0x00 ,0x00 ,0x00 ,0x00 ,0x00 ,0x00 ,0x00
 ,0x00 ,0x00 ,0x00 ,0x00 ,0x00 ,0x00 ,0x00 ,0x00
 ,0x00 ,0x00 ,0x00 ,0x00 ,0x00 ,0x00 ,0x00 ,0x00
 ,0x00 ,0x00 ,0x00 ,0x00 ,0x00 ,0x00 ,0x00 ,0x00
 ,0x00 ,0x00 ,0x00 ,0x00 ,0x00 ,0x00 ,0x00 ,0x00
 ,0x00 ,0x00 ,0x00 ,0x00 ,0x00 ,0x00 ,0x00 ,0x00
 ,0x00 ,0x00 ,0x00 ,0x00 ,0x00 ,0x00 ,0x00 ,0x00
 ,0x00 ,0x00 ,0x00 ,0x00 ,0x00 ,0x00 ,0x00 ,0x00
 ,0x00 ,0x00 ,0x00 ,0x00 ,0x00 ,0x00 ,0x00 ,0x00
 ,0x00 ,0x00 ,0x00 ,0x00 ,0x00 ,0x00 ,0x00 ,0x00
 ,0x00 ,0x00 ,0x00 ,0x00 ,0x00 ,0x00 ,0x00 ,0x00
 ,0x00 ,0x00 ,0x00 ,0x00 ,0x00 ,0x00 ,0x00 ,0x00
 ,0x00 ,0x00 ,0x00 ,0x00 ,0x00 ,0x00 ,0x00 ,0x00
 ,0x00 ,0x00 ,0x00 ,0x00 ,0x00 ,0x00 ,0x00 ,0x00
 ,0x00 ,0x00 ,0x00 ,0x00 ,0x00 ,0x00 ,0x00 ,0x00
 ,0x00 ,0x00 ,0x00 ,0x00 ,0x00 ,0x00 ,0x00 ,0x00
 ,0x00 ,0x00 ,0x00 ,0x00 ,0x00 ,0x00 ,0x00 ,0x00
 ,0x00 ,0x00 ,0x00 ,0x00 ,0x00 ,0x00 ,0x00 ,0x00
 ,0x00 ,0x00 ,0x00 ,0x00 ,0x00 ,0x00 ,0x00 ,0x00
 ,0x00 ,0x00 ,0x00 ,0x00 ,0x00 ,0x00 ,0x00 ,0x00
 ,0x00 ,0x00 ,0x00 ,0x00 ,0x00 ,0x00 ,0x00 ,0x00
 ,0x00 ,0x00 ,0x00 ,0x00 ,0x00 ,0x00 ,0x00 ,0x00
 ,0x00 ,0x00 ,0x00 ,0x00 ,0x00 ,0x00 ,0x00 ,0x00
 ,0x00 ,0x00 ,0x00 ,0x00 ,0x00 ,0x00 ,0x00 ,0x00
 ,0x00 ,0x00 ,0x00 ,0x00 ,0x00 ,0x00 ,0x00 ,0x00
 ,0x00 ,0x00 ,0x00 ,0x00 ,0x00 ,0x00 ,0x00 ,0x00
 ,0x00 ,0x00 ,0x00 ,0x00 ,0x00 ,0x00 ,0x00 ,0x00
 ,0x00 ,0x00 ,0x00 ,0x00 ,0x00 ,0x00 ,0x00 ,0x00
 ,0x00 ,0x00 ,0x00 ,0x00 ,0x00 ,0x00 ,0x00 ,0x00
 ,0x00 ,0x00 ,0x00 ,0x00 ,0x00 ,0x00 ,0x00 ,0x00
 ,0x00 ,0x00 ,0x00 ,0x00 ,0x00 ,0x00 ,0x00 ,0x00
 ,0x00 ,0x00 ,0x00 ,0x00 ,0x00 ,0x00 ,0x00 ,0x00
 ,0x00 ,0x00 ,0x00 ,0x00 ,0x00 ,0x00 ,0x00 ,0x00
 ,0x00 ,0x00 ,0x00 ,0x00 ,0x00 ,0x00 ,0x00 ,0x00
 ,0x00 ,0x00 ,0x00 ,0x00 ,0x00 ,0x00 ,0x00 ,0x00
 ,0x00 ,0x00 ,0x00 ,0x00 ,0x00 ,0x00 ,0x00 ,0x00
 ,0x00 ,0x00 ,0x00 ,0x00 ,0x00 ,0x00 ,0x00 ,0x00
 ,0x00 ,0x00 ,0x00 ,0x00 ,0x00 ,0x00 ,0x00 ,0x00
 ,0x00 ,0x00 ,0x00 ,0x00 ,0x00 ,0x00 ,0x00 ,0x00
 ,0x00 ,0x00 ,0x00 ,0x00 ,0x00 ,0x00 ,0x00 ,0x00
 ,0x00 ,0x00 ,0x00 ,0x00 ,0x00 ,0x00 ,0x00 ,0x00
 ,0x00 ,0x00 ,0x00 ,0x00 ,0x00 ,0x00 ,0x00 ,0x00
 ,0x00 ,0x00 ,0x00 ,0x00 ,0x00 ,0x00 ,0x00 ,0x00
 ,0x00 ,0x00 ,0x00 ,0x00 ,0x00 ,0x00 ,0x00 ,0x00
 ,0x00 ,0x00 ,0x00 ,0x00 ,0x00 ,0x00 ,0x00 ,0x00
 ,0x00 ,0x00 ,0x00 ,0x00 ,0x00 ,0x00 ,0x00 ,0x00
 ,0x00 ,0x00 ,0x00 ,0x00 ,0x00 ,0x00 ,0x00 ,0x00
 ,0x00 ,0x00 ,0x00 ,0x00 ,0x00 ,0x00 ,0x00 ,0x00
 ,0x00 ,0x00 ,0x00 ,0x00 ,0x00 ,0x00 ,0x00 ,0x00
 ,0x00 ,0x00 ,0x00 ,0x00 ,0x00 ,0x00 ,0x00 ,0x00
 ,0x00 ,0x00 ,0x00 ,0x00 ,0x00 ,0x00 ,0x00 ,0x00
 ,0x00 ,0x00 ,0x00 ,0x00 ,0x00 ,0x00 ,0x00 ,0x00
 ,0x00 ,0x00 ,0x00 ,0x00 ,0x00 ,0x00 ,0x00 ,0x00
 ,0x00 ,0x00 ,0x00 ,0x00 ,0x00 ,0x00 ,0x00 ,0x00
 ,0x00 ,0x00 ,0x00 ,0x00 ,0x00 ,0x00 ,0x00 ,0x00
 ,0x00 ,0x00 ,0x00 ,0x00 ,0x00 ,0x00 ,0x00 ,0x00
 ,0x00 ,0x00 ,0x00 ,0x00 ,0x00 ,0x00 ,0x00 ,0x00
 ,0x00 ,0x00 ,0x00 ,0x00 ,0x00 ,0x00 ,0x00 ,0x00
 ,0x00 ,0x00 ,0x00 ,0x00 ,0x00 ,0x00 ,0x00 ,0x00
 ,0x00 ,0x00 ,0x00 ,0x00 ,0x00 ,0x00 ,0x00 ,0x00
 ,0x00 ,0x00 ,0x00 ,0x00 ,0x00 ,0x00 ,0x00 ,0x00
 ,0x00 ,0x00 ,0x00 ,0x00 ,0x00 ,0x00 ,0x00 ,0x00
 ,0x00 ,0x00 ,0x00 ,0x00 ,0x00 ,0x00 ,0x00 ,0x00
 ,0x00 ,0x00 ,0x00 ,0x00 ,0x00 ,0x00 ,0x00 ,0x00
 ,0x00 ,0x00 ,0x00 ,0x00 ,0x00 ,0x00 ,0x00 ,0x00
 ,0x00 ,0x00 ,0x00 ,0x00 ,0x00 ,0x00 ,0x00 ,0x00
 ,0x00 ,0x00 ,0x00 ,0x00 ,0x00 ,0x00 ,0x00 ,0x00
 ,0x00 ,0x00 ,0x00 ,0x00 ,0x00 ,0x00 ,0x00 ,0x00
 ,0x00 ,0x00 ,0x00 ,0x00 ,0x00 ,0x00 ,0x00 ,0x00
 ,0x00 ,0x00 ,0x00 ,0x00 ,0x00 ,0x00 ,0x00 ,0x00
 ,0x00 ,0x00 ,0x00 ,0x00 ,0x00 ,0x00 ,0x00 ,0x00
 ,0x00 ,0x00 ,0x00 ,0x00 ,0x00 ,0x00 ,0x00 ,0x00
 ,0x00 ,0x00 ,0x00 ,0x00 ,0x00 ,0x00 ,0x00 ,0x00
 ,0x00 ,0x00 ,0x00 ,0x00 ,0x00 ,0x00 ,0x00 ,0x00
 ,0x00 ,0x00 ,0x00 ,0x00 ,0x00 ,0x00 ,0x00 ,0x00
 ,0x00 ,0x00 ,0x00 ,0x00 ,0x00 ,0x00 ,0x00 ,0x00
 ,0x00 ,0x00 ,0x00 ,0x00 ,0x00 ,0x00 ,0x00 ,0x00
 ,0x00 ,0x00 ,0x00 ,0x00 ,0x00 ,0x00 ,0x00 ,0x00
 ,0x00 ,0x00 ,0x00 ,0x00 ,0x00 ,0x00 ,0x00 ,0x00
 ,0x00 ,0x00 ,0x00 ,0x00 ,0x00 ,0x00 ,0x00 ,0x00
 ,0x00 ,0x00 ,0x00 ,0x00 ,0x00 ,0x00 ,0x00 ,0x00
 ,0x00 ,0x00 ,0x00 ,0x00 ,0x00 ,0x00 ,0x00 ,0x00
 ,0x00 ,0x00 ,0x00 ,0x00 ,0x00 ,0x00 ,0x00 ,0x00
 ,0x00 ,0x00 ,0x00 ,0x00 ,0x00 ,0x00 ,0x00 ,0x00
 ,0x00 ,0x00 ,0x00 ,0x00 ,0x00 ,0x00 ,0x00 ,0x00
 ,0x00 ,0x00 ,0x00 ,0x00 ,0x00 ,0x00 ,0x00 ,0x00
 ,0x00 ,0x00 ,0x00 ,0x00 ,0x00 ,0x00 ,0x00 ,0x00
 ,0x00 ,0x00 ,0x00 ,0x00 ,0x00 ,0x00 ,0x00 ,0x00
 ,0x00 ,0x00 ,0x00 ,0x00 ,0x00 ,0x00 ,0x00 ,0x00
 ,0x00 ,0x00 ,0x00 ,0x00 ,0x00 ,0x00 ,0x00 ,0x00
 ,0x00 ,0x00 ,0x00 ,0x00 ,0x00 ,0x00 ,0x00 ,0x00
 ,0x00 ,0x00 ,0x00 ,0x00 ,0x00 ,0x00 ,0x00 ,0x00
 ,0x00 ,0x00 ,0x00 ,0x00 ,0x00 ,0x00 ,0x00 ,0x00
 ,0x00 ,0x00 ,0x00 ,0x00 ,0x00 ,0x00 ,0x00 ,0x00
 ,0x00 ,0x00 ,0x00 ,0x00 ,0x00 ,0x00 ,0x00 ,0x00
 ,0x00 ,0x00 ,0x00 ,0x00 ,0x00 ,0x00 ,0x00 ,0x00
 ,0x00 ,0x00 ,0x00 ,0x00 ,0x00 ,0x00 ,0x00 ,0x00
 ,0x00 ,0x00 ,0x00 ,0x00 ,0x00 ,0x00 ,0x00 ,0x00
 ,0x00 ,0x00 ,0x00 ,0x00 ,0x00 ,0x00 ,0x00 ,0x00
 ,0x00 ,0x00 ,0x00 ,0x00 ,0x00 ,0x00 ,0x00 ,0x00
 ,0x00 ,0x00 ,0x00 ,0x00 ,0x00 ,0x00 ,0x00 ,0x00
 ,0x00 ,0x00 ,0x00 ,0x00 ,0x00 ,0x00 ,0x00 ,0x00
 ,0x00 ,0x00 ,0x00 ,0x00 ,0x00 ,0x00 ,0x00 ,0x00
 ,0x00 ,0x00 ,0x00 ,0x00 ,0x00 ,0x00 ,0x00 ,0x00
 ,0x00 ,0x00 ,0x00 ,0x00 ,0x00 ,0x00 ,0x00 ,0x00
 ,0x00 ,0x00 ,0x00 ,0x00 ,0x00 ,0x00 ,0x00 ,0x00
 ,0x00 ,0x00 ,0x00 ,0x00 ,0x00 ,0x00 ,0x00 ,0x00
 ,0x00 ,0x00 ,0x00 ,0x00 ,0x00 ,0x00 ,0x00 ,0x00
 ,0x00 ,0x00 ,0x00 ,0x00 ,0x00


 /* EFS file:  IMS_enable , Size = 2 bytes 
   Path on Disk: /nv/item_files/ims/IMS_enable */ 

 ,0x30 ,0x00 ,0x00 ,0x00 ,0x02 ,0x19 ,0x00 ,0x00
 ,0x01, 0x00 ,0x1E ,0x00 ,0x2F ,0x6E ,0x76 ,0x2F
 ,0x69 ,0x74 ,0x65 ,0x6D ,0x5F ,0x66 ,0x69 ,0x6C
 ,0x65 ,0x73 ,0x2F ,0x69 ,0x6D ,0x73 ,0x2F ,0x49
 ,0x4D ,0x53 ,0x5F ,0x65 ,0x6E ,0x61 ,0x62 ,0x6C
 ,0x65 ,0x00
 ,0x02 ,0x00 ,0x02 ,0x00 ,0x07 ,0x01


 /* EFS file:  ims_operation_mode , Size = 2 bytes 
   Path on Disk: /nv/item_files/ims/ims_operation_mode */ 

 ,0x38 ,0x00 ,0x00 ,0x00 ,0x02 ,0x19 ,0x00 ,0x00
 ,0x01, 0x00 ,0x26 ,0x00 ,0x2F ,0x6E ,0x76 ,0x2F
 ,0x69 ,0x74 ,0x65 ,0x6D ,0x5F ,0x66 ,0x69 ,0x6C
 ,0x65 ,0x73 ,0x2F ,0x69 ,0x6D ,0x73 ,0x2F ,0x69
 ,0x6D ,0x73 ,0x5F ,0x6F ,0x70 ,0x65 ,0x72 ,0x61
 ,0x74 ,0x69 ,0x6F ,0x6E ,0x5F ,0x6D ,0x6F ,0x64
 ,0x65 ,0x00
 ,0x02 ,0x00 ,0x02 ,0x00 ,0x07 ,0x02


 /* EFS file:  qp_ims_service_enablement_config , Size = 1025 bytes 
   Path on Disk: /nv/item_files/ims/qp_ims_service_enablement_config */ 

 ,0x45 ,0x04 ,0x00 ,0x00 ,0x02 ,0x19 ,0x00 ,0x00
 ,0x01, 0x00 ,0x34 ,0x00 ,0x2F ,0x6E ,0x76 ,0x2F
 ,0x69 ,0x74 ,0x65 ,0x6D ,0x5F ,0x66 ,0x69 ,0x6C
 ,0x65 ,0x73 ,0x2F ,0x69 ,0x6D ,0x73 ,0x2F ,0x71
 ,0x70 ,0x5F ,0x69 ,0x6D ,0x73 ,0x5F ,0x73 ,0x65
 ,0x72 ,0x76 ,0x69 ,0x63 ,0x65 ,0x5F ,0x65 ,0x6E
 ,0x61 ,0x62 ,0x6C ,0x65 ,0x6D ,0x65 ,0x6E ,0x74
 ,0x5F ,0x63 ,0x6F ,0x6E ,0x66 ,0x69 ,0x67 ,0x00
 ,0x02 ,0x00 ,0x01 ,0x04 ,0x07 ,0x00 ,0x01 ,0x01
 ,0x01 ,0x00 ,0x00 ,0x00 ,0x00 ,0x02 ,0x03 ,0x00
 ,0x00 ,0x00 ,0x02 ,0x00 ,0x00 ,0x00 ,0x00 ,0x00
 ,0x00 ,0x00 ,0x00 ,0x00 ,0x00 ,0x00 ,0x00 ,0x00
 ,0x00 ,0x00 ,0x00 ,0x00 ,0x00 ,0x00 ,0x00 ,0x01
 ,0x01 ,0x01 ,0x00 ,0x01 ,0x00 ,0x00 ,0x00 ,0x00
 ,0x00 ,0x00 ,0x00 ,0x00 ,0x00 ,0x00 ,0x00 ,0x00
 ,0x00 ,0x00 ,0x00 ,0x00 ,0x00 ,0x00 ,0x00 ,0x00
 ,0x00 ,0x00 ,0x00 ,0x00 ,0x00 ,0x00 ,0x00 ,0x00
 ,0x00 ,0x00 ,0x00 ,0x00 ,0x00 ,0x00 ,0x00 ,0x00
 ,0x00 ,0x00 ,0x00 ,0x00 ,0x00 ,0x00 ,0x00 ,0x00
 ,0x00 ,0x00 ,0x00 ,0x00 ,0x00 ,0x00 ,0x00 ,0x00
 ,0x00 ,0x00 ,0x00 ,0x00 ,0x00 ,0x00 ,0x00 ,0x00
 ,0x00 ,0x00 ,0x00 ,0x00 ,0x00 ,0x00 ,0x00 ,0x00
 ,0x00 ,0x00 ,0x00 ,0x00 ,0x00 ,0x00 ,0x00 ,0x00
 ,0x00 ,0x00 ,0x00 ,0x00 ,0x00 ,0x00 ,0x00 ,0x00
 ,0x00 ,0x00 ,0x00 ,0x00 ,0x00 ,0x00 ,0x00 ,0x00
 ,0x00 ,0x00 ,0x00 ,0x00 ,0x00 ,0x00 ,0x00 ,0x00
 ,0x00 ,0x00 ,0x00 ,0x00 ,0x00 ,0x00 ,0x00 ,0x00
 ,0x00 ,0x00 ,0x00 ,0x00 ,0x00 ,0x00 ,0x00 ,0x00
 ,0x00 ,0x00 ,0x00 ,0x00 ,0x00 ,0x00 ,0x00 ,0x00
 ,0x00 ,0x00 ,0x00 ,0x00 ,0x00 ,0x00 ,0x00 ,0x00
 ,0x00 ,0x00 ,0x00 ,0x00 ,0x00 ,0x00 ,0x00 ,0x00
 ,0x00 ,0x00 ,0x00 ,0x00 ,0x00 ,0x00 ,0x00 ,0x00
 ,0x00 ,0x00 ,0x00 ,0x00 ,0x00 ,0x00 ,0x00 ,0x00
 ,0x00 ,0x00 ,0x00 ,0x00 ,0x00 ,0x00 ,0x00 ,0x00
 ,0x00 ,0x00 ,0x00 ,0x00 ,0x00 ,0x00 ,0x00 ,0x00
 ,0x00 ,0x00 ,0x00 ,0x00 ,0x00 ,0x00 ,0x00 ,0x00
 ,0x00 ,0x00 ,0x00 ,0x00 ,0x00 ,0x00 ,0x00 ,0x00
 ,0x00 ,0x00 ,0x00 ,0x00 ,0x00 ,0x00 ,0x00 ,0x00
 ,0x00 ,0x00 ,0x00 ,0x00 ,0x00 ,0x00 ,0x00 ,0x00
 ,0x00 ,0x00 ,0x00 ,0x00 ,0x00 ,0x00 ,0x00 ,0x00
 ,0x00 ,0x00 ,0x00 ,0x00 ,0x00 ,0x00 ,0x00 ,0x00
 ,0x00 ,0x00 ,0x00 ,0x00 ,0x00 ,0x00 ,0x00 ,0x00
 ,0x00 ,0x00 ,0x00 ,0x00 ,0x00 ,0x00 ,0x00 ,0x00
 ,0x00 ,0x00 ,0x00 ,0x00 ,0x00 ,0x00 ,0x00 ,0x00
 ,0x00 ,0x00 ,0x00 ,0x00 ,0x00 ,0x00 ,0x00 ,0x00
 ,0x00 ,0x00 ,0x00 ,0x00 ,0x00 ,0x00 ,0x00 ,0x00
 ,0x00 ,0x00 ,0x00 ,0x00 ,0x00 ,0x00 ,0x00 ,0x00
 ,0x00 ,0x00 ,0x00 ,0x00 ,0x00 ,0x00 ,0x00 ,0x00
 ,0x00 ,0x00 ,0x00 ,0x00 ,0x00 ,0x00 ,0x00 ,0x00
 ,0x00 ,0x00 ,0x00 ,0x00 ,0x00 ,0x00 ,0x00 ,0x00
 ,0x00 ,0x00 ,0x00 ,0x00 ,0x00 ,0x00 ,0x00 ,0x00
 ,0x00 ,0x00 ,0x00 ,0x00 ,0x00 ,0x00 ,0x00 ,0x00
 ,0x00 ,0x00 ,0x00 ,0x00 ,0x00 ,0x00 ,0x00 ,0x00
 ,0x00 ,0x00 ,0x00 ,0x00 ,0x00 ,0x00 ,0x00 ,0x00
 ,0x00 ,0x00 ,0x00 ,0x00 ,0x00 ,0x00 ,0x00 ,0x00
 ,0x00 ,0x00 ,0x00 ,0x00 ,0x00 ,0x00 ,0x00 ,0x00
 ,0x00 ,0x00 ,0x00 ,0x00 ,0x00 ,0x00 ,0x00 ,0x00
 ,0x00 ,0x00 ,0x00 ,0x00 ,0x00 ,0x00 ,0x00 ,0x00
 ,0x00 ,0x00 ,0x00 ,0x00 ,0x00 ,0x00 ,0x00 ,0x00
 ,0x00 ,0x00 ,0x00 ,0x00 ,0x00 ,0x00 ,0x00 ,0x00
 ,0x00 ,0x00 ,0x00 ,0x00 ,0x00 ,0x00 ,0x00 ,0x00
 ,0x00 ,0x00 ,0x00 ,0x00 ,0x00 ,0x00 ,0x00 ,0x00
 ,0x00 ,0x00 ,0x00 ,0x00 ,0x00 ,0x00 ,0x00 ,0x00
 ,0x00 ,0x00 ,0x00 ,0x00 ,0x00 ,0x00 ,0x00 ,0x00
 ,0x00 ,0x00 ,0x00 ,0x00 ,0x00 ,0x00 ,0x00 ,0x00
 ,0x00 ,0x00 ,0x00 ,0x00 ,0x00 ,0x00 ,0x00 ,0x00
 ,0x00 ,0x00 ,0x00 ,0x00 ,0x00 ,0x00 ,0x00 ,0x00
 ,0x00 ,0x00 ,0x00 ,0x00 ,0x00 ,0x00 ,0x00 ,0x00
 ,0x00 ,0x00 ,0x00 ,0x00 ,0x00 ,0x00 ,0x00 ,0x00
 ,0x00 ,0x00 ,0x00 ,0x00 ,0x00 ,0x00 ,0x00 ,0x00
 ,0x00 ,0x00 ,0x00 ,0x00 ,0x00 ,0x00 ,0x00 ,0x00
 ,0x00 ,0x00 ,0x00 ,0x00 ,0x00 ,0x00 ,0x00 ,0x00
 ,0x00 ,0x00 ,0x00 ,0x00 ,0x00 ,0x00 ,0x00 ,0x00
 ,0x00 ,0x00 ,0x00 ,0x00 ,0x00 ,0x00 ,0x00 ,0x00
 ,0x00 ,0x00 ,0x00 ,0x00 ,0x00 ,0x00 ,0x00 ,0x00
 ,0x00 ,0x00 ,0x00 ,0x00 ,0x00 ,0x00 ,0x00 ,0x00
 ,0x00 ,0x00 ,0x00 ,0x00 ,0x00 ,0x00 ,0x00 ,0x00
 ,0x00 ,0x00 ,0x00 ,0x00 ,0x00 ,0x00 ,0x00 ,0x00
 ,0x00 ,0x00 ,0x00 ,0x00 ,0x00 ,0x00 ,0x00 ,0x00
 ,0x00 ,0x00 ,0x00 ,0x00 ,0x00 ,0x00 ,0x00 ,0x00
 ,0x00 ,0x00 ,0x00 ,0x00 ,0x00 ,0x00 ,0x00 ,0x00
 ,0x00 ,0x00 ,0x00 ,0x00 ,0x00 ,0x00 ,0x00 ,0x00
 ,0x00 ,0x00 ,0x00 ,0x00 ,0x00 ,0x00 ,0x00 ,0x00
 ,0x00 ,0x00 ,0x00 ,0x00 ,0x00 ,0x00 ,0x00 ,0x00
 ,0x00 ,0x00 ,0x00 ,0x00 ,0x00 ,0x00 ,0x00 ,0x00
 ,0x00 ,0x00 ,0x00 ,0x00 ,0x00 ,0x00 ,0x00 ,0x00
 ,0x00 ,0x00 ,0x00 ,0x00 ,0x00 ,0x00 ,0x00 ,0x00
 ,0x00 ,0x00 ,0x00 ,0x00 ,0x00 ,0x00 ,0x00 ,0x00
 ,0x00 ,0x00 ,0x00 ,0x00 ,0x00 ,0x00 ,0x00 ,0x00
 ,0x00 ,0x00 ,0x00 ,0x00 ,0x00 ,0x00 ,0x00 ,0x00
 ,0x00 ,0x00 ,0x00 ,0x00 ,0x00 ,0x00 ,0x00 ,0x00
 ,0x00 ,0x00 ,0x00 ,0x00 ,0x00 ,0x00 ,0x00 ,0x00
 ,0x00 ,0x00 ,0x00 ,0x00 ,0x00 ,0x00 ,0x00 ,0x00
 ,0x00 ,0x00 ,0x00 ,0x00 ,0x00 ,0x00 ,0x00 ,0x00
 ,0x00 ,0x00 ,0x00 ,0x00 ,0x00 ,0x00 ,0x00 ,0x00
 ,0x00 ,0x00 ,0x00 ,0x00 ,0x00 ,0x00 ,0x00 ,0x00
 ,0x00 ,0x00 ,0x00 ,0x00 ,0x00 ,0x00 ,0x00 ,0x00
 ,0x00 ,0x00 ,0x00 ,0x00 ,0x00 ,0x00 ,0x00 ,0x00
 ,0x00 ,0x00 ,0x00 ,0x00 ,0x00 ,0x00 ,0x00 ,0x00
 ,0x00 ,0x00 ,0x00 ,0x00 ,0x00 ,0x00 ,0x00 ,0x00
 ,0x00 ,0x00 ,0x00 ,0x00 ,0x00 ,0x00 ,0x00 ,0x00
 ,0x00 ,0x00 ,0x00 ,0x00 ,0x00 ,0x00 ,0x00 ,0x00
 ,0x00 ,0x00 ,0x00 ,0x00 ,0x00 ,0x00 ,0x00 ,0x00
 ,0x00 ,0x00 ,0x00 ,0x00 ,0x00 ,0x00 ,0x00 ,0x00
 ,0x00 ,0x00 ,0x00 ,0x00 ,0x00 ,0x00 ,0x00 ,0x00
 ,0x00 ,0x00 ,0x00 ,0x00 ,0x00 ,0x00 ,0x00 ,0x00
 ,0x00 ,0x00 ,0x00 ,0x00 ,0x00 ,0x00 ,0x00 ,0x00
 ,0x00 ,0x00 ,0x00 ,0x00 ,0x00 ,0x00 ,0x00 ,0x00
 ,0x00 ,0x00 ,0x00 ,0x00 ,0x00 ,0x00 ,0x00 ,0x00
 ,0x00 ,0x00 ,0x00 ,0x00 ,0x00 ,0x00 ,0x00 ,0x00
 ,0x00 ,0x00 ,0x00 ,0x00 ,0x00 ,0x00 ,0x00 ,0x00
 ,0x00 ,0x00 ,0x00 ,0x00 ,0x00 ,0x00 ,0x00 ,0x00
 ,0x00 ,0x00 ,0x00 ,0x00 ,0x00 ,0x00 ,0x00 ,0x00
 ,0x00 ,0x00 ,0x00 ,0x00 ,0x00 ,0x00 ,0x00 ,0x00
 ,0x00 ,0x00 ,0x00 ,0x00 ,0x00 ,0x00 ,0x00 ,0x00
 ,0x00 ,0x00 ,0x00 ,0x00 ,0x00 ,0x00 ,0x00 ,0x00
 ,0x00 ,0x00 ,0x00 ,0x00 ,0x00 ,0x00 ,0x00 ,0x00
 ,0x00 ,0x00 ,0x00 ,0x00 ,0x00 ,0x00 ,0x00 ,0x00
 ,0x00 ,0x00 ,0x00 ,0x00 ,0x00 ,0x00 ,0x00 ,0x00
 ,0x00 ,0x00 ,0x00 ,0x00 ,0x00 ,0x00 ,0x00 ,0x00
 ,0x00 ,0x00 ,0x00 ,0x00 ,0x00 ,0x00 ,0x00 ,0x00
 ,0x00 ,0x00 ,0x00 ,0x00 ,0x00 ,0x00 ,0x00 ,0x00
 ,0x00 ,0x00 ,0x00 ,0x00 ,0x00 ,0x00 ,0x00 ,0x00
 ,0x00 ,0x00 ,0x00 ,0x00 ,0x00 ,0x00 ,0x00 ,0x00
 ,0x00 ,0x00 ,0x00 ,0x00 ,0x00 ,0x00 ,0x00 ,0x00
 ,0x00 ,0x00 ,0x00 ,0x00 ,0x00 ,0x00 ,0x00 ,0x00
 ,0x00 ,0x00 ,0x00 ,0x00 ,0x00 ,0x00 ,0x00 ,0x00
 ,0x00 ,0x00 ,0x00 ,0x00 ,0x00 ,0x00 ,0x00 ,0x00
 ,0x00 ,0x00 ,0x00 ,0x00 ,0x00 ,0x00 ,0x00 ,0x00
 ,0x00 ,0x00 ,0x00 ,0x00 ,0x00 ,0x00 ,0x00 ,0x00
 ,0x00 ,0x00 ,0x00 ,0x00 ,0x00 ,0x00 ,0x00 ,0x00
 ,0x00 ,0x00 ,0x00 ,0x00 ,0x00 ,0x00 ,0x00 ,0x00
 ,0x00 ,0x00 ,0x00 ,0x00 ,0x00 ,0x00 ,0x00 ,0x00
 ,0x00 ,0x00 ,0x00 ,0x00 ,0x00 ,0x00 ,0x00 ,0x00
 ,0x00 ,0x00 ,0x00 ,0x00 ,0x00 ,0x00 ,0x00 ,0x00
 ,0x00 ,0x00 ,0x00 ,0x00 ,0x00 ,0x00 ,0x00 ,0x00
 ,0x00 ,0x00 ,0x00 ,0x00 ,0x00


 /* EFS file:  qp_ims_common_config , Size = 1025 bytes 
   Path on Disk: /nv/item_files/ims/qp_ims_common_config */ 

 ,0x39 ,0x04 ,0x00 ,0x00 ,0x02 ,0x19 ,0x00 ,0x00
 ,0x01, 0x00 ,0x28 ,0x00 ,0x2F ,0x6E ,0x76 ,0x2F
 ,0x69 ,0x74 ,0x65 ,0x6D ,0x5F ,0x66 ,0x69 ,0x6C
 ,0x65 ,0x73 ,0x2F ,0x69 ,0x6D ,0x73 ,0x2F ,0x71
 ,0x70 ,0x5F ,0x69 ,0x6D ,0x73 ,0x5F ,0x63 ,0x6F
 ,0x6D ,0x6D ,0x6F ,0x6E ,0x5F ,0x63 ,0x6F ,0x6E
 ,0x66 ,0x69 ,0x67 ,0x00
 ,0x02 ,0x00 ,0x01 ,0x04 ,0x07 ,0x00 ,0x40 ,0x04
 ,0x00 ,0x00 ,0x00 ,0x00 ,0x00 ,0x00 ,0x00 ,0x00
 ,0x00 ,0x00 ,0x00 ,0x00 ,0x00 ,0x00 ,0x00 ,0x00
 ,0x00 ,0x00 ,0x00 ,0x00 ,0x00 ,0x00 ,0x00 ,0x00
 ,0x00 ,0x00 ,0x00 ,0x00 ,0x00 ,0x00 ,0x00 ,0x00
 ,0x00 ,0x00 ,0x00 ,0x00 ,0x00 ,0x00 ,0x00 ,0x00
 ,0x00 ,0x00 ,0x00 ,0x00 ,0x00 ,0x00 ,0x00 ,0x00
 ,0x00 ,0x00 ,0x00 ,0x00 ,0x00 ,0x00 ,0x00 ,0x00
 ,0x00 ,0x00 ,0x00 ,0x00 ,0x00 ,0x00 ,0x00 ,0x00
 ,0x00 ,0x00 ,0x00 ,0x00 ,0x00 ,0x00 ,0x00 ,0x00
 ,0x00 ,0x00 ,0x00 ,0x00 ,0x00 ,0x00 ,0x00 ,0x00
 ,0x00 ,0x00 ,0x00 ,0x00 ,0x00 ,0x00 ,0x00 ,0x00
 ,0x00 ,0x00 ,0x00 ,0x00 ,0x00 ,0x00 ,0x00 ,0x00
 ,0x00 ,0x00 ,0x00 ,0x00 ,0x00 ,0x00 ,0x00 ,0x00
 ,0x00 ,0x00 ,0x00 ,0x00 ,0x00 ,0x00 ,0x00 ,0x00
 ,0x00 ,0x00 ,0x00 ,0x00 ,0x00 ,0x00 ,0x00 ,0x00
 ,0x00 ,0x00 ,0x00 ,0x00 ,0x00 ,0x00 ,0x00 ,0x00
 ,0x00 ,0x00 ,0x00 ,0x00 ,0x00 ,0x00 ,0x00 ,0x00
 ,0x00 ,0x00 ,0x00 ,0x00 ,0x00 ,0x00 ,0x00 ,0x00
 ,0x00 ,0x00 ,0x00 ,0x00 ,0x00 ,0x00 ,0x00 ,0x00
 ,0x00 ,0x00 ,0x00 ,0x00 ,0x00 ,0x00 ,0x00 ,0x00
 ,0x00 ,0x00 ,0x00 ,0x00 ,0x00 ,0x00 ,0x00 ,0x00
 ,0x00 ,0x00 ,0x00 ,0x00 ,0x00 ,0x00 ,0x00 ,0x00
 ,0x00 ,0x00 ,0x00 ,0x00 ,0x00 ,0x00 ,0x00 ,0x00
 ,0x00 ,0x00 ,0x00 ,0x00 ,0x00 ,0x00 ,0x00 ,0x00
 ,0x00 ,0x00 ,0x00 ,0x00 ,0x00 ,0x00 ,0x00 ,0x00
 ,0x00 ,0x00 ,0x00 ,0x00 ,0x00 ,0x00 ,0x00 ,0x00
 ,0x00 ,0x00 ,0x00 ,0x00 ,0x00 ,0x00 ,0x00 ,0x00
 ,0x00 ,0x00 ,0x00 ,0x00 ,0x00 ,0x00 ,0x00 ,0x00
 ,0x00 ,0x00 ,0x00 ,0x00 ,0x00 ,0x00 ,0x00 ,0x00
 ,0x00 ,0x00 ,0x00 ,0x00 ,0x00 ,0x00 ,0x00 ,0x00
 ,0x00 ,0x00 ,0x00 ,0x00 ,0x00 ,0x00 ,0x00 ,0x00
 ,0x00 ,0x00 ,0x00 ,0x00 ,0x00 ,0x00 ,0x00 ,0x00
 ,0x00 ,0x00 ,0x00 ,0x00 ,0x00 ,0x00 ,0x00 ,0x00
 ,0x00 ,0x00 ,0x00 ,0x00 ,0x00 ,0x00 ,0x00 ,0x00
 ,0x00 ,0x00 ,0x00 ,0x00 ,0x00 ,0x00 ,0x00 ,0x00
 ,0x00 ,0x00 ,0x00 ,0x00 ,0x00 ,0x00 ,0x00 ,0x00
 ,0x00 ,0x00 ,0x00 ,0x00 ,0x00 ,0x00 ,0x00 ,0x00
 ,0x00 ,0x00 ,0x00 ,0x00 ,0x00 ,0x00 ,0x00 ,0x00
 ,0x00 ,0x00 ,0x00 ,0x00 ,0x00 ,0x00 ,0x00 ,0x00
 ,0x00 ,0x00 ,0x00 ,0x00 ,0x00 ,0x00 ,0x00 ,0x00
 ,0x00 ,0x00 ,0x00 ,0x00 ,0x00 ,0x00 ,0x00 ,0x00
 ,0x00 ,0x00 ,0x00 ,0x00 ,0x00 ,0x00 ,0x00 ,0x00
 ,0x00 ,0x00 ,0x00 ,0x00 ,0x00 ,0x00 ,0x00 ,0x00
 ,0x00 ,0x00 ,0x00 ,0x00 ,0x00 ,0x00 ,0x00 ,0x00
 ,0x00 ,0x00 ,0x00 ,0x00 ,0x00 ,0x00 ,0x00 ,0x00
 ,0x00 ,0x00 ,0x00 ,0x00 ,0x00 ,0x00 ,0x00 ,0x00
 ,0x00 ,0x00 ,0x00 ,0x00 ,0x00 ,0x00 ,0x00 ,0x00
 ,0x00 ,0x00 ,0x00 ,0x00 ,0x00 ,0x00 ,0x00 ,0x00
 ,0x00 ,0x00 ,0x00 ,0x00 ,0x00 ,0x00 ,0x00 ,0x00
 ,0x00 ,0x00 ,0x00 ,0x00 ,0x00 ,0x00 ,0x00 ,0x00
 ,0x00 ,0x00 ,0x00 ,0x00 ,0x00 ,0x00 ,0x00 ,0x00
 ,0x00 ,0x00 ,0x00 ,0x00 ,0x00 ,0x00 ,0x00 ,0x00
 ,0x00 ,0x00 ,0x00 ,0x00 ,0x00 ,0x00 ,0x00 ,0x00
 ,0x00 ,0x00 ,0x00 ,0x00 ,0x00 ,0x00 ,0x00 ,0x00
 ,0x00 ,0x00 ,0x00 ,0x00 ,0x00 ,0x00 ,0x00 ,0x00
 ,0x00 ,0x00 ,0x00 ,0x00 ,0x00 ,0x00 ,0x00 ,0x00
 ,0x00 ,0x00 ,0x00 ,0x00 ,0x00 ,0x00 ,0x00 ,0x00
 ,0x00 ,0x00 ,0x00 ,0x00 ,0x00 ,0x00 ,0x00 ,0x00
 ,0x00 ,0x00 ,0x00 ,0x00 ,0x00 ,0x00 ,0x00 ,0x00
 ,0x00 ,0x00 ,0x00 ,0x00 ,0x00 ,0x00 ,0x00 ,0x00
 ,0x00 ,0x00 ,0x00 ,0x00 ,0x00 ,0x00 ,0x00 ,0x00
 ,0x00 ,0x00 ,0x00 ,0x00 ,0x00 ,0x00 ,0x00 ,0x00
 ,0x00 ,0x00 ,0x00 ,0x00 ,0x00 ,0x00 ,0x00 ,0x00
 ,0x00 ,0x00 ,0x00 ,0x00 ,0x00 ,0x00 ,0x00 ,0x00
 ,0x00 ,0x00 ,0x00 ,0x00 ,0x00 ,0x00 ,0x00 ,0x00
 ,0x00 ,0x00 ,0x00 ,0x00 ,0x00 ,0x00 ,0x00 ,0x00
 ,0x00 ,0x00 ,0x00 ,0x00 ,0x00 ,0x00 ,0x00 ,0x00
 ,0x00 ,0x00 ,0x00 ,0x00 ,0x00 ,0x00 ,0x00 ,0x00
 ,0x00 ,0x00 ,0x00 ,0x00 ,0x00 ,0x00 ,0x00 ,0x00
 ,0x00 ,0x00 ,0x00 ,0x00 ,0x00 ,0x00 ,0x00 ,0x00
 ,0x00 ,0x00 ,0x00 ,0x00 ,0x00 ,0x00 ,0x00 ,0x00
 ,0x00 ,0x00 ,0x00 ,0x00 ,0x00 ,0x00 ,0x00 ,0x00
 ,0x00 ,0x00 ,0x00 ,0x00 ,0x00 ,0x00 ,0x00 ,0x00
 ,0x00 ,0x00 ,0x00 ,0x00 ,0x00 ,0x00 ,0x00 ,0x00
 ,0x00 ,0x00 ,0x00 ,0x00 ,0x00 ,0x00 ,0x00 ,0x00
 ,0x00 ,0x00 ,0x00 ,0x00 ,0x00 ,0x00 ,0x00 ,0x00
 ,0x00 ,0x00 ,0x00 ,0x00 ,0x00 ,0x00 ,0x00 ,0x00
 ,0x00 ,0x00 ,0x00 ,0x00 ,0x00 ,0x00 ,0x00 ,0x00
 ,0x00 ,0x00 ,0x00 ,0x00 ,0x00 ,0x00 ,0x00 ,0x00
 ,0x00 ,0x00 ,0x00 ,0x00 ,0x00 ,0x00 ,0x00 ,0x00
 ,0x00 ,0x00 ,0x00 ,0x00 ,0x00 ,0x00 ,0x00 ,0x00
 ,0x00 ,0x00 ,0x00 ,0x00 ,0x00 ,0x00 ,0x00 ,0x00
 ,0x00 ,0x00 ,0x00 ,0x00 ,0x00 ,0x00 ,0x00 ,0x00
 ,0x00 ,0x00 ,0x00 ,0x00 ,0x00 ,0x00 ,0x00 ,0x00
 ,0x00 ,0x00 ,0x00 ,0x00 ,0x00 ,0x00 ,0x00 ,0x00
 ,0x00 ,0x00 ,0x00 ,0x00 ,0x00 ,0x00 ,0x00 ,0x00
 ,0x00 ,0x00 ,0x00 ,0x00 ,0x00 ,0x00 ,0x00 ,0x00
 ,0x00 ,0x00 ,0x00 ,0x00 ,0x00 ,0x00 ,0x00 ,0x00
 ,0x00 ,0x00 ,0x00 ,0x00 ,0x00 ,0x00 ,0x00 ,0x00
 ,0x00 ,0x00 ,0x00 ,0x00 ,0x00 ,0x00 ,0x00 ,0x00
 ,0x00 ,0x00 ,0x00 ,0x00 ,0x00 ,0x00 ,0x00 ,0x00
 ,0x00 ,0x00 ,0x00 ,0x00 ,0x00 ,0x00 ,0x00 ,0x00
 ,0x00 ,0x00 ,0x00 ,0x00 ,0x00 ,0x00 ,0x00 ,0x00
 ,0x00 ,0x00 ,0x00 ,0x00 ,0x00 ,0x00 ,0x00 ,0x00
 ,0x00 ,0x00 ,0x00 ,0x00 ,0x00 ,0x00 ,0x00 ,0x00
 ,0x00 ,0x00 ,0x00 ,0x00 ,0x00 ,0x00 ,0x00 ,0x00
 ,0x00 ,0x00 ,0x00 ,0x00 ,0x00 ,0x00 ,0x00 ,0x00
 ,0x00 ,0x00 ,0x00 ,0x00 ,0x00 ,0x00 ,0x00 ,0x00
 ,0x00 ,0x00 ,0x00 ,0x00 ,0x00 ,0x00 ,0x00 ,0x00
 ,0x00 ,0x00 ,0x00 ,0x00 ,0x00 ,0x00 ,0x00 ,0x00
 ,0x00 ,0x00 ,0x00 ,0x00 ,0x00 ,0x00 ,0x00 ,0x00
 ,0x00 ,0x00 ,0x00 ,0x00 ,0x00 ,0x00 ,0x00 ,0x00
 ,0x00 ,0x00 ,0x00 ,0x00 ,0x00 ,0x00 ,0x00 ,0x00
 ,0x00 ,0x00 ,0x00 ,0x00 ,0x00 ,0x00 ,0x00 ,0x00
 ,0x00 ,0x00 ,0x00 ,0x00 ,0x00 ,0x00 ,0x00 ,0x00
 ,0x00 ,0x00 ,0x00 ,0x00 ,0x00 ,0x00 ,0x00 ,0x00
 ,0x00 ,0x00 ,0x00 ,0x00 ,0x00 ,0x00 ,0x00 ,0x00
 ,0x00 ,0x00 ,0x00 ,0x00 ,0x00 ,0x00 ,0x00 ,0x00
 ,0x00 ,0x00 ,0x00 ,0x00 ,0x00 ,0x00 ,0x00 ,0x00
 ,0x00 ,0x00 ,0x00 ,0x00 ,0x00 ,0x00 ,0x00 ,0x00
 ,0x00 ,0x00 ,0x00 ,0x00 ,0x00 ,0x00 ,0x00 ,0x00
 ,0x00 ,0x00 ,0x00 ,0x00 ,0x00 ,0x00 ,0x00 ,0x00
 ,0x00 ,0x00 ,0x00 ,0x00 ,0x00 ,0x00 ,0x00 ,0x00
 ,0x00 ,0x00 ,0x00 ,0x00 ,0x00 ,0x00 ,0x00 ,0x00
 ,0x00 ,0x00 ,0x00 ,0x00 ,0x00 ,0x00 ,0x00 ,0x00
 ,0x00 ,0x00 ,0x00 ,0x00 ,0x00 ,0x00 ,0x00 ,0x00
 ,0x00 ,0x00 ,0x00 ,0x00 ,0x00 ,0x00 ,0x00 ,0x00
 ,0x00 ,0x00 ,0x00 ,0x00 ,0x00 ,0x00 ,0x00 ,0x00
 ,0x00 ,0x00 ,0x00 ,0x00 ,0x00 ,0x00 ,0x00 ,0x00
 ,0x00 ,0x00 ,0x00 ,0x00 ,0x00 ,0x00 ,0x00 ,0x00
 ,0x00 ,0x00 ,0x00 ,0x00 ,0x00 ,0x00 ,0x00 ,0x00
 ,0x00 ,0x00 ,0x00 ,0x00 ,0x00 ,0x00 ,0x00 ,0x00
 ,0x00 ,0x00 ,0x00 ,0x00 ,0x00 ,0x00 ,0x00 ,0x00
 ,0x00 ,0x00 ,0x00 ,0x00 ,0x00 ,0x00 ,0x00 ,0x00
 ,0x00 ,0x00 ,0x00 ,0x00 ,0x00 ,0x00 ,0x00 ,0x00
 ,0x00 ,0x00 ,0x00 ,0x00 ,0x00 ,0x00 ,0x00 ,0x00
 ,0x00 ,0x00 ,0x00 ,0x00 ,0x00 ,0x00 ,0x00 ,0x00
 ,0x00 ,0x00 ,0x00 ,0x00 ,0x00


 /* EFS file:  qp_ims_reg_config_db , Size = 1025 bytes 
   Path on Disk: /nv/item_files/ims/qp_ims_reg_config_db */ 

 ,0x39 ,0x04 ,0x00 ,0x00 ,0x02 ,0x19 ,0x00 ,0x00
 ,0x01, 0x00 ,0x28 ,0x00 ,0x2F ,0x6E ,0x76 ,0x2F
 ,0x69 ,0x74 ,0x65 ,0x6D ,0x5F ,0x66 ,0x69 ,0x6C
 ,0x65 ,0x73 ,0x2F ,0x69 ,0x6D ,0x73 ,0x2F ,0x71
 ,0x70 ,0x5F ,0x69 ,0x6D ,0x73 ,0x5F ,0x72 ,0x65
 ,0x67 ,0x5F ,0x63 ,0x6F ,0x6E ,0x66 ,0x69 ,0x67
 ,0x5F ,0x64 ,0x62 ,0x00
 ,0x02 ,0x00 ,0x01 ,0x04 ,0x07 ,0x04 ,0x10 ,0x01
 ,0x11 ,0x07 ,0x00 ,0x00 ,0x00 ,0x88 ,0x50 ,0x00
 ,0x00 ,0x05 ,0x00 ,0x00 ,0x00 ,0x00 ,0x02 ,0x11
 ,0x00 ,0x00 ,0x00 ,0x00 ,0x00 ,0x00 ,0x00 ,0x00
 ,0x00 ,0x00 ,0x00 ,0x00 ,0x00 ,0x00 ,0x00 ,0x00
 ,0x00 ,0x00 ,0x00 ,0x00 ,0x00 ,0x00 ,0x00 ,0x00
 ,0x00 ,0x00 ,0x00 ,0x00 ,0x00 ,0x00 ,0x00 ,0x00
 ,0x00 ,0x00 ,0x00 ,0x00 ,0x00 ,0x00 ,0x00 ,0x00
 ,0x00 ,0x00 ,0x00 ,0x00 ,0x00 ,0x00 ,0x00 ,0x00
 ,0x00 ,0x00 ,0x00 ,0x00 ,0x00 ,0x00 ,0x00 ,0x00
 ,0x00 ,0x00 ,0x00 ,0x00 ,0x00 ,0x00 ,0x00 ,0x00
 ,0x00 ,0x00 ,0x00 ,0x00 ,0x00 ,0x00 ,0x00 ,0x00
 ,0x00 ,0x00 ,0x00 ,0x00 ,0x00 ,0x00 ,0x00 ,0x00
 ,0x00 ,0x00 ,0x00 ,0x00 ,0x00 ,0x00 ,0x00 ,0x00
 ,0x00 ,0x00 ,0x00 ,0x00 ,0x00 ,0x00 ,0x00 ,0x00
 ,0x00 ,0x00 ,0x00 ,0x00 ,0x00 ,0x00 ,0x00 ,0x00
 ,0x00 ,0x00 ,0x00 ,0x00 ,0x00 ,0x00 ,0x00 ,0x00
 ,0x00 ,0x00 ,0x00 ,0x00 ,0x00 ,0x10 ,0x02 ,0x30
 ,0x07 ,0x00 ,0x00 ,0x00 ,0x88 ,0x50 ,0x00 ,0x00
 ,0x07 ,0x00 ,0x00 ,0x00 ,0x00 ,0x92 ,0x00 ,0x00
 ,0x00 ,0x52 ,0x00 ,0x00 ,0x00 ,0xA2 ,0x00 ,0x00
 ,0x00 ,0x00 ,0x00 ,0x00 ,0x00 ,0x00 ,0x00 ,0x00
 ,0x00 ,0x00 ,0x00 ,0x00 ,0x00 ,0x00 ,0x00 ,0x00
 ,0x00 ,0x00 ,0x00 ,0x00 ,0x00 ,0x00 ,0x00 ,0x00
 ,0x00 ,0x00 ,0x00 ,0x00 ,0x00 ,0x00 ,0x00 ,0x00
 ,0x02 ,0x03 ,0x01 ,0x07 ,0x00 ,0xE0 ,0x07 ,0x69
 ,0x6D ,0x73 ,0x00 ,0x00 ,0x00 ,0x00 ,0x00 ,0x00
 ,0x00 ,0x00 ,0x00 ,0x00 ,0x00 ,0x00 ,0x00 ,0x00
 ,0x00 ,0x00 ,0x00 ,0x00 ,0x00 ,0x00 ,0x00 ,0x00
 ,0x00 ,0x00 ,0x00 ,0x00 ,0x00 ,0x00 ,0x00 ,0x00
 ,0x00 ,0x00 ,0x00 ,0x00 ,0x00 ,0x00 ,0x00 ,0x00
 ,0x00 ,0x00 ,0x00 ,0x00 ,0x00 ,0x00 ,0x00 ,0x00
 ,0x00 ,0x00 ,0x00 ,0x00 ,0x00 ,0x00 ,0x00 ,0x00
 ,0x00 ,0x00 ,0x00 ,0x00 ,0x00 ,0x00 ,0x00 ,0x00
 ,0x00 ,0x00 ,0x00 ,0x00 ,0x00 ,0x00 ,0x00 ,0x00
 ,0x00 ,0x00 ,0x00 ,0x00 ,0x00 ,0x00 ,0x00 ,0x00
 ,0x00 ,0x00 ,0x00 ,0x00 ,0x00 ,0x00 ,0x00 ,0x00
 ,0x00 ,0x00 ,0x00 ,0x00 ,0x00 ,0x00 ,0x00 ,0x00
 ,0x00 ,0x00 ,0x00 ,0x00 ,0x00 ,0x00 ,0x00 ,0x00
 ,0x00 ,0x00 ,0x00 ,0x00 ,0x00 ,0x00 ,0x00 ,0x00
 ,0x00 ,0x00 ,0x00 ,0x00 ,0x00 ,0x00 ,0x00 ,0x00
 ,0x00 ,0x00 ,0x00 ,0x00 ,0x00 ,0x00 ,0x00 ,0x00
 ,0x00 ,0x00 ,0x00 ,0x00 ,0x00 ,0x00 ,0x00 ,0x00
 ,0x00 ,0x00 ,0x00 ,0x00 ,0x00 ,0x00 ,0x00 ,0x00
 ,0x00 ,0x00 ,0x00 ,0x00 ,0x00 ,0x00 ,0x00 ,0x00
 ,0x00 ,0x00 ,0x00 ,0x00 ,0x00 ,0x00 ,0x00 ,0x00
 ,0x00 ,0x00 ,0x00 ,0x00 ,0x00 ,0x00 ,0x00 ,0x00
 ,0x00 ,0x00 ,0x00 ,0x00 ,0x00 ,0x00 ,0x00 ,0x00
 ,0x00 ,0x00 ,0x00 ,0x00 ,0x00 ,0x00 ,0x00 ,0x00
 ,0x00 ,0x00 ,0x00 ,0x00 ,0x00 ,0x00 ,0x00 ,0x00
 ,0x00 ,0x00 ,0x00 ,0x00 ,0x00 ,0x00 ,0x00 ,0x00
 ,0x00 ,0x00 ,0x00 ,0x00 ,0x00 ,0x00 ,0x00 ,0x00
 ,0x00 ,0x00 ,0x00 ,0x00 ,0x00 ,0x00 ,0x00 ,0x00
 ,0x00 ,0x00 ,0x00 ,0x00 ,0x00 ,0x00 ,0x00 ,0x00
 ,0x00 ,0x00 ,0x00 ,0x00 ,0x00 ,0x00 ,0x00 ,0x00
 ,0x00 ,0x00 ,0x00 ,0x00 ,0x00 ,0x00 ,0x00 ,0x00
 ,0x00 ,0x00 ,0x00 ,0x00 ,0x00 ,0x00 ,0x00 ,0x00
 ,0x00 ,0x00 ,0x00 ,0x00 ,0x00 ,0x00 ,0x00 ,0x00
 ,0x00 ,0x00 ,0x00 ,0x00 ,0x00 ,0x00 ,0x00 ,0x00
 ,0x00 ,0x00 ,0x00 ,0x00 ,0x00 ,0x00 ,0x00 ,0x00
 ,0x00 ,0x00 ,0x00 ,0x00 ,0x00 ,0x00 ,0x00 ,0x00
 ,0x00 ,0x00 ,0x00 ,0x00 ,0x00 ,0x00 ,0x00 ,0x00
 ,0x00 ,0x00 ,0x00 ,0x00 ,0x00 ,0x00 ,0x00 ,0x00
 ,0x00 ,0x00 ,0x00 ,0x00 ,0x00 ,0x00 ,0x00 ,0x00
 ,0x00 ,0x00 ,0x00 ,0x00 ,0x00 ,0x00 ,0x00 ,0x00
 ,0x00 ,0x00 ,0x00 ,0x00 ,0x00 ,0x00 ,0x00 ,0x00
 ,0x00 ,0x00 ,0x00 ,0x00 ,0x00 ,0x00 ,0x00 ,0x00
 ,0x00 ,0x00 ,0x00 ,0x00 ,0x00 ,0x00 ,0x00 ,0x00
 ,0x00 ,0x00 ,0x00 ,0x00 ,0x00 ,0x00 ,0x00 ,0x00
 ,0x00 ,0x00 ,0x00 ,0x00 ,0x00 ,0x00 ,0x00 ,0x00
 ,0x00 ,0x00 ,0x00 ,0x00 ,0x00 ,0x00 ,0x00 ,0x00
 ,0x00 ,0x00 ,0x00 ,0x00 ,0x00 ,0x00 ,0x00 ,0x00
 ,0x00 ,0x00 ,0x00 ,0x00 ,0x00 ,0x00 ,0x00 ,0x00
 ,0x00 ,0x00 ,0x00 ,0x00 ,0x00 ,0x00 ,0x00 ,0x00
 ,0x00 ,0x00 ,0x00 ,0x00 ,0x00 ,0x00 ,0x00 ,0x00
 ,0x00 ,0x00 ,0x00 ,0x00 ,0x00 ,0x00 ,0x00 ,0x00
 ,0x00 ,0x00 ,0x00 ,0x00 ,0x00 ,0x00 ,0x00 ,0x00
 ,0x00 ,0x00 ,0x00 ,0x00 ,0x00 ,0x00 ,0x00 ,0x00
 ,0x00 ,0x00 ,0x00 ,0x00 ,0x00 ,0x00 ,0x00 ,0x00
 ,0x00 ,0x00 ,0x00 ,0x00 ,0x00 ,0x00 ,0x00 ,0x00
 ,0x00 ,0x00 ,0x00 ,0x00 ,0x00 ,0x00 ,0x00 ,0x00
 ,0x00 ,0x00 ,0x00 ,0x00 ,0x00 ,0x00 ,0x00 ,0x00
 ,0x00 ,0x00 ,0x00 ,0x00 ,0x00 ,0x00 ,0x00 ,0x00
 ,0x00 ,0x00 ,0x00 ,0x00 ,0x00 ,0x00 ,0x00 ,0x00
 ,0x00 ,0x00 ,0x00 ,0x00 ,0x00 ,0x00 ,0x00 ,0x00
 ,0x00 ,0x00 ,0x00 ,0x00 ,0x00 ,0x00 ,0x00 ,0x00
 ,0x00 ,0x00 ,0x00 ,0x00 ,0x00 ,0x00 ,0x00 ,0x00
 ,0x00 ,0x00 ,0x00 ,0x00 ,0x00 ,0x00 ,0x00 ,0x00
 ,0x00 ,0x00 ,0x00 ,0x00 ,0x00 ,0x00 ,0x00 ,0x00
 ,0x00 ,0x00 ,0x00 ,0x00 ,0x00 ,0x00 ,0x00 ,0x00
 ,0x00 ,0x00 ,0x00 ,0x00 ,0x00 ,0x00 ,0x00 ,0x00
 ,0x00 ,0x00 ,0x00 ,0x00 ,0x00 ,0x00 ,0x00 ,0x00
 ,0x00 ,0x00 ,0x00 ,0x00 ,0x00 ,0x00 ,0x00 ,0x00
 ,0x00 ,0x00 ,0x00 ,0x00 ,0x00 ,0x00 ,0x00 ,0x00
 ,0x00 ,0x00 ,0x00 ,0x00 ,0x00 ,0x00 ,0x00 ,0x00
 ,0x00 ,0x00 ,0x00 ,0x00 ,0x00 ,0x00 ,0x00 ,0x00
 ,0x00 ,0x00 ,0x00 ,0x00 ,0x00 ,0x00 ,0x00 ,0x00
 ,0x00 ,0x00 ,0x00 ,0x00 ,0x00 ,0x00 ,0x00 ,0x00
 ,0x00 ,0x00 ,0x00 ,0x00 ,0x00 ,0x00 ,0x00 ,0x00
 ,0x00 ,0x00 ,0x00 ,0x00 ,0x00 ,0x00 ,0x00 ,0x00
 ,0x00 ,0x00 ,0x00 ,0x00 ,0x00 ,0x00 ,0x00 ,0x00
 ,0x00 ,0x00 ,0x00 ,0x00 ,0x00 ,0x00 ,0x00 ,0x00
 ,0x00 ,0x00 ,0x00 ,0x00 ,0x00 ,0x00 ,0x00 ,0x00
 ,0x00 ,0x00 ,0x00 ,0x00 ,0x00 ,0x00 ,0x00 ,0x00
 ,0x00 ,0x00 ,0x00 ,0x00 ,0x00 ,0x00 ,0x00 ,0x00
 ,0x00 ,0x00 ,0x00 ,0x00 ,0x00 ,0x00 ,0x00 ,0x00
 ,0x00 ,0x00 ,0x00 ,0x00 ,0x00 ,0x00 ,0x00 ,0x00
 ,0x00 ,0x00 ,0x00 ,0x00 ,0x00 ,0x00 ,0x00 ,0x00
 ,0x00 ,0x00 ,0x00 ,0x00 ,0x00 ,0x00 ,0x00 ,0x00
 ,0x00 ,0x00 ,0x00 ,0x00 ,0x00 ,0x00 ,0x00 ,0x00
 ,0x00 ,0x00 ,0x00 ,0x00 ,0x00 ,0x00 ,0x00 ,0x00
 ,0x00 ,0x00 ,0x00 ,0x00 ,0x00 ,0x00 ,0x00 ,0x00
 ,0x00 ,0x00 ,0x00 ,0x00 ,0x00 ,0x00 ,0x00 ,0x00
 ,0x00 ,0x00 ,0x00 ,0x00 ,0x00 ,0x00 ,0x00 ,0x00
 ,0x00 ,0x00 ,0x00 ,0x00 ,0x00 ,0x00 ,0x00 ,0x00
 ,0x00 ,0x00 ,0x00 ,0x00 ,0x00 ,0x00 ,0x00 ,0x00
 ,0x00 ,0x00 ,0x00 ,0x00 ,0x00 ,0x00 ,0x00 ,0x00
 ,0x00 ,0x00 ,0x00 ,0x00 ,0x00 ,0x00 ,0x00 ,0x00
 ,0x00 ,0x00 ,0x00 ,0x00 ,0x00 ,0x00 ,0x00 ,0x00
 ,0x00 ,0x00 ,0x00 ,0x00 ,0x00 ,0x00 ,0x00 ,0x00
 ,0x00 ,0x00 ,0x00 ,0x00 ,0x00 ,0x00 ,0x00 ,0x00
 ,0x00 ,0x00 ,0x00 ,0x00 ,0x00 ,0x00 ,0x00 ,0x00
 ,0x00 ,0x00 ,0x00 ,0x00 ,0x00 ,0x00 ,0x00 ,0x00
 ,0x00 ,0x00 ,0x00 ,0x00 ,0x00 ,0x00 ,0x00 ,0x00
 ,0x00 ,0x00 ,0x00 ,0x00 ,0x00 ,0x00 ,0x00 ,0x00
 ,0x00 ,0x00 ,0x00 ,0x00 ,0x00 ,0x00 ,0x00 ,0x00
 ,0x00 ,0x00 ,0x00 ,0x00 ,0x00 ,0x00 ,0x00 ,0x00
 ,0x00 ,0x00 ,0x00 ,0x00 ,0x00 ,0x00 ,0x00 ,0x00
 ,0x00 ,0x00 ,0x00 ,0x00 ,0x00


 /* EFS file:  RegistrationConfiguration , Size = 1025 bytes 
   Path on Disk: /nv/item_files/ims/RegistrationConfiguration */ 

 ,0x3E ,0x04 ,0x00 ,0x00 ,0x02 ,0x19 ,0x00 ,0x00
 ,0x01, 0x00 ,0x2D ,0x00 ,0x2F ,0x6E ,0x76 ,0x2F
 ,0x69 ,0x74 ,0x65 ,0x6D ,0x5F ,0x66 ,0x69 ,0x6C
 ,0x65 ,0x73 ,0x2F ,0x69 ,0x6D ,0x73 ,0x2F ,0x52
 ,0x65 ,0x67 ,0x69 ,0x73 ,0x74 ,0x72 ,0x61 ,0x74
 ,0x69 ,0x6F ,0x6E ,0x43 ,0x6F ,0x6E ,0x66 ,0x69
 ,0x67 ,0x75 ,0x72 ,0x61 ,0x74 ,0x69 ,0x6F ,0x6E
 ,0x00
 ,0x02 ,0x00 ,0x01 ,0x04 ,0x07 ,0x00 ,0x00 ,0x00
 ,0x1E ,0x00 ,0x08 ,0x07 ,0x00 ,0x00 ,0x00 ,0x00
 ,0x00 ,0x00 ,0x00 ,0x00 ,0x00 ,0x00 ,0x00 ,0x00
 ,0x00 ,0x00 ,0x00 ,0x00 ,0x00 ,0x00 ,0x00 ,0x00
 ,0x00 ,0x00 ,0x00 ,0x00 ,0x00 ,0x00 ,0x00 ,0x00
 ,0x00 ,0x00 ,0x00 ,0x00 ,0x00 ,0x00 ,0x00 ,0x00
 ,0x00 ,0x00 ,0x00 ,0x00 ,0x00 ,0x00 ,0x00 ,0x00
 ,0x00 ,0x00 ,0x00 ,0x00 ,0x00 ,0x00 ,0x00 ,0x00
 ,0x00 ,0x00 ,0x00 ,0x00 ,0x00 ,0x00 ,0x00 ,0x00
 ,0x00 ,0x00 ,0x00 ,0x00 ,0x00 ,0x00 ,0x00 ,0x00
 ,0x00 ,0x00 ,0x00 ,0x00 ,0x00 ,0x00 ,0x00 ,0x00
 ,0x00 ,0x00 ,0x00 ,0x00 ,0x00 ,0x00 ,0x00 ,0x00
 ,0x00 ,0x00 ,0x00 ,0x00 ,0x00 ,0x00 ,0x00 ,0x00
 ,0x00 ,0x00 ,0x00 ,0x00 ,0x00 ,0x00 ,0x00 ,0x00
 ,0x00 ,0x00 ,0x00 ,0x00 ,0x00 ,0x00 ,0x00 ,0x00
 ,0x00 ,0x00 ,0x00 ,0x00 ,0x00 ,0x00 ,0x00 ,0x00
 ,0x00 ,0x00 ,0x00 ,0x00 ,0x00 ,0x00 ,0x00 ,0x00
 ,0x00 ,0x00 ,0x00 ,0x00 ,0x00 ,0x00 ,0x00 ,0x00
 ,0x00 ,0x00 ,0x00 ,0x00 ,0x00 ,0x00 ,0x00 ,0x00
 ,0x00 ,0x00 ,0x00 ,0x00 ,0x00 ,0x00 ,0x00 ,0x00
 ,0x00 ,0x00 ,0x00 ,0x00 ,0x00 ,0x00 ,0x00 ,0x00
 ,0x00 ,0x00 ,0x00 ,0x00 ,0x00 ,0x00 ,0x00 ,0x00
 ,0x00 ,0x00 ,0x00 ,0x00 ,0x00 ,0x00 ,0x00 ,0x00
 ,0x00 ,0x00 ,0x00 ,0x00 ,0x00 ,0x00 ,0x00 ,0x00
 ,0x00 ,0x00 ,0x00 ,0x00 ,0x00 ,0x00 ,0x00 ,0x00
 ,0x00 ,0x00 ,0x00 ,0x00 ,0x00 ,0x00 ,0x00 ,0x00
 ,0x00 ,0x00 ,0x00 ,0x00 ,0x00 ,0x00 ,0x00 ,0x00
 ,0x00 ,0x00 ,0x00 ,0x00 ,0x00 ,0x00 ,0x00 ,0x00
 ,0x00 ,0x00 ,0x00 ,0x00 ,0x00 ,0x00 ,0x00 ,0x00
 ,0x00 ,0x00 ,0x00 ,0x00 ,0x00 ,0x00 ,0x00 ,0x00
 ,0x00 ,0x00 ,0x00 ,0x00 ,0x00 ,0x00 ,0x00 ,0x00
 ,0x00 ,0x00 ,0x00 ,0x00 ,0x00 ,0x00 ,0x00 ,0x00
 ,0x00 ,0x00 ,0x00 ,0x00 ,0x00 ,0x00 ,0x00 ,0x00
 ,0x00 ,0x00 ,0x00 ,0x00 ,0xC4 ,0x13 ,0x00 ,0x00
 ,0x00 ,0x00 ,0x00 ,0x00 ,0x00 ,0x00 ,0x00 ,0x00
 ,0x00 ,0x00 ,0x00 ,0x00 ,0x00 ,0x00 ,0x00 ,0x00
 ,0x00 ,0x00 ,0x00 ,0x00 ,0x00 ,0x00 ,0x00 ,0x00
 ,0x00 ,0x00 ,0x00 ,0x00 ,0x00 ,0x00 ,0x00 ,0x00
 ,0x00 ,0x00 ,0x00 ,0x00 ,0x00 ,0x00 ,0x00 ,0x00
 ,0x00 ,0x00 ,0x00 ,0x00 ,0x00 ,0x00 ,0x00 ,0x00
 ,0x00 ,0x00 ,0x00 ,0x00 ,0x00 ,0x00 ,0x00 ,0x00
 ,0x00 ,0x00 ,0x00 ,0x00 ,0x00 ,0x00 ,0x00 ,0x00
 ,0x00 ,0x00 ,0x00 ,0x00 ,0x00 ,0x00 ,0x00 ,0x00
 ,0x00 ,0x00 ,0x00 ,0x00 ,0x00 ,0x00 ,0x00 ,0x00
 ,0x00 ,0x00 ,0x00 ,0x00 ,0x00 ,0x00 ,0x00 ,0x00
 ,0x00 ,0x00 ,0x00 ,0x00 ,0x00 ,0x00 ,0x00 ,0x00
 ,0x00 ,0x00 ,0x00 ,0x00 ,0x00 ,0x00 ,0x00 ,0x00
 ,0x00 ,0x00 ,0x00 ,0x00 ,0x00 ,0x00 ,0x00 ,0x00
 ,0x00 ,0x00 ,0x00 ,0x00 ,0x00 ,0x00 ,0x00 ,0x00
 ,0x00 ,0x00 ,0x00 ,0x00 ,0x00 ,0x00 ,0x00 ,0x00
 ,0x00 ,0x00 ,0x00 ,0x00 ,0x00 ,0x00 ,0x00 ,0x00
 ,0x00 ,0x00 ,0x00 ,0x00 ,0x00 ,0x00 ,0x00 ,0x00
 ,0x00 ,0x00 ,0x00 ,0x00 ,0x00 ,0x00 ,0x00 ,0x00
 ,0x00 ,0x00 ,0x00 ,0x00 ,0x00 ,0x00 ,0x00 ,0x00
 ,0x00 ,0x00 ,0x00 ,0x00 ,0x00 ,0x00 ,0x00 ,0x00
 ,0x00 ,0x00 ,0x00 ,0x00 ,0x00 ,0x00 ,0x00 ,0x00
 ,0x00 ,0x00 ,0x00 ,0x00 ,0x00 ,0x00 ,0x00 ,0x00
 ,0x00 ,0x00 ,0x00 ,0x00 ,0x00 ,0x00 ,0x00 ,0x00
 ,0x00 ,0x00 ,0x00 ,0x00 ,0x00 ,0x00 ,0x00 ,0x00
 ,0x00 ,0x00 ,0x00 ,0x00 ,0x00 ,0x00 ,0x00 ,0x00
 ,0x00 ,0x00 ,0x00 ,0x00 ,0x00 ,0x00 ,0x00 ,0x00
 ,0x00 ,0x00 ,0x00 ,0x00 ,0x00 ,0x00 ,0x00 ,0x00
 ,0x00 ,0x00 ,0x00 ,0x00 ,0x00 ,0x00 ,0x00 ,0x00
 ,0x00 ,0x00 ,0x00 ,0x00 ,0x00 ,0x00 ,0x00 ,0x00
 ,0x00 ,0x00 ,0x00 ,0x00 ,0x00 ,0x00 ,0x00 ,0x00
 ,0x00 ,0x00 ,0x00 ,0x00 ,0x00 ,0x00 ,0x00 ,0x00
 ,0x00 ,0x00 ,0x00 ,0x00 ,0x00 ,0x00 ,0x00 ,0x00
 ,0x00 ,0x00 ,0x00 ,0x00 ,0x00 ,0x00 ,0x00 ,0x00
 ,0x00 ,0x00 ,0x00 ,0x00 ,0x00 ,0x00 ,0x00 ,0x00
 ,0x00 ,0x00 ,0x00 ,0x00 ,0x00 ,0x00 ,0x00 ,0x00
 ,0x00 ,0x00 ,0x00 ,0x00 ,0x00 ,0x00 ,0x00 ,0x00
 ,0x00 ,0x00 ,0x00 ,0x00 ,0x00 ,0x00 ,0x00 ,0x00
 ,0x00 ,0x00 ,0x00 ,0x00 ,0x00 ,0x00 ,0x00 ,0x00
 ,0x00 ,0x00 ,0x00 ,0x00 ,0x00 ,0x00 ,0x00 ,0x00
 ,0x00 ,0x00 ,0x00 ,0x00 ,0x00 ,0x00 ,0x00 ,0x00
 ,0x00 ,0x00 ,0x00 ,0x00 ,0x00 ,0x00 ,0x00 ,0x00
 ,0x00 ,0x00 ,0x00 ,0x00 ,0x00 ,0x00 ,0x00 ,0x00
 ,0x00 ,0x00 ,0x00 ,0x00 ,0x00 ,0x00 ,0x00 ,0x00
 ,0x00 ,0x00 ,0x00 ,0x00 ,0x00 ,0x00 ,0x00 ,0x00
 ,0x00 ,0x00 ,0x00 ,0x00 ,0x00 ,0x00 ,0x00 ,0x00
 ,0x00 ,0x00 ,0x00 ,0x00 ,0x00 ,0x00 ,0x00 ,0x00
 ,0x00 ,0x00 ,0x00 ,0x00 ,0x00 ,0x00 ,0x00 ,0x00
 ,0x00 ,0x00 ,0x00 ,0x00 ,0x00 ,0x00 ,0x00 ,0x00
 ,0x00 ,0x00 ,0x00 ,0x00 ,0x00 ,0x00 ,0x00 ,0x00
 ,0x00 ,0x00 ,0x00 ,0x00 ,0x00 ,0x00 ,0x00 ,0x00
 ,0x00 ,0x00 ,0x00 ,0x00 ,0x00 ,0x00 ,0x00 ,0x00
 ,0x00 ,0x00 ,0x00 ,0x00 ,0x00 ,0x00 ,0x00 ,0x00
 ,0x00 ,0x00 ,0x00 ,0x00 ,0x00 ,0x00 ,0x00 ,0x00
 ,0x00 ,0x00 ,0x00 ,0x00 ,0x00 ,0x00 ,0x00 ,0x00
 ,0x00 ,0x00 ,0x00 ,0x00 ,0x00 ,0x00 ,0x00 ,0x00
 ,0x00 ,0x00 ,0x00 ,0x00 ,0x00 ,0x00 ,0x00 ,0x00
 ,0x00 ,0x00 ,0x00 ,0x00 ,0x00 ,0x00 ,0x00 ,0x00
 ,0x00 ,0x00 ,0x00 ,0x00 ,0x00 ,0x00 ,0x00 ,0x00
 ,0x00 ,0x00 ,0x00 ,0x00 ,0x00 ,0x00 ,0x00 ,0x00
 ,0x00 ,0x00 ,0x00 ,0x00 ,0x00 ,0x00 ,0x00 ,0x00
 ,0x00 ,0x00 ,0x00 ,0x00 ,0x00 ,0x00 ,0x00 ,0x00
 ,0x00 ,0x00 ,0x00 ,0x00 ,0x00 ,0x00 ,0x00 ,0x00
 ,0x00 ,0x00 ,0x00 ,0x00 ,0x00 ,0x00 ,0x00 ,0x00
 ,0x00 ,0x00 ,0x00 ,0x00 ,0x00 ,0x00 ,0x00 ,0x00
 ,0x00 ,0x00 ,0x00 ,0x00 ,0x00 ,0x00 ,0x00 ,0x00
 ,0x00 ,0x00 ,0x00 ,0x00 ,0x00 ,0x00 ,0x00 ,0x00
 ,0x00 ,0x00 ,0x00 ,0x00 ,0x00 ,0x00 ,0x00 ,0x00
 ,0x00 ,0x00 ,0x00 ,0x00 ,0x00 ,0x00 ,0x00 ,0x00
 ,0x00 ,0x00 ,0x00 ,0x00 ,0x00 ,0x00 ,0x00 ,0x00
 ,0x00 ,0x00 ,0x00 ,0x00 ,0x00 ,0x00 ,0x00 ,0x00
 ,0x00 ,0x00 ,0x00 ,0x00 ,0x00 ,0x00 ,0x00 ,0x00
 ,0x00 ,0x00 ,0x00 ,0x00 ,0x00 ,0x00 ,0x00 ,0x00
 ,0x00 ,0x00 ,0x00 ,0x00 ,0x00 ,0x00 ,0x00 ,0x00
 ,0x00 ,0x00 ,0x00 ,0x00 ,0x00 ,0x00 ,0x00 ,0x00
 ,0x00 ,0x00 ,0x00 ,0x00 ,0x00 ,0x00 ,0x00 ,0x00
 ,0x00 ,0x00 ,0x00 ,0x00 ,0x00 ,0x00 ,0x00 ,0x00
 ,0x00 ,0x00 ,0x00 ,0x00 ,0x00 ,0x00 ,0x00 ,0x00
 ,0x00 ,0x00 ,0x00 ,0x00 ,0x00 ,0x00 ,0x00 ,0x00
 ,0x00 ,0x00 ,0x00 ,0x00 ,0x00 ,0x00 ,0x00 ,0x00
 ,0x00 ,0x00 ,0x00 ,0x00 ,0x00 ,0x00 ,0x00 ,0x00
 ,0x00 ,0x00 ,0x00 ,0x00 ,0x00 ,0x00 ,0x00 ,0x00
 ,0x00 ,0x00 ,0x00 ,0x00 ,0x00 ,0x00 ,0x00 ,0x00
 ,0x00 ,0x00 ,0x00 ,0x00 ,0x00 ,0x00 ,0x00 ,0x00
 ,0x00 ,0x00 ,0x00 ,0x00 ,0x00 ,0x00 ,0x00 ,0x00
 ,0x00 ,0x00 ,0x00 ,0x00 ,0x00 ,0x00 ,0x00 ,0x00
 ,0x00 ,0x00 ,0x00 ,0x00 ,0x00 ,0x00 ,0x00 ,0x00
 ,0x00 ,0x00 ,0x00 ,0x00 ,0x00 ,0x00 ,0x00 ,0x00
 ,0x00 ,0x00 ,0x00 ,0x00 ,0x00 ,0x00 ,0x00 ,0x00
 ,0x00 ,0x00 ,0x00 ,0x00 ,0x00 ,0x00 ,0x00 ,0x00
 ,0x00 ,0x00 ,0x00 ,0x00 ,0x00 ,0x00 ,0x00 ,0x00
 ,0x00 ,0x00 ,0x00 ,0x00 ,0x00 ,0x00 ,0x00 ,0x00
 ,0x00 ,0x00 ,0x00 ,0x00 ,0x00 ,0x00 ,0x00 ,0x00
 ,0x00 ,0x00 ,0x00 ,0x00 ,0x00 ,0x00 ,0x00 ,0x00
 ,0x00 ,0x00 ,0x00 ,0x00 ,0x00


 /* EFS file:  SMSConfiguration , Size = 1025 bytes 
   Path on Disk: /nv/item_files/ims/SMSConfiguration */ 

 ,0x35 ,0x04 ,0x00 ,0x00 ,0x02 ,0x19 ,0x00 ,0x00
 ,0x01, 0x00 ,0x24 ,0x00 ,0x2F ,0x6E ,0x76 ,0x2F
 ,0x69 ,0x74 ,0x65 ,0x6D ,0x5F ,0x66 ,0x69 ,0x6C
 ,0x65 ,0x73 ,0x2F ,0x69 ,0x6D ,0x73 ,0x2F ,0x53
 ,0x4D ,0x53 ,0x43 ,0x6F ,0x6E ,0x66 ,0x69 ,0x67
 ,0x75 ,0x72 ,0x61 ,0x74 ,0x69 ,0x6F ,0x6E ,0x00
 ,0x02 ,0x00 ,0x01 ,0x04 ,0x07 ,0x00 ,0x01 ,0x00
 ,0x00 ,0x00 ,0x00 ,0x00 ,0x00 ,0x00 ,0x00 ,0x00
 ,0x00 ,0x00 ,0x00 ,0x00 ,0x00 ,0x00 ,0x00 ,0x00
 ,0x00 ,0x00 ,0x00 ,0x00 ,0x00 ,0x00 ,0x00 ,0x00
 ,0x00 ,0x00 ,0x00 ,0x00 ,0x00 ,0x00 ,0x00 ,0x00
 ,0x00 ,0x00 ,0x00 ,0x00 ,0x00 ,0x00 ,0x00 ,0x00
 ,0x00 ,0x00 ,0x00 ,0x00 ,0x00 ,0x00 ,0x00 ,0x00
 ,0x00 ,0x00 ,0x00 ,0x00 ,0x00 ,0x00 ,0x00 ,0x00
 ,0x00 ,0x00 ,0x00 ,0x00 ,0x00 ,0x00 ,0x00 ,0x00
 ,0x00 ,0x00 ,0x00 ,0x00 ,0x00 ,0x00 ,0x00 ,0x00
 ,0x00 ,0x00 ,0x00 ,0x00 ,0x00 ,0x00 ,0x00 ,0x00
 ,0x00 ,0x00 ,0x00 ,0x00 ,0x00 ,0x00 ,0x00 ,0x00
 ,0x00 ,0x00 ,0x00 ,0x00 ,0x00 ,0x00 ,0x00 ,0x00
 ,0x00 ,0x00 ,0x00 ,0x00 ,0x00 ,0x00 ,0x00 ,0x00
 ,0x00 ,0x00 ,0x00 ,0x00 ,0x00 ,0x00 ,0x00 ,0x00
 ,0x00 ,0x00 ,0x00 ,0x00 ,0x00 ,0x00 ,0x00 ,0x00
 ,0x00 ,0x00 ,0x00 ,0x00 ,0x00 ,0x00 ,0x00 ,0x00
 ,0x00 ,0x00 ,0x00 ,0x00 ,0x00 ,0x00 ,0x00 ,0x00
 ,0x00 ,0x00 ,0x00 ,0x00 ,0x00 ,0x00 ,0x00 ,0x00
 ,0x00 ,0x00 ,0x00 ,0x00 ,0x00 ,0x00 ,0x00 ,0x00
 ,0x00 ,0x00 ,0x00 ,0x00 ,0x00 ,0x00 ,0x00 ,0x00
 ,0x00 ,0x00 ,0x00 ,0x00 ,0x00 ,0x00 ,0x00 ,0x00
 ,0x00 ,0x00 ,0x00 ,0x00 ,0x00 ,0x00 ,0x00 ,0x00
 ,0x00 ,0x00 ,0x00 ,0x00 ,0x00 ,0x00 ,0x00 ,0x00
 ,0x00 ,0x00 ,0x00 ,0x00 ,0x00 ,0x00 ,0x00 ,0x00
 ,0x00 ,0x00 ,0x00 ,0x00 ,0x00 ,0x00 ,0x00 ,0x00
 ,0x00 ,0x00 ,0x00 ,0x00 ,0x00 ,0x00 ,0x00 ,0x00
 ,0x00 ,0x00 ,0x00 ,0x00 ,0x00 ,0x00 ,0x00 ,0x00
 ,0x00 ,0x00 ,0x00 ,0x00 ,0x00 ,0x00 ,0x00 ,0x00
 ,0x00 ,0x00 ,0x00 ,0x00 ,0x00 ,0x00 ,0x00 ,0x00
 ,0x00 ,0x00 ,0x00 ,0x00 ,0x00 ,0x00 ,0x00 ,0x00
 ,0x00 ,0x00 ,0x00 ,0x00 ,0x00 ,0x00 ,0x00 ,0x00
 ,0x00 ,0x00 ,0x00 ,0x00 ,0x00 ,0x00 ,0x00 ,0x00
 ,0x00 ,0x00 ,0x00 ,0x00 ,0x00 ,0x00 ,0x00 ,0x00
 ,0x00 ,0x00 ,0x00 ,0x00 ,0x00 ,0x00 ,0x00 ,0x00
 ,0x00 ,0x00 ,0x00 ,0x00 ,0x00 ,0x00 ,0x00 ,0x00
 ,0x00 ,0x00 ,0x00 ,0x00 ,0x00 ,0x00 ,0x00 ,0x00
 ,0x00 ,0x00 ,0x00 ,0x00 ,0x00 ,0x00 ,0x00 ,0x00
 ,0x00 ,0x00 ,0x00 ,0x00 ,0x00 ,0x00 ,0x00 ,0x00
 ,0x00 ,0x00 ,0x00 ,0x00 ,0x00 ,0x00 ,0x00 ,0x00
 ,0x00 ,0x00 ,0x00 ,0x00 ,0x00 ,0x00 ,0x00 ,0x00
 ,0x00 ,0x00 ,0x00 ,0x00 ,0x00 ,0x00 ,0x00 ,0x00
 ,0x00 ,0x00 ,0x00 ,0x00 ,0x00 ,0x00 ,0x00 ,0x00
 ,0x00 ,0x00 ,0x00 ,0x00 ,0x00 ,0x00 ,0x00 ,0x00
 ,0x00 ,0x00 ,0x00 ,0x00 ,0x00 ,0x00 ,0x00 ,0x00
 ,0x00 ,0x00 ,0x00 ,0x00 ,0x00 ,0x00 ,0x00 ,0x00
 ,0x00 ,0x00 ,0x00 ,0x00 ,0x00 ,0x00 ,0x00 ,0x00
 ,0x00 ,0x00 ,0x00 ,0x00 ,0x00 ,0x00 ,0x00 ,0x00
 ,0x00 ,0x00 ,0x00 ,0x00 ,0x00 ,0x00 ,0x00 ,0x00
 ,0x00 ,0x00 ,0x00 ,0x00 ,0x00 ,0x00 ,0x00 ,0x00
 ,0x00 ,0x00 ,0x00 ,0x00 ,0x00 ,0x00 ,0x00 ,0x00
 ,0x00 ,0x00 ,0x00 ,0x00 ,0x00 ,0x00 ,0x00 ,0x00
 ,0x00 ,0x00 ,0x00 ,0x00 ,0x00 ,0x00 ,0x00 ,0x00
 ,0x00 ,0x00 ,0x00 ,0x00 ,0x00 ,0x00 ,0x00 ,0x00
 ,0x00 ,0x00 ,0x00 ,0x00 ,0x00 ,0x00 ,0x00 ,0x00
 ,0x00 ,0x00 ,0x00 ,0x00 ,0x00 ,0x00 ,0x00 ,0x00
 ,0x00 ,0x00 ,0x00 ,0x00 ,0x00 ,0x00 ,0x00 ,0x00
 ,0x00 ,0x00 ,0x00 ,0x00 ,0x00 ,0x00 ,0x00 ,0x00
 ,0x00 ,0x00 ,0x00 ,0x00 ,0x00 ,0x00 ,0x00 ,0x00
 ,0x00 ,0x00 ,0x00 ,0x00 ,0x00 ,0x00 ,0x00 ,0x00
 ,0x00 ,0x00 ,0x00 ,0x00 ,0x00 ,0x00 ,0x00 ,0x00
 ,0x00 ,0x00 ,0x00 ,0x00 ,0x00 ,0x00 ,0x00 ,0x00
 ,0x00 ,0x00 ,0x00 ,0x00 ,0x00 ,0x00 ,0x00 ,0x00
 ,0x00 ,0x00 ,0x00 ,0x00 ,0x00 ,0x00 ,0x00 ,0x00
 ,0x00 ,0x00 ,0x00 ,0x00 ,0x00 ,0x00 ,0x00 ,0x00
 ,0x00 ,0x00 ,0x00 ,0x00 ,0x00 ,0x00 ,0x00 ,0x00
 ,0x00 ,0x00 ,0x00 ,0x00 ,0x00 ,0x00 ,0x00 ,0x00
 ,0x00 ,0x00 ,0x00 ,0x00 ,0x00 ,0x00 ,0x00 ,0x00
 ,0x00 ,0x00 ,0x00 ,0x00 ,0x00 ,0x00 ,0x00 ,0x00
 ,0x00 ,0x00 ,0x00 ,0x00 ,0x00 ,0x00 ,0x00 ,0x00
 ,0x00 ,0x00 ,0x00 ,0x00 ,0x00 ,0x00 ,0x00 ,0x00
 ,0x00 ,0x00 ,0x00 ,0x00 ,0x00 ,0x00 ,0x00 ,0x00
 ,0x00 ,0x00 ,0x00 ,0x00 ,0x00 ,0x00 ,0x00 ,0x00
 ,0x00 ,0x00 ,0x00 ,0x00 ,0x00 ,0x00 ,0x00 ,0x00
 ,0x00 ,0x00 ,0x00 ,0x00 ,0x00 ,0x00 ,0x00 ,0x00
 ,0x00 ,0x00 ,0x00 ,0x00 ,0x00 ,0x00 ,0x00 ,0x00
 ,0x00 ,0x00 ,0x00 ,0x00 ,0x00 ,0x00 ,0x00 ,0x00
 ,0x00 ,0x00 ,0x00 ,0x00 ,0x00 ,0x00 ,0x00 ,0x00
 ,0x00 ,0x00 ,0x00 ,0x00 ,0x00 ,0x00 ,0x00 ,0x00
 ,0x00 ,0x00 ,0x00 ,0x00 ,0x00 ,0x00 ,0x00 ,0x00
 ,0x00 ,0x00 ,0x00 ,0x00 ,0x00 ,0x00 ,0x00 ,0x00
 ,0x00 ,0x00 ,0x00 ,0x00 ,0x00 ,0x00 ,0x00 ,0x00
 ,0x00 ,0x00 ,0x00 ,0x00 ,0x00 ,0x00 ,0x00 ,0x00
 ,0x00 ,0x00 ,0x00 ,0x00 ,0x00 ,0x00 ,0x00 ,0x00
 ,0x00 ,0x00 ,0x00 ,0x00 ,0x00 ,0x00 ,0x00 ,0x00
 ,0x00 ,0x00 ,0x00 ,0x00 ,0x00 ,0x00 ,0x00 ,0x00
 ,0x00 ,0x00 ,0x00 ,0x00 ,0x00 ,0x00 ,0x00 ,0x00
 ,0x00 ,0x00 ,0x00 ,0x00 ,0x00 ,0x00 ,0x00 ,0x00
 ,0x00 ,0x00 ,0x00 ,0x00 ,0x00 ,0x00 ,0x00 ,0x00
 ,0x00 ,0x00 ,0x00 ,0x00 ,0x00 ,0x00 ,0x00 ,0x00
 ,0x00 ,0x00 ,0x00 ,0x00 ,0x00 ,0x00 ,0x00 ,0x00
 ,0x00 ,0x00 ,0x00 ,0x00 ,0x00 ,0x00 ,0x00 ,0x00
 ,0x00 ,0x00 ,0x00 ,0x00 ,0x00 ,0x00 ,0x00 ,0x00
 ,0x00 ,0x00 ,0x00 ,0x00 ,0x00 ,0x00 ,0x00 ,0x00
 ,0x00 ,0x00 ,0x00 ,0x00 ,0x00 ,0x00 ,0x00 ,0x00
 ,0x00 ,0x00 ,0x00 ,0x00 ,0x00 ,0x00 ,0x00 ,0x00
 ,0x00 ,0x00 ,0x00 ,0x00 ,0x00 ,0x00 ,0x00 ,0x00
 ,0x00 ,0x00 ,0x00 ,0x00 ,0x00 ,0x00 ,0x00 ,0x00
 ,0x00 ,0x00 ,0x00 ,0x00 ,0x00 ,0x00 ,0x00 ,0x00
 ,0x00 ,0x00 ,0x00 ,0x00 ,0x00 ,0x00 ,0x00 ,0x00
 ,0x00 ,0x00 ,0x00 ,0x00 ,0x00 ,0x00 ,0x00 ,0x00
 ,0x00 ,0x00 ,0x00 ,0x00 ,0x00 ,0x00 ,0x00 ,0x00
 ,0x00 ,0x00 ,0x00 ,0x00 ,0x00 ,0x00 ,0x00 ,0x00
 ,0x00 ,0x00 ,0x00 ,0x00 ,0x00 ,0x00 ,0x00 ,0x00
 ,0x00 ,0x00 ,0x00 ,0x00 ,0x00 ,0x00 ,0x00 ,0x00
 ,0x00 ,0x00 ,0x00 ,0x00 ,0x00 ,0x00 ,0x00 ,0x00
 ,0x00 ,0x00 ,0x00 ,0x00 ,0x00 ,0x00 ,0x00 ,0x00
 ,0x00 ,0x00 ,0x00 ,0x00 ,0x00 ,0x00 ,0x00 ,0x00
 ,0x00 ,0x00 ,0x00 ,0x00 ,0x00 ,0x00 ,0x00 ,0x00
 ,0x00 ,0x00 ,0x00 ,0x00 ,0x00 ,0x00 ,0x00 ,0x00
 ,0x00 ,0x00 ,0x00 ,0x00 ,0x00 ,0x00 ,0x00 ,0x00
 ,0x00 ,0x00 ,0x00 ,0x00 ,0x00 ,0x00 ,0x00 ,0x00
 ,0x00 ,0x00 ,0x00 ,0x00 ,0x00 ,0x00 ,0x00 ,0x00
 ,0x00 ,0x00 ,0x00 ,0x00 ,0x00 ,0x00 ,0x00 ,0x00
 ,0x00 ,0x00 ,0x00 ,0x00 ,0x00 ,0x00 ,0x00 ,0x00
 ,0x00 ,0x00 ,0x00 ,0x00 ,0x00 ,0x00 ,0x00 ,0x00
 ,0x00 ,0x00 ,0x00 ,0x00 ,0x00 ,0x00 ,0x00 ,0x00
 ,0x00 ,0x00 ,0x00 ,0x00 ,0x00 ,0x00 ,0x00 ,0x00
 ,0x00 ,0x00 ,0x00 ,0x00 ,0x00 ,0x00 ,0x00 ,0x00
 ,0x00 ,0x00 ,0x00 ,0x00 ,0x00 ,0x00 ,0x00 ,0x00
 ,0x00 ,0x00 ,0x00 ,0x00 ,0x00 ,0x00 ,0x00 ,0x00
 ,0x00 ,0x00 ,0x00 ,0x00 ,0x00 ,0x00 ,0x00 ,0x00
 ,0x00 ,0x00 ,0x00 ,0x00 ,0x00 ,0x00 ,0x00 ,0x00
 ,0x00 ,0x00 ,0x00 ,0x00 ,0x00 ,0x00 ,0x00 ,0x00
 ,0x00 ,0x00 ,0x00 ,0x00 ,0x00 ,0x00 ,0x00 ,0x00
 ,0x00 ,0x00 ,0x00 ,0x00 ,0x00 ,0x00 ,0x00 ,0x00
 ,0x00 ,0x00 ,0x00 ,0x00 ,0x00 ,0x00 ,0x00 ,0x00
 ,0x00 ,0x00 ,0x00 ,0x00 ,0x00 ,0x00 ,0x00 ,0x00
 ,0x00 ,0x00 ,0x00 ,0x00 ,0x00


 /* EFS file:  DANConfiguration , Size = 1025 bytes 
   Path on Disk: /nv/item_files/ims/DANConfiguration */ 

 ,0x35 ,0x04 ,0x00 ,0x00 ,0x02 ,0x19 ,0x00 ,0x00
 ,0x01, 0x00 ,0x24 ,0x00 ,0x2F ,0x6E ,0x76 ,0x2F
 ,0x69 ,0x74 ,0x65 ,0x6D ,0x5F ,0x66 ,0x69 ,0x6C
 ,0x65 ,0x73 ,0x2F ,0x69 ,0x6D ,0x73 ,0x2F ,0x44
 ,0x41 ,0x4E ,0x43 ,0x6F ,0x6E ,0x66 ,0x69 ,0x67
 ,0x75 ,0x72 ,0x61 ,0x74 ,0x69 ,0x6F ,0x6E ,0x00
 ,0x02 ,0x00 ,0x01 ,0x04 ,0x07 ,0x00 ,0x31 ,0x30
 ,0x31 ,0x33 ,0x38 ,0x00 ,0x00 ,0x00 ,0x00 ,0x00
 ,0x00 ,0x00 ,0x00 ,0x00 ,0x00 ,0x00 ,0x00 ,0x00
 ,0x00 ,0x00 ,0x00 ,0x00 ,0x00 ,0x00 ,0x00 ,0x00
 ,0x00 ,0x00 ,0x00 ,0x00 ,0x00 ,0x00 ,0x00 ,0x00
 ,0x00 ,0x00 ,0x00 ,0x00 ,0x00 ,0x00 ,0x00 ,0x00
 ,0x00 ,0x00 ,0x00 ,0x00 ,0x00 ,0x00 ,0x00 ,0x00
 ,0x00 ,0x00 ,0x00 ,0x00 ,0x00 ,0x00 ,0x00 ,0x00
 ,0x00 ,0x00 ,0x00 ,0x00 ,0x00 ,0x00 ,0x00 ,0x00
 ,0x00 ,0x00 ,0x00 ,0x00 ,0x00 ,0x00 ,0x00 ,0x00
 ,0x00 ,0x00 ,0x00 ,0x00 ,0x00 ,0x00 ,0x00 ,0x00
 ,0x00 ,0x00 ,0x00 ,0x00 ,0x00 ,0x00 ,0x00 ,0x00
 ,0x00 ,0x00 ,0x00 ,0x00 ,0x00 ,0x00 ,0x00 ,0x00
 ,0x00 ,0x00 ,0x00 ,0x00 ,0x00 ,0x00 ,0x00 ,0x00
 ,0x00 ,0x00 ,0x00 ,0x00 ,0x00 ,0x00 ,0x00 ,0x00
 ,0x00 ,0x00 ,0x00 ,0x00 ,0x00 ,0x00 ,0x00 ,0x00
 ,0x00 ,0x00 ,0x00 ,0x00 ,0x00 ,0x00 ,0x00 ,0x00
 ,0x00 ,0x00 ,0x00 ,0x00 ,0x00 ,0x00 ,0x00 ,0x00
 ,0x00 ,0x00 ,0x00 ,0x00 ,0x00 ,0x00 ,0x00 ,0x00
 ,0x00 ,0x00 ,0x00 ,0x00 ,0x00 ,0x00 ,0x00 ,0x00
 ,0x00 ,0x00 ,0x00 ,0x00 ,0x00 ,0x00 ,0x00 ,0x00
 ,0x00 ,0x00 ,0x00 ,0x00 ,0x00 ,0x00 ,0x00 ,0x00
 ,0x00 ,0x00 ,0x00 ,0x00 ,0x00 ,0x00 ,0x00 ,0x00
 ,0x00 ,0x00 ,0x00 ,0x00 ,0x00 ,0x00 ,0x00 ,0x00
 ,0x00 ,0x00 ,0x00 ,0x00 ,0x00 ,0x00 ,0x00 ,0x00
 ,0x00 ,0x00 ,0x00 ,0x00 ,0x00 ,0x00 ,0x00 ,0x00
 ,0x00 ,0x00 ,0x00 ,0x00 ,0x00 ,0x00 ,0x00 ,0x00
 ,0x00 ,0x00 ,0x00 ,0x00 ,0x00 ,0x00 ,0x00 ,0x00
 ,0x00 ,0x00 ,0x00 ,0x00 ,0x00 ,0x00 ,0x00 ,0x00
 ,0x00 ,0x00 ,0x00 ,0x00 ,0x00 ,0x00 ,0x00 ,0x00
 ,0x00 ,0x00 ,0x00 ,0x00 ,0x00 ,0x00 ,0x00 ,0x00
 ,0x00 ,0x00 ,0x00 ,0x00 ,0x00 ,0x00 ,0x00 ,0x00
 ,0x00 ,0x00 ,0x00 ,0x00 ,0x00 ,0x00 ,0x00 ,0x00
 ,0x00 ,0x00 ,0x00 ,0x00 ,0x00 ,0x00 ,0x00 ,0x00
 ,0x00 ,0x00 ,0x00 ,0x00 ,0x00 ,0x00 ,0x00 ,0x00
 ,0x00 ,0x00 ,0x00 ,0x00 ,0x00 ,0x00 ,0x00 ,0x00
 ,0x00 ,0x00 ,0x00 ,0x00 ,0x00 ,0x00 ,0x00 ,0x00
 ,0x00 ,0x00 ,0x00 ,0x00 ,0x00 ,0x00 ,0x00 ,0x00
 ,0x00 ,0x00 ,0x00 ,0x00 ,0x00 ,0x00 ,0x00 ,0x00
 ,0x00 ,0x00 ,0x00 ,0x00 ,0x00 ,0x00 ,0x00 ,0x00
 ,0x00 ,0x00 ,0x00 ,0x00 ,0x00 ,0x00 ,0x00 ,0x00
 ,0x00 ,0x00 ,0x00 ,0x00 ,0x00 ,0x00 ,0x00 ,0x00
 ,0x00 ,0x00 ,0x00 ,0x00 ,0x00 ,0x00 ,0x00 ,0x00
 ,0x00 ,0x00 ,0x00 ,0x00 ,0x00 ,0x00 ,0x00 ,0x00
 ,0x00 ,0x00 ,0x00 ,0x00 ,0x00 ,0x00 ,0x00 ,0x00
 ,0x00 ,0x00 ,0x00 ,0x00 ,0x00 ,0x00 ,0x00 ,0x00
 ,0x00 ,0x00 ,0x00 ,0x00 ,0x00 ,0x00 ,0x00 ,0x00
 ,0x00 ,0x00 ,0x00 ,0x00 ,0x00 ,0x00 ,0x00 ,0x00
 ,0x00 ,0x00 ,0x00 ,0x00 ,0x00 ,0x00 ,0x00 ,0x00
 ,0x00 ,0x00 ,0x00 ,0x00 ,0x00 ,0x00 ,0x00 ,0x00
 ,0x00 ,0x00 ,0x00 ,0x00 ,0x00 ,0x00 ,0x00 ,0x00
 ,0x00 ,0x00 ,0x00 ,0x00 ,0x00 ,0x00 ,0x00 ,0x00
 ,0x00 ,0x00 ,0x00 ,0x00 ,0x00 ,0x00 ,0x00 ,0x00
 ,0x00 ,0x00 ,0x00 ,0x00 ,0x00 ,0x00 ,0x00 ,0x00
 ,0x00 ,0x00 ,0x00 ,0x00 ,0x00 ,0x00 ,0x00 ,0x00
 ,0x00 ,0x00 ,0x00 ,0x00 ,0x00 ,0x00 ,0x00 ,0x00
 ,0x00 ,0x00 ,0x00 ,0x00 ,0x00 ,0x00 ,0x00 ,0x00
 ,0x00 ,0x00 ,0x00 ,0x00 ,0x00 ,0x00 ,0x00 ,0x00
 ,0x00 ,0x00 ,0x00 ,0x00 ,0x00 ,0x00 ,0x00 ,0x00
 ,0x00 ,0x00 ,0x00 ,0x00 ,0x00 ,0x00 ,0x00 ,0x00
 ,0x00 ,0x00 ,0x00 ,0x00 ,0x00 ,0x00 ,0x00 ,0x00
 ,0x00 ,0x00 ,0x00 ,0x00 ,0x00 ,0x00 ,0x00 ,0x00
 ,0x00 ,0x00 ,0x00 ,0x00 ,0x00 ,0x00 ,0x00 ,0x00
 ,0x00 ,0x00 ,0x00 ,0x00 ,0x00 ,0x00 ,0x00 ,0x00
 ,0x00 ,0x00 ,0x00 ,0x00 ,0x00 ,0x00 ,0x00 ,0x00
 ,0x00 ,0x00 ,0x00 ,0x00 ,0x00 ,0x00 ,0x00 ,0x00
 ,0x00 ,0x00 ,0x00 ,0x00 ,0x00 ,0x00 ,0x00 ,0x00
 ,0x00 ,0x00 ,0x00 ,0x00 ,0x00 ,0x00 ,0x00 ,0x00
 ,0x00 ,0x00 ,0x00 ,0x00 ,0x00 ,0x00 ,0x00 ,0x00
 ,0x00 ,0x00 ,0x00 ,0x00 ,0x00 ,0x00 ,0x00 ,0x00
 ,0x00 ,0x00 ,0x00 ,0x00 ,0x00 ,0x00 ,0x00 ,0x00
 ,0x00 ,0x00 ,0x00 ,0x00 ,0x00 ,0x00 ,0x00 ,0x00
 ,0x00 ,0x00 ,0x00 ,0x00 ,0x00 ,0x00 ,0x00 ,0x00
 ,0x00 ,0x00 ,0x00 ,0x00 ,0x00 ,0x00 ,0x00 ,0x00
 ,0x00 ,0x00 ,0x00 ,0x00 ,0x00 ,0x00 ,0x00 ,0x00
 ,0x00 ,0x00 ,0x00 ,0x00 ,0x00 ,0x00 ,0x00 ,0x00
 ,0x00 ,0x00 ,0x00 ,0x00 ,0x00 ,0x00 ,0x00 ,0x00
 ,0x00 ,0x00 ,0x00 ,0x00 ,0x00 ,0x00 ,0x00 ,0x00
 ,0x00 ,0x00 ,0x00 ,0x00 ,0x00 ,0x00 ,0x00 ,0x00
 ,0x00 ,0x00 ,0x00 ,0x00 ,0x00 ,0x00 ,0x00 ,0x00
 ,0x00 ,0x00 ,0x00 ,0x00 ,0x00 ,0x00 ,0x00 ,0x00
 ,0x00 ,0x00 ,0x00 ,0x00 ,0x00 ,0x00 ,0x00 ,0x00
 ,0x00 ,0x00 ,0x00 ,0x00 ,0x00 ,0x00 ,0x00 ,0x00
 ,0x00 ,0x00 ,0x00 ,0x00 ,0x00 ,0x00 ,0x00 ,0x00
 ,0x00 ,0x00 ,0x00 ,0x00 ,0x00 ,0x00 ,0x00 ,0x00
 ,0x00 ,0x00 ,0x00 ,0x00 ,0x00 ,0x00 ,0x00 ,0x00
 ,0x00 ,0x00 ,0x00 ,0x00 ,0x00 ,0x00 ,0x00 ,0x00
 ,0x00 ,0x00 ,0x00 ,0x00 ,0x00 ,0x00 ,0x00 ,0x00
 ,0x00 ,0x00 ,0x00 ,0x00 ,0x00 ,0x00 ,0x00 ,0x00
 ,0x00 ,0x00 ,0x00 ,0x00 ,0x00 ,0x00 ,0x00 ,0x00
 ,0x00 ,0x00 ,0x00 ,0x00 ,0x00 ,0x00 ,0x00 ,0x00
 ,0x00 ,0x00 ,0x00 ,0x00 ,0x00 ,0x00 ,0x00 ,0x00
 ,0x00 ,0x00 ,0x00 ,0x00 ,0x00 ,0x00 ,0x00 ,0x00
 ,0x00 ,0x00 ,0x00 ,0x00 ,0x00 ,0x00 ,0x00 ,0x00
 ,0x00 ,0x00 ,0x00 ,0x00 ,0x00 ,0x00 ,0x00 ,0x00
 ,0x00 ,0x00 ,0x00 ,0x00 ,0x00 ,0x00 ,0x00 ,0x00
 ,0x00 ,0x00 ,0x00 ,0x00 ,0x00 ,0x00 ,0x00 ,0x00
 ,0x00 ,0x00 ,0x00 ,0x00 ,0x00 ,0x00 ,0x00 ,0x00
 ,0x00 ,0x00 ,0x00 ,0x00 ,0x00 ,0x00 ,0x00 ,0x00
 ,0x00 ,0x00 ,0x00 ,0x00 ,0x00 ,0x00 ,0x00 ,0x00
 ,0x00 ,0x00 ,0x00 ,0x00 ,0x00 ,0x00 ,0x00 ,0x00
 ,0x00 ,0x00 ,0x00 ,0x00 ,0x00 ,0x00 ,0x00 ,0x00
 ,0x00 ,0x00 ,0x00 ,0x00 ,0x00 ,0x00 ,0x00 ,0x00
 ,0x00 ,0x00 ,0x00 ,0x00 ,0x00 ,0x00 ,0x00 ,0x00
 ,0x00 ,0x00 ,0x00 ,0x00 ,0x00 ,0x00 ,0x00 ,0x00
 ,0x00 ,0x00 ,0x00 ,0x00 ,0x00 ,0x00 ,0x00 ,0x00
 ,0x00 ,0x00 ,0x00 ,0x00 ,0x00 ,0x00 ,0x00 ,0x00
 ,0x00 ,0x00 ,0x00 ,0x00 ,0x00 ,0x00 ,0x00 ,0x00
 ,0x00 ,0x00 ,0x00 ,0x00 ,0x00 ,0x00 ,0x00 ,0x00
 ,0x00 ,0x00 ,0x00 ,0x00 ,0x00 ,0x00 ,0x00 ,0x00
 ,0x00 ,0x00 ,0x00 ,0x00 ,0x00 ,0x00 ,0x00 ,0x00
 ,0x00 ,0x00 ,0x00 ,0x00 ,0x00 ,0x00 ,0x00 ,0x00
 ,0x00 ,0x00 ,0x00 ,0x00 ,0x00 ,0x00 ,0x00 ,0x00
 ,0x00 ,0x00 ,0x00 ,0x00 ,0x00 ,0x00 ,0x00 ,0x00
 ,0x00 ,0x00 ,0x00 ,0x00 ,0x00 ,0x00 ,0x00 ,0x00
 ,0x00 ,0x00 ,0x00 ,0x00 ,0x00 ,0x00 ,0x00 ,0x00
 ,0x00 ,0x00 ,0x00 ,0x00 ,0x00 ,0x00 ,0x00 ,0x00
 ,0x00 ,0x00 ,0x00 ,0x00 ,0x00 ,0x00 ,0x00 ,0x00
 ,0x00 ,0x00 ,0x00 ,0x00 ,0x00 ,0x00 ,0x00 ,0x00
 ,0x00 ,0x00 ,0x00 ,0x00 ,0x00 ,0x00 ,0x00 ,0x00
 ,0x00 ,0x00 ,0x00 ,0x00 ,0x00 ,0x00 ,0x00 ,0x00
 ,0x00 ,0x00 ,0x00 ,0x00 ,0x00 ,0x00 ,0x00 ,0x00
 ,0x00 ,0x00 ,0x00 ,0x00 ,0x00 ,0x00 ,0x00 ,0x00
 ,0x00 ,0x00 ,0x00 ,0x00 ,0x00 ,0x00 ,0x00 ,0x00
 ,0x00 ,0x00 ,0x00 ,0x00 ,0x00 ,0x00 ,0x00 ,0x00
 ,0x00 ,0x00 ,0x00 ,0x00 ,0x00 ,0x00 ,0x00 ,0x00
 ,0x00 ,0x00 ,0x00 ,0x00 ,0x00 ,0x00 ,0x00 ,0x00
 ,0x00 ,0x00 ,0x00 ,0x00 ,0x00 ,0x00 ,0x00 ,0x00
 ,0x00 ,0x00 ,0x00 ,0x00 ,0x00


 /* EFS file:  qp_ims_xcap_common_config , Size = 1025 bytes 
   Path on Disk: /nv/item_files/ims/qp_ims_xcap_common_config */ 

 ,0x3E ,0x04 ,0x00 ,0x00 ,0x02 ,0x19 ,0x00 ,0x00
 ,0x01, 0x00 ,0x2D ,0x00 ,0x2F ,0x6E ,0x76 ,0x2F
 ,0x69 ,0x74 ,0x65 ,0x6D ,0x5F ,0x66 ,0x69 ,0x6C
 ,0x65 ,0x73 ,0x2F ,0x69 ,0x6D ,0x73 ,0x2F ,0x71
 ,0x70 ,0x5F ,0x69 ,0x6D ,0x73 ,0x5F ,0x78 ,0x63
 ,0x61 ,0x70 ,0x5F ,0x63 ,0x6F ,0x6D ,0x6D ,0x6F
 ,0x6E ,0x5F ,0x63 ,0x6F ,0x6E ,0x66 ,0x69 ,0x67
 ,0x00
 ,0x02 ,0x00 ,0x01 ,0x04 ,0x07 ,0x00 ,0x00 ,0x00
 ,0x00 ,0x00 ,0x00 ,0x00 ,0x00 ,0x00 ,0x00 ,0x00
 ,0x00 ,0x00 ,0x00 ,0x00 ,0x00 ,0x00 ,0x00 ,0x00
 ,0x00 ,0x00 ,0x00 ,0x00 ,0x00 ,0x00 ,0x00 ,0x00
 ,0x00 ,0x00 ,0x00 ,0x00 ,0x00 ,0x00 ,0x00 ,0x00
 ,0x00 ,0x00 ,0x00 ,0x00 ,0x00 ,0x00 ,0x00 ,0x00
 ,0x00 ,0x00 ,0x00 ,0x00 ,0x00 ,0x00 ,0x00 ,0x00
 ,0x00 ,0x00 ,0x00 ,0x00 ,0x00 ,0x00 ,0x00 ,0x00
 ,0x00 ,0x00 ,0x00 ,0x00 ,0x00 ,0x00 ,0x00 ,0x00
 ,0x00 ,0x00 ,0x00 ,0x00 ,0x00 ,0x00 ,0x00 ,0x00
 ,0x00 ,0x00 ,0x00 ,0x00 ,0x00 ,0x00 ,0x00 ,0x00
 ,0x00 ,0x00 ,0x00 ,0x00 ,0x00 ,0x00 ,0x00 ,0x00
 ,0x00 ,0x00 ,0x00 ,0x00 ,0x00 ,0x00 ,0x00 ,0x00
 ,0x00 ,0x00 ,0x06 ,0x00 ,0x00 ,0x00 ,0x00 ,0x00
 ,0x00 ,0x00 ,0x00 ,0x00 ,0x00 ,0x00 ,0x00 ,0x00
 ,0x00 ,0x00 ,0x00 ,0x00 ,0x00 ,0x00 ,0x00 ,0x00
 ,0x00 ,0x00 ,0x00 ,0x00 ,0x00 ,0x00 ,0x00 ,0x00
 ,0x00 ,0x00 ,0x00 ,0x00 ,0x00 ,0x00 ,0x00 ,0x00
 ,0x00 ,0x00 ,0x00 ,0x00 ,0x00 ,0x00 ,0x00 ,0x00
 ,0x00 ,0x00 ,0x00 ,0x00 ,0x00 ,0x00 ,0x00 ,0x00
 ,0x00 ,0x00 ,0x00 ,0x00 ,0x00 ,0x00 ,0x00 ,0x00
 ,0x00 ,0x00 ,0x00 ,0x00 ,0x00 ,0x00 ,0x00 ,0x00
 ,0x00 ,0x00 ,0x00 ,0x00 ,0x00 ,0x00 ,0x00 ,0x00
 ,0x00 ,0x00 ,0x00 ,0x00 ,0x00 ,0x00 ,0x00 ,0x00
 ,0x00 ,0x00 ,0x00 ,0x00 ,0x00 ,0x00 ,0x00 ,0x00
 ,0x00 ,0x00 ,0x00 ,0x00 ,0x00 ,0x00 ,0x00 ,0x00
 ,0x00 ,0x00 ,0x00 ,0x00 ,0x00 ,0x00 ,0x00 ,0x00
 ,0x00 ,0x00 ,0x00 ,0x00 ,0x00 ,0x00 ,0x00 ,0x00
 ,0x00 ,0x00 ,0x00 ,0x00 ,0x00 ,0x00 ,0x00 ,0x00
 ,0x00 ,0x00 ,0x00 ,0x00 ,0x00 ,0x00 ,0x00 ,0x00
 ,0x00 ,0x00 ,0x00 ,0x00 ,0x00 ,0x00 ,0x00 ,0x00
 ,0x00 ,0x00 ,0x00 ,0x00 ,0x00 ,0x00 ,0x00 ,0x00
 ,0x00 ,0x00 ,0x00 ,0x00 ,0x00 ,0x00 ,0x00 ,0x00
 ,0x00 ,0x00 ,0x00 ,0x00 ,0x00 ,0x00 ,0x00 ,0x00
 ,0x00 ,0x00 ,0x00 ,0x00 ,0x00 ,0x00 ,0x00 ,0x00
 ,0x00 ,0x00 ,0x00 ,0x00 ,0x00 ,0x00 ,0x00 ,0x00
 ,0x00 ,0x00 ,0x00 ,0x00 ,0x00 ,0x00 ,0x00 ,0x00
 ,0x00 ,0x00 ,0x00 ,0x00 ,0x00 ,0x00 ,0x00 ,0x00
 ,0x00 ,0x00 ,0x00 ,0x00 ,0x00 ,0x00 ,0x00 ,0x00
 ,0x00 ,0x00 ,0x00 ,0x00 ,0x00 ,0x00 ,0x00 ,0x00
 ,0x00 ,0x00 ,0x00 ,0x00 ,0x00 ,0x00 ,0x00 ,0x00
 ,0x00 ,0x00 ,0x00 ,0x00 ,0x00 ,0x00 ,0x00 ,0x00
 ,0x00 ,0x00 ,0x00 ,0x00 ,0x00 ,0x00 ,0x00 ,0x00
 ,0x00 ,0x00 ,0x00 ,0x00 ,0x00 ,0x00 ,0x00 ,0x00
 ,0x00 ,0x00 ,0x00 ,0x00 ,0x00 ,0x00 ,0x00 ,0x00
 ,0x00 ,0x00 ,0x00 ,0x00 ,0x00 ,0x00 ,0x00 ,0x00
 ,0x00 ,0x00 ,0x00 ,0x00 ,0x00 ,0x00 ,0x00 ,0x00
 ,0x00 ,0x00 ,0x00 ,0x00 ,0x00 ,0x00 ,0x00 ,0x00
 ,0x00 ,0x00 ,0x00 ,0x00 ,0x00 ,0x00 ,0x00 ,0x00
 ,0x00 ,0x00 ,0x00 ,0x00 ,0x00 ,0x00 ,0x00 ,0x00
 ,0x00 ,0x00 ,0x00 ,0x00 ,0x00 ,0x00 ,0x00 ,0x00
 ,0x00 ,0x00 ,0x00 ,0x00 ,0x00 ,0x00 ,0x00 ,0x00
 ,0x00 ,0x00 ,0x00 ,0x00 ,0x00 ,0x00 ,0x00 ,0x00
 ,0x00 ,0x00 ,0x00 ,0x00 ,0x00 ,0x00 ,0x00 ,0x00
 ,0x00 ,0x00 ,0x00 ,0x00 ,0x00 ,0x00 ,0x00 ,0x00
 ,0x00 ,0x00 ,0x00 ,0x00 ,0x00 ,0x00 ,0x00 ,0x00
 ,0x00 ,0x00 ,0x00 ,0x00 ,0x00 ,0x00 ,0x00 ,0x00
 ,0x00 ,0x00 ,0x00 ,0x00 ,0x00 ,0x00 ,0x00 ,0x00
 ,0x00 ,0x00 ,0x00 ,0x00 ,0x00 ,0x00 ,0x00 ,0x00
 ,0x00 ,0x00 ,0x00 ,0x00 ,0x00 ,0x00 ,0x00 ,0x00
 ,0x00 ,0x00 ,0x00 ,0x00 ,0x00 ,0x00 ,0x00 ,0x00
 ,0x00 ,0x00 ,0x00 ,0x00 ,0x00 ,0x00 ,0x00 ,0x00
 ,0x00 ,0x00 ,0x00 ,0x00 ,0x00 ,0x00 ,0x00 ,0x00
 ,0x00 ,0x00 ,0x00 ,0x00 ,0x00 ,0x00 ,0x00 ,0x00
 ,0x00 ,0x00 ,0x00 ,0x00 ,0x00 ,0x00 ,0x00 ,0x00
 ,0x00 ,0x00 ,0x00 ,0x00 ,0x00 ,0x00 ,0x00 ,0x00
 ,0x00 ,0x00 ,0x00 ,0x00 ,0x00 ,0x00 ,0x00 ,0x00
 ,0x00 ,0x00 ,0x00 ,0x00 ,0x00 ,0x00 ,0x00 ,0x00
 ,0x00 ,0x00 ,0x00 ,0x00 ,0x00 ,0x00 ,0x00 ,0x00
 ,0x00 ,0x00 ,0x00 ,0x00 ,0x00 ,0x00 ,0x00 ,0x00
 ,0x00 ,0x00 ,0x00 ,0x00 ,0x00 ,0x00 ,0x00 ,0x00
 ,0x00 ,0x00 ,0x00 ,0x00 ,0x00 ,0x00 ,0x00 ,0x00
 ,0x00 ,0x00 ,0x00 ,0x00 ,0x00 ,0x00 ,0x00 ,0x00
 ,0x00 ,0x00 ,0x00 ,0x00 ,0x00 ,0x00 ,0x00 ,0x00
 ,0x00 ,0x00 ,0x00 ,0x00 ,0x00 ,0x00 ,0x00 ,0x00
 ,0x00 ,0x00 ,0x00 ,0x00 ,0x00 ,0x00 ,0x00 ,0x00
 ,0x00 ,0x00 ,0x00 ,0x00 ,0x00 ,0x00 ,0x00 ,0x00
 ,0x00 ,0x00 ,0x00 ,0x00 ,0x00 ,0x00 ,0x00 ,0x00
 ,0x00 ,0x00 ,0x00 ,0x00 ,0x00 ,0x00 ,0x00 ,0x00
 ,0x00 ,0x00 ,0x00 ,0x00 ,0x00 ,0x00 ,0x00 ,0x00
 ,0x00 ,0x00 ,0x00 ,0x00 ,0x00 ,0x00 ,0x00 ,0x00
 ,0x00 ,0x00 ,0x00 ,0x00 ,0x00 ,0x00 ,0x00 ,0x00
 ,0x00 ,0x00 ,0x00 ,0x00 ,0x00 ,0x00 ,0x00 ,0x00
 ,0x00 ,0x00 ,0x00 ,0x00 ,0x00 ,0x00 ,0x00 ,0x00
 ,0x00 ,0x00 ,0x00 ,0x00 ,0x00 ,0x00 ,0x00 ,0x00
 ,0x00 ,0x00 ,0x00 ,0x00 ,0x00 ,0x00 ,0x00 ,0x00
 ,0x00 ,0x00 ,0x00 ,0x00 ,0x00 ,0x00 ,0x00 ,0x00
 ,0x00 ,0x00 ,0x00 ,0x00 ,0x00 ,0x00 ,0x00 ,0x00
 ,0x00 ,0x00 ,0x00 ,0x00 ,0x00 ,0x00 ,0x00 ,0x00
 ,0x00 ,0x00 ,0x00 ,0x00 ,0x00 ,0x00 ,0x00 ,0x00
 ,0x00 ,0x00 ,0x00 ,0x00 ,0x00 ,0x00 ,0x00 ,0x00
 ,0x00 ,0x00 ,0x00 ,0x00 ,0x00 ,0x00 ,0x00 ,0x00
 ,0x00 ,0x00 ,0x00 ,0x00 ,0x00 ,0x00 ,0x00 ,0x00
 ,0x00 ,0x00 ,0x00 ,0x00 ,0x00 ,0x00 ,0x00 ,0x00
 ,0x00 ,0x00 ,0x00 ,0x00 ,0x00 ,0x00 ,0x00 ,0x00
 ,0x00 ,0x00 ,0x00 ,0x00 ,0x00 ,0x00 ,0x00 ,0x00
 ,0x00 ,0x00 ,0x00 ,0x00 ,0x00 ,0x00 ,0x00 ,0x00
 ,0x00 ,0x00 ,0x00 ,0x00 ,0x00 ,0x00 ,0x00 ,0x00
 ,0x00 ,0x00 ,0x00 ,0x00 ,0x00 ,0x00 ,0x00 ,0x00
 ,0x00 ,0x00 ,0x00 ,0x00 ,0x00 ,0x00 ,0x00 ,0x00
 ,0x00 ,0x00 ,0x00 ,0x00 ,0x00 ,0x00 ,0x00 ,0x00
 ,0x00 ,0x00 ,0x00 ,0x00 ,0x00 ,0x00 ,0x00 ,0x00
 ,0x00 ,0x00 ,0x00 ,0x00 ,0x00 ,0x00 ,0x00 ,0x00
 ,0x00 ,0x00 ,0x00 ,0x00 ,0x00 ,0x00 ,0x00 ,0x00
 ,0x00 ,0x00 ,0x00 ,0x00 ,0x00 ,0x00 ,0x00 ,0x00
 ,0x00 ,0x00 ,0x00 ,0x00 ,0x00 ,0x00 ,0x00 ,0x00
 ,0x00 ,0x00 ,0x00 ,0x00 ,0x00 ,0x00 ,0x00 ,0x00
 ,0x00 ,0x00 ,0x00 ,0x00 ,0x00 ,0x00 ,0x00 ,0x00
 ,0x00 ,0x00 ,0x00 ,0x00 ,0x00 ,0x00 ,0x00 ,0x00
 ,0x00 ,0x00 ,0x00 ,0x00 ,0x00 ,0x00 ,0x00 ,0x00
 ,0x00 ,0x00 ,0x00 ,0x00 ,0x00 ,0x00 ,0x00 ,0x00
 ,0x00 ,0x00 ,0x00 ,0x00 ,0x00 ,0x00 ,0x00 ,0x00
 ,0x00 ,0x00 ,0x00 ,0x00 ,0x00 ,0x00 ,0x00 ,0x00
 ,0x00 ,0x00 ,0x00 ,0x00 ,0x00 ,0x00 ,0x00 ,0x00
 ,0x00 ,0x00 ,0x00 ,0x00 ,0x00 ,0x00 ,0x00 ,0x00
 ,0x00 ,0x00 ,0x00 ,0x00 ,0x00 ,0x00 ,0x00 ,0x00
 ,0x00 ,0x00 ,0x00 ,0x00 ,0x00 ,0x00 ,0x00 ,0x00
 ,0x00 ,0x00 ,0x00 ,0x00 ,0x00 ,0x00 ,0x00 ,0x00
 ,0x00 ,0x00 ,0x00 ,0x00 ,0x00 ,0x00 ,0x00 ,0x00
 ,0x00 ,0x00 ,0x00 ,0x00 ,0x00 ,0x00 ,0x00 ,0x00
 ,0x00 ,0x00 ,0x00 ,0x00 ,0x00 ,0x00 ,0x00 ,0x00
 ,0x00 ,0x00 ,0x00 ,0x00 ,0x00 ,0x00 ,0x00 ,0x00
 ,0x00 ,0x00 ,0x00 ,0x00 ,0x00 ,0x00 ,0x00 ,0x00
 ,0x00 ,0x00 ,0x00 ,0x00 ,0x00 ,0x00 ,0x00 ,0x00
 ,0x00 ,0x00 ,0x00 ,0x00 ,0x00 ,0x00 ,0x00 ,0x00
 ,0x00 ,0x00 ,0x00 ,0x00 ,0x00 ,0x00 ,0x00 ,0x00
 ,0x00 ,0x00 ,0x00 ,0x00 ,0x00 ,0x00 ,0x00 ,0x00
 ,0x00 ,0x00 ,0x00 ,0x00 ,0x00 ,0x00 ,0x00 ,0x00
 ,0x00 ,0x00 ,0x00 ,0x00 ,0x00


 /* EFS file:  qp_ims_ut_config_item , Size = 1025 bytes 
   Path on Disk: /nv/item_files/ims/qp_ims_ut_config_item */ 

 ,0x3A ,0x04 ,0x00 ,0x00 ,0x02 ,0x19 ,0x00 ,0x00
 ,0x01, 0x00 ,0x29 ,0x00 ,0x2F ,0x6E ,0x76 ,0x2F
 ,0x69 ,0x74 ,0x65 ,0x6D ,0x5F ,0x66 ,0x69 ,0x6C
 ,0x65 ,0x73 ,0x2F ,0x69 ,0x6D ,0x73 ,0x2F ,0x71
 ,0x70 ,0x5F ,0x69 ,0x6D ,0x73 ,0x5F ,0x75 ,0x74
 ,0x5F ,0x63 ,0x6F ,0x6E ,0x66 ,0x69 ,0x67 ,0x5F
 ,0x69 ,0x74 ,0x65 ,0x6D ,0x00
 ,0x02 ,0x00 ,0x01 ,0x04 ,0x07 ,0x00 ,0x00 ,0x00
 ,0x00 ,0x00 ,0x00 ,0x00 ,0x00 ,0x00 ,0x00 ,0x00
 ,0x00 ,0x00 ,0x00 ,0x00 ,0x00 ,0x00 ,0x00 ,0x00
 ,0x00 ,0x00 ,0x00 ,0x00 ,0x00 ,0x00 ,0x00 ,0x00
 ,0x00 ,0x00 ,0x00 ,0x00 ,0x00 ,0x00 ,0x00 ,0x00
 ,0x00 ,0x00 ,0x00 ,0x00 ,0x00 ,0x00 ,0x00 ,0x00
 ,0x00 ,0x00 ,0x00 ,0x00 ,0x00 ,0x00 ,0x00 ,0x00
 ,0x00 ,0x00 ,0x00 ,0x00 ,0x00 ,0x00 ,0x00 ,0x00
 ,0x00 ,0x00 ,0x00 ,0x00 ,0x00 ,0x00 ,0x00 ,0x00
 ,0x00 ,0x00 ,0x00 ,0x00 ,0x00 ,0x00 ,0x00 ,0x00
 ,0x00 ,0x00 ,0x00 ,0x00 ,0x00 ,0x00 ,0x00 ,0x00
 ,0x00 ,0x00 ,0x00 ,0x00 ,0x00 ,0x00 ,0x00 ,0x00
 ,0x00 ,0x00 ,0x00 ,0x00 ,0x00 ,0x00 ,0x00 ,0x00
 ,0x00 ,0x00 ,0x00 ,0x00 ,0x00 ,0x00 ,0x00 ,0x00
 ,0x00 ,0x00 ,0x00 ,0x00 ,0x00 ,0x00 ,0x00 ,0x00
 ,0x00 ,0x00 ,0x00 ,0x00 ,0x00 ,0x00 ,0x00 ,0x00
 ,0x00 ,0x00 ,0x00 ,0x00 ,0x00 ,0x00 ,0x00 ,0x00
 ,0x00 ,0x00 ,0x00 ,0x00 ,0x00 ,0x00 ,0x00 ,0x00
 ,0x00 ,0x00 ,0x00 ,0x00 ,0x00 ,0x00 ,0x00 ,0x00
 ,0x00 ,0x00 ,0x00 ,0x00 ,0x00 ,0x00 ,0x00 ,0x00
 ,0x00 ,0x00 ,0x00 ,0x00 ,0x00 ,0x00 ,0x00 ,0x00
 ,0x00 ,0x00 ,0x00 ,0x00 ,0x00 ,0x00 ,0x00 ,0x00
 ,0x00 ,0x00 ,0x00 ,0x00 ,0x00 ,0x00 ,0x00 ,0x00
 ,0x00 ,0x00 ,0x00 ,0x00 ,0x00 ,0x00 ,0x00 ,0x00
 ,0x00 ,0x00 ,0x00 ,0x00 ,0x00 ,0x00 ,0x00 ,0x00
 ,0x00 ,0x00 ,0x00 ,0x00 ,0x00 ,0x00 ,0x00 ,0x00
 ,0x00 ,0x00 ,0x00 ,0x00 ,0x00 ,0x00 ,0x00 ,0x00
 ,0x00 ,0x00 ,0x00 ,0x00 ,0x00 ,0x00 ,0x00 ,0x00
 ,0x00 ,0x00 ,0x00 ,0x00 ,0x00 ,0x00 ,0x00 ,0x00
 ,0x00 ,0x00 ,0x00 ,0x00 ,0x00 ,0x00 ,0x00 ,0x00
 ,0x00 ,0x00 ,0x00 ,0x00 ,0x00 ,0x00 ,0x00 ,0x00
 ,0x00 ,0x00 ,0x00 ,0x00 ,0x00 ,0x00 ,0x00 ,0x00
 ,0x00 ,0x00 ,0x00 ,0x00 ,0x00 ,0x00 ,0x73 ,0x69
 ,0x6D ,0x73 ,0x65 ,0x72 ,0x76 ,0x73 ,0x2E ,0x6E
 ,0x67 ,0x6E ,0x2E ,0x65 ,0x74 ,0x73 ,0x69 ,0x2E
 ,0x6F ,0x72 ,0x67 ,0x00 ,0x00 ,0x00 ,0x00 ,0x00
 ,0x00 ,0x00 ,0x00 ,0x00 ,0x00 ,0x00 ,0x00 ,0x00
 ,0x00 ,0x00 ,0x00 ,0x00 ,0x00 ,0x00 ,0x00 ,0x00
 ,0x00 ,0x00 ,0x00 ,0x00 ,0x00 ,0x00 ,0x00 ,0x00
 ,0x00 ,0x00 ,0x00 ,0x00 ,0x00 ,0x00 ,0x00 ,0x00
 ,0x00 ,0x00 ,0x00 ,0x00 ,0x00 ,0x00 ,0x00 ,0x00
 ,0x00 ,0x00 ,0x00 ,0x00 ,0x00 ,0x00 ,0x00 ,0x00
 ,0x00 ,0x00 ,0x00 ,0x00 ,0x00 ,0x00 ,0x00 ,0x00
 ,0x00 ,0x00 ,0x00 ,0x00 ,0x00 ,0x00 ,0x00 ,0x00
 ,0x00 ,0x00 ,0x00 ,0x00 ,0x00 ,0x00 ,0x00 ,0x00
 ,0x00 ,0x00 ,0x00 ,0x00 ,0x00 ,0x00 ,0x00 ,0x00
 ,0x00 ,0x00 ,0x00 ,0x00 ,0x00 ,0x00 ,0x00 ,0x00
 ,0x00 ,0x00 ,0x00 ,0x00 ,0x00 ,0x00 ,0x00 ,0x00
 ,0x00 ,0x00 ,0x00 ,0x00 ,0x00 ,0x00 ,0x00 ,0x00
 ,0x00 ,0x00 ,0x00 ,0x00 ,0x00 ,0x00 ,0x00 ,0x00
 ,0x00 ,0x00 ,0x00 ,0x00 ,0x00 ,0x00 ,0x00 ,0x00
 ,0x00 ,0x00 ,0x00 ,0x00 ,0x00 ,0x00 ,0x00 ,0x00
 ,0x00 ,0x00 ,0x00 ,0x00 ,0x00 ,0x00 ,0x00 ,0x00
 ,0x00 ,0x00 ,0x00 ,0x00 ,0x00 ,0x00 ,0x00 ,0x00
 ,0x00 ,0x00 ,0x00 ,0x00 ,0x00 ,0x00 ,0x00 ,0x00
 ,0x00 ,0x00 ,0x00 ,0x00 ,0x00 ,0x00 ,0x00 ,0x00
 ,0x00 ,0x00 ,0x00 ,0x00 ,0x00 ,0x00 ,0x00 ,0x00
 ,0x00 ,0x00 ,0x00 ,0x00 ,0x00 ,0x00 ,0x00 ,0x00
 ,0x00 ,0x00 ,0x00 ,0x00 ,0x00 ,0x00 ,0x00 ,0x00
 ,0x00 ,0x00 ,0x00 ,0x00 ,0x00 ,0x00 ,0x00 ,0x00
 ,0x00 ,0x00 ,0x00 ,0x00 ,0x00 ,0x00 ,0x00 ,0x00
 ,0x00 ,0x00 ,0x00 ,0x00 ,0x00 ,0x00 ,0x00 ,0x00
 ,0x00 ,0x00 ,0x00 ,0x00 ,0x00 ,0x00 ,0x00 ,0x00
 ,0x00 ,0x00 ,0x00 ,0x00 ,0x00 ,0x00 ,0x00 ,0x00
 ,0x00 ,0x00 ,0x00 ,0x00 ,0x00 ,0x00 ,0x00 ,0x00
 ,0x00 ,0x00 ,0x00 ,0x00 ,0x00 ,0x00 ,0x00 ,0x00
 ,0x00 ,0x00 ,0x00 ,0x00 ,0x00 ,0x00 ,0x00 ,0x00
 ,0x00 ,0x00 ,0x00 ,0x00 ,0x00 ,0x00 ,0x00 ,0x00
 ,0x00 ,0x00 ,0x00 ,0x00 ,0x00 ,0x00 ,0x00 ,0x00
 ,0x00 ,0x00 ,0x00 ,0x00 ,0x00 ,0x00 ,0x00 ,0x00
 ,0x00 ,0x00 ,0x00 ,0x00 ,0x00 ,0x00 ,0x00 ,0x00
 ,0x00 ,0x00 ,0x00 ,0x00 ,0x00 ,0x00 ,0x00 ,0x00
 ,0x00 ,0x00 ,0x00 ,0x00 ,0x00 ,0x00 ,0x00 ,0x00
 ,0x00 ,0x00 ,0x00 ,0x00 ,0x00 ,0x00 ,0x00 ,0x00
 ,0x00 ,0x00 ,0x00 ,0x00 ,0x00 ,0x00 ,0x00 ,0x00
 ,0x00 ,0x00 ,0x00 ,0x00 ,0x00 ,0x00 ,0x00 ,0x00
 ,0x00 ,0x00 ,0x00 ,0x00 ,0x00 ,0x00 ,0x00 ,0x00
 ,0x00 ,0x00 ,0x00 ,0x00 ,0x00 ,0x00 ,0x00 ,0x00
 ,0x00 ,0x00 ,0x00 ,0x00 ,0x00 ,0x00 ,0x00 ,0x00
 ,0x00 ,0x00 ,0x00 ,0x00 ,0x00 ,0x00 ,0x00 ,0x00
 ,0x00 ,0x00 ,0x00 ,0x00 ,0x00 ,0x00 ,0x00 ,0x00
 ,0x00 ,0x00 ,0x00 ,0x00 ,0x00 ,0x00 ,0x00 ,0x00
 ,0x00 ,0x00 ,0x00 ,0x00 ,0x00 ,0x00 ,0x00 ,0x00
 ,0x00 ,0x00 ,0x00 ,0x00 ,0x00 ,0x00 ,0x00 ,0x00
 ,0x00 ,0x00 ,0x00 ,0x00 ,0x00 ,0x00 ,0x00 ,0x00
 ,0x00 ,0x00 ,0x00 ,0x00 ,0x00 ,0x00 ,0x00 ,0x00
 ,0x00 ,0x00 ,0x00 ,0x00 ,0x00 ,0x00 ,0x00 ,0x00
 ,0x00 ,0x00 ,0x00 ,0x00 ,0x00 ,0x00 ,0x00 ,0x00
 ,0x00 ,0x00 ,0x00 ,0x00 ,0x00 ,0x00 ,0x00 ,0x00
 ,0x00 ,0x00 ,0x00 ,0x00 ,0x00 ,0x00 ,0x00 ,0x00
 ,0x00 ,0x00 ,0x00 ,0x00 ,0x00 ,0x00 ,0x00 ,0x00
 ,0x00 ,0x00 ,0x00 ,0x00 ,0x00 ,0x00 ,0x00 ,0x00
 ,0x00 ,0x00 ,0x00 ,0x00 ,0x00 ,0x00 ,0x00 ,0x00
 ,0x00 ,0x00 ,0x00 ,0x00 ,0x00 ,0x00 ,0x00 ,0x00
 ,0x00 ,0x00 ,0x00 ,0x00 ,0x00 ,0x00 ,0x00 ,0x00
 ,0x00 ,0x00 ,0x00 ,0x00 ,0x00 ,0x00 ,0x00 ,0x00
 ,0x00 ,0x00 ,0x00 ,0x00 ,0x00 ,0x00 ,0x00 ,0x00
 ,0x00 ,0x00 ,0x00 ,0x00 ,0x00 ,0x00 ,0x00 ,0x00
 ,0x00 ,0x00 ,0x00 ,0x00 ,0x00 ,0x00 ,0x00 ,0x00
 ,0x00 ,0x00 ,0x00 ,0x00 ,0x00 ,0x00 ,0x00 ,0x00
 ,0x00 ,0x00 ,0x00 ,0x00 ,0x00 ,0x00 ,0x00 ,0x00
 ,0x00 ,0x00 ,0x00 ,0x00 ,0x00 ,0x00 ,0x00 ,0x00
 ,0x00 ,0x00 ,0x00 ,0x00 ,0x00 ,0x00 ,0x00 ,0x00
 ,0x00 ,0x00 ,0x00 ,0x00 ,0x00 ,0x00 ,0x00 ,0x00
 ,0x00 ,0x00 ,0x00 ,0x00 ,0x00 ,0x00 ,0x00 ,0x00
 ,0x00 ,0x00 ,0x00 ,0x00 ,0x00 ,0x00 ,0x00 ,0x00
 ,0x00 ,0x00 ,0x00 ,0x00 ,0x00 ,0x00 ,0x00 ,0x00
 ,0x00 ,0x00 ,0x00 ,0x00 ,0x00 ,0x00 ,0x00 ,0x00
 ,0x00 ,0x00 ,0x00 ,0x00 ,0x00 ,0x00 ,0x00 ,0x00
 ,0x00 ,0x00 ,0x00 ,0x00 ,0x00 ,0x00 ,0x00 ,0x00
 ,0x00 ,0x00 ,0x00 ,0x00 ,0x00 ,0x00 ,0x00 ,0x00
 ,0x00 ,0x00 ,0x00 ,0x00 ,0x00 ,0x00 ,0x00 ,0x00
 ,0x00 ,0x00 ,0x00 ,0x00 ,0x00 ,0x00 ,0x00 ,0x00
 ,0x00 ,0x00 ,0x00 ,0x00 ,0x00 ,0x00 ,0x00 ,0x00
 ,0x00 ,0x00 ,0x00 ,0x00 ,0x00 ,0x00 ,0x00 ,0x00
 ,0x00 ,0x00 ,0x00 ,0x00 ,0x00 ,0x00 ,0x00 ,0x00
 ,0x00 ,0x00 ,0x00 ,0x00 ,0x00 ,0x00 ,0x00 ,0x00
 ,0x00 ,0x00 ,0x00 ,0x00 ,0x00 ,0x00 ,0x00 ,0x00
 ,0x00 ,0x00 ,0x00 ,0x00 ,0x00 ,0x00 ,0x00 ,0x00
 ,0x00 ,0x00 ,0x00 ,0x00 ,0x00 ,0x00 ,0x00 ,0x00
 ,0x00 ,0x00 ,0x00 ,0x00 ,0x00 ,0x00 ,0x00 ,0x00
 ,0x00 ,0x00 ,0x00 ,0x00 ,0x00 ,0x00 ,0x00 ,0x00
 ,0x00 ,0x00 ,0x00 ,0x00 ,0x00 ,0x00 ,0x00 ,0x00
 ,0x00 ,0x00 ,0x00 ,0x00 ,0x00 ,0x00 ,0x00 ,0x00
 ,0x00 ,0x00 ,0x00 ,0x00 ,0x00 ,0x00 ,0x00 ,0x00
 ,0x00 ,0x00 ,0x00 ,0x00 ,0x00 ,0x00 ,0x00 ,0x00
 ,0x00 ,0x00 ,0x00 ,0x00 ,0x00 ,0x00 ,0x00 ,0x00
 ,0x00 ,0x00 ,0x00 ,0x00 ,0x00 ,0x00 ,0x00 ,0x00
 ,0x00 ,0x00 ,0x00 ,0x00 ,0x00


 /* MCFG Item(carrier specific): 71 , Item size: 14 */
 ,0x1A ,0x00 ,0x00 ,0x00 ,0x01 ,0x19 ,0x00 ,0x00
 ,0x47 ,0x00 ,0x0E ,0x00 ,0x07 ,0x53 ,0x57 ,0x5F
 ,0x44 ,0x45 ,0x46 ,0x41 ,0x55 ,0x4C ,0x54 ,0x00
 ,0x00 ,0x00


 /* MCFG Item(carrier specific): 850 , Item size: 4 */
 ,0x10 ,0x00 ,0x00 ,0x00 ,0x01 ,0x39 ,0x00 ,0x00
 ,0x52 ,0x03 ,0x04 ,0x00 ,0x07 ,0x00 ,0x02 ,0x00


/* Trailer Record */
 ,0x5E, 0x00, 0x00, 0x00 ,0x0A, 0x00, 0x00, 0x00
 ,0xA1 ,0x00 ,0x4E ,0x00 ,0x4D ,0x43 ,0x46 ,0x47
 ,0x5F ,0x54 ,0x52 ,0x4C ,0x00 ,0x02 ,0x00 ,0x00
 ,0x01 ,0x01 ,0x04 ,0x00 ,0x02 ,0x00 ,0xE0 ,0x08
 ,0x03 ,0x0A ,0x00 ,0x53 ,0x57 ,0x5F ,0x44 ,0x45
 ,0x46 ,0x41 ,0x55 ,0x4C ,0x54 ,0x05 ,0x04 ,0x00
 ,0x02 ,0x00 ,0xE0 ,0x08 ,0x08 ,0x20 ,0x00 ,0x14
 ,0x37 ,0xF9 ,0x24 ,0x9C ,0xE8 ,0x5D ,0x81 ,0x00
 ,0xF4 ,0xF6 ,0xEF ,0xFE ,0x0D ,0x0A ,0x85 ,0x08
 ,0x9B ,0xDF ,0x10 ,0xC8 ,0x8B ,0xD2 ,0xDC ,0xA4
 ,0x1E ,0x44 ,0x8E ,0x17 ,0xAF ,0xF4 ,0xBF ,0x09
 ,0x00 ,0x00
 ,0x00,0x5F, 0x00, 0x00, 0x00

} ; 